ip,port
2001:19f0:b400:184e:5400:6ff:fe99:df98,443
2606:cc0:11:21f1::1,8443
2606:cc0:11:2343::1,2053
2606:2040:1000:7:be24:11ff:fe32:9ebd,8443
2606:2040:1000:7:be24:11ff:feaa:2f05,443
2606:2040:1000:7:be24:11ff:fe98:95e4,8443
2606:2040:1000:7:be24:11ff:fe93:b07f,443
2001:19f0:6402:b0e:5400:6ff:fe89:e73e,8443
2606:2040:1000:7:be24:11ff:fe81:9e3e,2053
2606:2040:1000:7:be24:11ff:fefe:ec11,443
2606:2040:1000:7:be24:11ff:fe9f:4579,443
2605:7980:0:62f0::1,8443
2600:3c00::2000:e1ff:fe24:7c97,443
2607:5500:3000:153a::2,8443
2001:19f0:b400:14b1:5400:4ff:fe9e:1112,8443
2605:7980:0:6680::1,443
2001:19f0:b400:2105:5400:5ff:feb4:f9b0,8443
2606:2040:1000:7:be24:11ff:fe5c:61be,8443
2605:7980:0:66be::1,8443
2605:7980:0:615d::1,443
2606:2040:1800:22::2,8443
2606:2040:1000:7:be24:11ff:fe5a:b451,443
2606:2040:1000:7:be24:11ff:fe29:6f3d,443
2a01:8640:e::6834:49e2,443
2602:ffc8:4:b:2e6:73ff:fe57:1e0,8443
2605:7980:0:20fc::1,443
2605:e440::2:3e5,8443
2606:2040:1000:7:be24:11ff:fe21:c8cb,8443
2001:19f0:b400:2ef7:5400:6ff:fe7c:210c,443
2606:2040:1800:2f::2,443
2602:f9f3:0:2::25c,8443
2602:f9f3:0:2:cafe::a,2083
2602:f9f3:0:2::105,8443
2001:df2:c740:400::8efc:acd6,443
2001:df2:c740:400::4f7d:e334,443
2001:df2:c740:400::e82a:4f6,443
2001:19f0:5401:293f:5400:6ff:fe8d:6fd5,8443
2600:3c02::2000:a7ff:fe72:1002,443
2605:e440:24::1:26a,8443
2605:e440:3e::1e3,2083
2a00:b703:fff2:42::1,8443
2001:19f0:6000:9769:5400:6ff:fe52:d51f,443
2001:19f0:6001:3498:5400:5ff:fedf:882f,443
2001:19f0:6001:5b40:5400:6ff:fe8f:1b99,443
2001:19f0:6001:2433:5400:6ff:fe33:80a2,443
2001:19f0:6001:4166:5400:6ff:fe3f:b2f3,443
2001:19f0:6001:4c04:5400:6ff:fe8f:e03a,443
2001:19f0:6000:2016:5400:6ff:fe07:7702,443
2001:19f0:6001:487d:5400:6ff:fe9c:7c14,443
2001:19f0:6001:17c:5400:6ff:fe7a:c5d3,8443
2001:19f0:6001:57f7:5400:6ff:fe0c:1161,443
2001:19f0:6000:9ddf:5400:6ff:fe21:2c73,443
2001:19f0:6000:3a8e:5400:6ff:fe4c:a76f,443
2001:19f0:6001:43a5:5400:6ff:fe69:e187,443
2001:19f0:6000:948b:5400:5ff:feff:628a,443
2001:19f0:6001:14e2:5400:6ff:fe97:96a1,443
2001:19f0:6000:3987:5400:6ff:fe93:b5be,443
2001:19f0:6001:4593:5400:6ff:fe3d:dd6b,443
2001:19f0:6001:5509:5400:6ff:fe37:379a,443
2607:a400:4:7::2,2053
2001:19f0:6000:209b:5400:6ff:fe76:6812,443
2001:19f0:6000:2ee5:5400:6ff:fe2e:2899,443
2001:19f0:6000:2525:5400:6ff:fe4c:b7d2,443
2001:19f0:6000:2506:5400:6ff:fe93:5feb,443
2603:c020:1f:ec00:0:6d5e:73fd:948b,443
2602:f32a:20:1f00::2,443
2a11:840:64:1b::a03d:8a98,443
2001:19f0:6000:2b64:5400:6ff:fe76:4056,443
2001:19f0:6000:2318:5400:6ff:fe54:78cc,443
2001:19f0:6001:b3:5400:6ff:fe17:e327,8443
2001:19f0:6001:4f84:5400:6ff:fe4a:432b,443
2001:19f0:6001:431e:5400:6ff:fe6f:64d6,443
2603:c020:22:b101:0:6765:2a58:50b3,443
2001:19f0:6001:17f:5400:6ff:fe30:ae45,443
2001:19f0:6000:33fd:5400:6ff:fe62:d65,443
2001:19f0:6000:9d73:5400:6ff:fe3a:fe2e,8443
2605:e440:5::3ac,8443
2001:19f0:6001:28b8:5400:6ff:fe0e:ea6d,443
2001:19f0:6001:3317:5400:5ff:fe70:8d50,443
2602:294:1:a18::3e,443
2001:19f0:6001:5f2a:5400:6ff:fe6e:eef0,443
2001:19f0:6000:3678:5400:5ff:fefc:316,443
2001:19f0:6001:204f:5400:6ff:fe40:7c63,443
2001:19f0:6001:44c3:5400:6ff:fe13:b6bc,443
2602:f988:210:c4f::7f4,443
2a14:7586:1a10::1,443
2607:a400:2:24::68,8443
2603:c020:13:cc00:0:543:d65d:7ded,443
2001:19f0:6000:3228:5400:6ff:fe83:d908,443
2a04:bdc7:100:7882::1,8443
2001:19f0:6000:9794:5400:6ff:fe92:4bcb,443
2603:c020:12:f73a:e65b:2bdd:4c9f:85d0,443
2001:19f0:6000:3a2f:5400:6ff:fe9c:a621,443
2001:19f0:6000:3a72:5400:6ff:fe91:f503,443
2001:19f0:6001:5daf:5400:6ff:fe25:dc44,443
2001:19f0:6001:121c:5400:6ff:fe71:eb97,443
2001:19f0:6001:42a6:5400:6ff:fe3a:362,443
2603:c020:27:5500:0:6868:6144:4e8e,2053
2001:19f0:6001:1eb3:5400:6ff:fe5c:e7eb,443
2604:6280:19f:7a::76,443
2604:4500:8:2c0:1c00:cdff:fe00:623,2087
2001:19f0:6000:95c5:5400:6ff:fe4c:e408,443
2001:19f0:6000:3dfa:5400:6ff:fe49:af7f,443
2001:19f0:6000:934e:5400:6ff:fe3d:e7f8,8443
2607:8700:5501:14b4::2,443
2001:19f0:6000:3817:5400:6ff:fe7c:3f48,443
2603:c020:1c:ce01:0:400c:eef:6771,443
2001:19f0:6001:2125:5400:6ff:fe0e:6b02,8443
2001:19f0:6000:99c5:5400:6ff:fe26:7778,443
2602:f32a:3:700::2,8443
2001:19f0:6000:334b:5400:6ff:fe54:588e,443
2603:c020:1d:6800:0:8b7e:4e0:f6ea,443
2400:38e0:0:4063::88,443
2001:19f0:6001:5566:5400:5ff:fefe:8588,443
2603:c020:c:bbee:828f:d6e6:9b78:c98b,443
2603:c020:25:5a01:0:a892:2b77:2784,8443
2001:19f0:6001:48d7:5400:6ff:fe04:ec71,443
2603:c020:e:6c08:ce2a:d7f0:7d51:2985,443
2001:19f0:6000:212f:5400:5ff:fe38:6e8,8443
2a11:840:64:1b::f375:2a2b,443
2001:19f0:6001:8d9:5400:6ff:fe18:7b38,443
2001:19f0:6000:3799:5400:5ff:fee3:cf1,443
2603:c020:25:337e:0:6fbc:cddf:6ef7,2053
2602:f32a:3:200::2,443
2001:470:f652::1,443
2001:19f0:6000:9d79:5400:6ff:fe36:5cce,8443
2603:c020:25:5a01:0:f762:3255:3f5d,8443
2604:6280:19f:7a::40,443
2600:1700:3380:15d0::444,8443
2603:c020:1e:778e:0:2043:db71:ad95,443
2603:c020:1d:df01:0:cdcd:9fa6:10ed,8443
2001:19f0:6000:34b7:5400:6ff:fe36:5ea9,443
2603:c020:9:fb7e:0:7e6a:8ada:29d7,443
2a01:e5c0:f1cc::2,8443
2603:c020:25:5001:0:e71d:597d:cc50,8443
2a01:e5c0:9601::2,8443
2401:1740:3000::73,443
2a01:e5c0:98f6::2,8443
2a01:e5c0:9b57::2,443
2001:19f0:6001:1ed4:5400:6ff:fe8f:d911,8443
2605:e440:3e::281,443
2a01:e5c0:9608::2,8443
2a01:e5c0:98b8::2,443
2a01:e5c0:92af::2,8443
2a01:e5c0:9397::2,443
2a01:e5c0:9798::2,2053
2605:c000:4030:b::54a:3f6c,443
2a01:e5c0:9f12::2,8443
2a01:e5c0:9408::2,443
2a01:e5c0:9477::2,2053
2a01:e5c0:97ad::2,2087
2a01:e5c0:9137::2,443
2602:f7a3:0:a300::a,443
2a01:e5c0:9f3f::2,443
2a01:e5c0:9834::2,443
2a01:e5c0:95f1::2,443
2a01:e5c0:99ae::2,443
2a01:e5c0:947d::2,8443
2a01:e5c0:9e7b::2,443
2a01:e5c0:9dc7::2,8443
2a01:e5c0:9973::2,8443
2a01:e5c0:98fe::2,8443
2a13:7c00:8:20:f816:3eff:fee9:32ef,8443
2605:c000:4030:c::e744:aba,443
2001:19f0:5c00:32c6:5400:6ff:fe66:6230,443
2605:52c0:2:60e3:be24:11ff:feb9:b47a,443
2001:19f0:9000:2e1b:5400:6ff:fe5d:69ee,443
2605:52c0:2:535f:be24:11ff:fe6e:6a1,2053
2605:52c0:1:1afd:be24:11ff:feff:512c,8443
2605:52c0:2:40dd:be24:11ff:fe6a:6a50,8443
2607:9d00:2000:16a::759a:5cfc,8443
2a0e:df80:a:1::5a,443
2605:52c0:2:6391:be24:11ff:fe17:5854,2053
2602:fce1:44f:109e::,8443
2604:abc0:50::a005,443
2607:9d00:2000:226::67f3:6c12,443
2605:52c0:2:64af:be24:11ff:fe23:95c6,8443
2605:52c0:2:5467:be24:11ff:fede:ad53,8443
2605:52c0:1:2278:be24:11ff:fe28:c100,8443
2a0e:6901:1b0:a8:26a3:f0ff:fe4a:7fd5,443
2602:f656:2::16b3,443
2605:52c0:1:908:ebc2:8424:290b:2131,8443
2a0e:df80:a:1::540,443
2605:52c0:2:57f6:be24:11ff:fecd:ca05,8443
2603:c020:5:c24a::a5,443
2605:52c0:1:1c98:be24:11ff:fe53:e49d,443
2605:c000:4030:9::5d8f:d4d1,443
2602:f656:5::4ad,443
2605:52c0:2:1059:be24:11ff:fee3:252a,8443
2602:fce1:4c8:24c4::,443
2605:c000:4030:b::e224:6685,443
2602:fce1:424:156::a,443
2605:52c0:2:5076:be24:11ff:fe16:8cd5,8443
2605:52c0:2:10dd:be24:11ff:feb7:8475,8443
2605:52c0:1:1cea:be24:11ff:fe19:7799,8443
2607:8700:5500:559d::2,8443
2605:52c0:2:52ac:be24:11ff:fed6:b2e3,8443
2605:52c0:2:60c5:be24:11ff:feaf:efbc,8443
2602:f656:2::ebb,443
2a0e:6901:1b0:26a:26a3:f0ff:fe49:338f,443
2605:52c0:2:5786:be24:11ff:fe8a:f8f6,8443
2a14:640:8:22bc::1,2083
2602:fce1:4c8:2742::,443
2607:9d00:2000:1e6::a641:69a2,2053
2602:fce1:44f:13bc::,443
2602:f656:2::f54,8443
2a0c:9a40:8aa2:1380::,443
2602:f656:2::12d5,443
2605:52c0:2:6388:be24:11ff:fea5:ea60,8443
2602:fce1:44f:133c::,443
2a0c:9a40:8aa2:1035::,443
2a09:bac1:7680:1a98::4e8:56,2053
2607:8700:5500:886d::2,8443
2605:52c0:2:4541:b8b5:eeff:fed2:d43d,8443
2605:52c0:1:2032:be24:11ff:fe50:d481,8443
2605:52c0:1:1d31:be24:11ff:fe15:22d6,8443
2001:19f0:5c01:1787:5400:4ff:fe9b:598,443
2602:fce1:44f:1001::,443
2607:9d00:2000:d2::4116:6bd0,8443
2607:f5b4:88:106:1c00:78ff:fe00:5b5,2053
2607:9d00:2000:39::3d2,8443
2a0c:9a40:8aa2:132a::,443
2a01:e5c0:9f78::2,8443
2605:52c0:1:15f5:c010:f1ff:fe37:1fe0,8443
2602:fce1:4c8:221e::,8443
2401:1740:1000::105,443
2602:fce1:451:1bf::a,443
2605:52c0:1:17bc:be24:11ff:fe15:dd23,8443
2607:8700:5501:4ecb::2,443
2602:f656:3::51c,443
2806:2ea::544,443
2806:2ea::166,443
2a14:640:8:c083::1,443
2605:52c0:2:216a:181a:b0ff:fe8f:7897,8443
2605:52c0:2:265a:4c7c:38ff:feb3:b09,8443
2a12:bec0:68c:22b::,443
2605:52c0:2:21fd:be24:11ff:fe08:640c,8443
2607:8700:5500:3c8f::2,443
2602:f7c2:2001::1d5,443
2a02:4780:7:8a3e::1,8443
2607:f5b4:88:10a:1c00:51ff:fe00:ab0,2053
2607:9d00:2000:107::a1db:6000,443
2605:52c0:1:1d40:be24:11ff:fe43:2351,8443
2607:9d00:2000:ce::3180:db8d,2053
2607:f5b4:88:106:1c00:4bff:fe00:58e,8443
2605:52c0:1:1cd0:be24:11ff:fedc:35f8,8443
2607:9d00:2000:39::378,443
2605:52c0:2:43a7:be24:11ff:fe2f:8bb0,443
2a0c:9a40:8aa2:10e1::,443
2a06:9801:1e::89,443
2a01:e5c0:96cd::2,443
2607:8700:5500:681c::2,2053
2607:8700:5500:2c07::2,8443
2602:fce1:44f:122d::,443
2607:5dc0:0:36::c948:e96e,8443
2605:c000:4030:e::69bd:8209,443
2a0e:df80:a:1::ef,443
2a09:bac1:76c0:3d0::26b:25,443
2607:9d00:2000:f0::ea25:afaa,443
2607:8700:5500:f29a::2,443
2806:2ea::164,443
2602:f656:3::201,443
2a01:e5c0:926b::2,2053
2607:f5b4:88:10a:1c00:eeff:fe00:aaf,2053
2605:52c0:2:6205:be24:11ff:fe31:36dd,8443
2607:8700:5500:8df1::2,443
2607:9d00:2000:1a4::8aa0:b9b3,8443
2a09:bac1:76a0:3d0::26a:36,8443
2a0c:9a40:8aa2:12b9::,8443
2605:52c0:2:4479:be24:11ff:fe66:1e5,8443
2605:52c0:2:3d23:be24:11ff:feab:8de4,8443
2401:e9e0:1000::12f,443
2602:fce1:424:10c::a,443
2607:9d00:2000:22d::4c6a:cf29,8443
2607:9d00:2000:263::ee3f:5bdd,443
2605:52c0:2:55ec:be24:11ff:fe31:c151,8443
2602:fce1:451:1ce::a,443
2603:c020:9:f500:0:c1a2:352b:fa78,443
2602:f95c:21:142:248:218:0:254,2053
2a06:9801:1e::1ba,443
2602:f656:5::2be,8443
2607:8700:5500:b716::2,443
2607:8700:5500:95fd::2,443
2001:19f0:5c00:4244:5400:6ff:fe2e:6f1d,443
2001:19f0:5c00:18d6:5400:6ff:fe79:db7,443
2607:9d00:2000:1fc::8bd:8ba,8443
2602:fce1:44f:13aa::,443
2602:f95c:21:142:248:219:0:254,443
2a0e:df80:a:1::57,443
2607:8700:5501:60af::2,443
2602:f656:5::738,8443
2602:fbf1:b005:106e:3cbc:ae87:e7df:ffca,443
2a0f:9400:7390:1f::57,443
2602:fce1:424:d9::a,443
2001:19f0:5c01:1571:5400:6ff:fe36:941c,443
2607:9d00:2000:f6::5fd4:a0dd,443
2605:52c0:2:34f4:1813:c4ff:fe20:23b0,8443
2607:9d00:2000:1f6::29e1:de36,443
2a09:bac5:6368:1846::26b:c1,2096
2607:9d00:2000:223::3a0b:df66,8443
2a01:e5c0:9a95::2,8443
2607:9d00:2000:8c::2b0e:3703,443
2607:9d00:2000:a4::a143:d805,443
2602:f656:2::1356,8443
2602:f95c:21:142:248:218:0:254,443
2607:9d00:2000:e4::f94b:2cc,2053
2605:52c0:2:3a43:be24:11ff:fe37:928f,8443
2607:8700:5501:a20::2,8443
2a09:bac5:636a:183c::26a:78,8443
2607:f5b4:88:10a:1c00:7cff:fe00:a7a,8443
2607:9d00:2000:21b::6330:8441,443
2a0c:9a40:8aa2:13b1::,8443
2602:f7c2:2001::285,8443
2602:fce1:424:67::a,443
2607:9d00:2000:2eb::adb0:e328,443
2607:8700:5500:29a9::2,443
2602:f95c:21:142:248:219:0:254,2053
2607:8700:5501:a39d::2,443
2a0c:9a40:8aa2:12cd::,8443
2607:9d00:2000:d2::4116:6bd0,443
2607:8700:5501:30b0::2,8443
2607:9d00:2000:1b4::7b9:b7bc,8443
2607:9d00:2000:1ae::4d8a:d0a0,2083
2605:52c0:2:963:be24:11ff:fede:9b87,8443
2401:e9e0:1000::113,443
2604:240:1:5::6a,8443
2607:9d00:2000:dd::5000:c0ff,443
2607:8700:5500:3279::2,2053
2a09:bac5:636b:183c::26a:85,443
2607:8700:5500:22ed::2,443
2602:fce1:44f:13ce::,443
2806:2ea::252,443
2607:9d00:2000:63::5b54:4ab9,8443
2607:9d00:2000:d7::2f36:48ae,443
2607:5d40:1000:1::e9,443
2001:19f0:6000:378f:5400:6ff:fe7d:1747,443
2603:3:6101:c60::,443
2602:fce1:451:1d0::a,8443
2a13:7c00:8:23:f816:3eff:feb2:6b4d,8443
2605:4c40:146:f110::2599,443
2607:f130:0:154:216:3eff:fe94:c0fc,443
2606:2040:4140:2a:be24:11ff:fe09:5a7f,443
2603:3:6107:5670::,8443
2607:f130:0:161::3759:acce,443
2606:c700:1:46:5054:17ff:fe9d:2434,443
2a01:7e03::2000:5cff:fe4e:bd69,443
2602:ffc5:60::1:9f84,8443
2607:f130:0:190:216:3eff:fedb:cf62,2053
2401:1740:1000::54,443
2607:f130:0:16b::9dea:7be5,443
2607:f130:0:140::62b3:5ee3,443
2a09:bac5:636f:183c::26a:e4,8443
2605:52c0:2:25d9:544b:36ff:fe4c:54ef,8443
2607:9d00:2000:20a::f5eb:3e39,8443
2602:f656:2::d0,8443
2607:f130:0:14e:216:3eff:fed0:3732,443
2a01:7e03::2000:41ff:fe56:62e2,443
2607:f130:0:154:216:3eff:fea1:a05d,443
2607:f130:0:15d::3791:7779,443
2607:f130:0:152::e725:2f62,443
2607:f130:0:14f:216:3eff:fee8:dcc7,443
2401:1740:1000::1dc,443
2602:fce1:466:4895:32e6:6a8c:194f:5480,443
2605:52c0:2:5077:be24:11ff:fe8e:a358,8443
2001:19f0:9003:4d3:5400:5ff:fe04:54e8,8443
2607:f130:0:140::bd1:9abf,443
2607:f130:0:150:216:3eff:fee0:3fcb,443
2a01:7e03::2000:a7ff:fe4b:51bc,443
2605:c000:4030:c::7a5b:3523,8443
2607:9d00:2000:39::2ae,8443
2607:f130:0:16c:216:3eff:fe69:f60c,443
2607:f130:0:142::4d62:318,443
2a01:7e03::2000:78ff:fe3b:dfda,443
2607:f130:0:14b:216:3eff:fe70:9345,443
2607:f130:0:150:216:3eff:fe6c:eed4,443
2607:f130:0:166::fb65:6ae5,443
2607:f130:0:140::d16e:263c,8443
2607:f130:0:170:216:3eff:fe18:b5c1,443
2607:9d00:2000:149::5f04:3044,8443
2607:8700:5500:f6f1::2,8443
2a09:bac1:76c0:3d0::1bd:ef,2083
2605:52c0:2:1366:78dd:5fff:fe51:66dd,8443
2607:f130:0:157:216:3eff:fe97:282b,443
2607:f130:0:14f:216:3eff:feb3:2a64,443
2605:52c0:2:5d05:be24:11ff:fe68:2dbc,8443
2605:52c0:2:5565:be24:11ff:fee9:82f9,443
2a02:6ea0:cf2d::4,443
2607:f130:0:131::16,443
2602:f656:2::f36,443
2607:f130:0:19c:216:3eff:fe26:e2a0,443
2605:52c0:2:15d0:4d0:2eff:feb5:f982,8443
2607:f130:0:151:216:3eff:fee6:46c6,443
2605:52c0:3:3ce:be24:11ff:fe3f:e9f9,8443
2607:f130:0:16b:216:3eff:fe9e:f2ef,443
2607:f130:0:140::5caa:3fd3,2053
2607:f130:0:153::fe37:136,8443
2605:52c0:2:5baf:be24:11ff:fe8f:4c3d,8443
2607:f130:0:14c:216:3eff:fec6:92b9,443
2605:52c0:2:3bb5:be24:11ff:fea8:85ac,443
2401:1740:1000::172,443
2a0c:9a40:8aa2:12c5::,8443
2001:19f0:5c00:21bc:5400:6ff:fe1b:6a0d,443
2607:f130:0:18f::e1ca:67a4,2053
2607:f130:0:17c:216:3eff:fe10:e32f,443
2607:f130:0:14d:216:3eff:fe84:3256,443
2607:f130:0:1a0:216:3eff:fe2b:a917,443
2a0c:9a40:8aa2:1120::,443
2607:f130:0:199::1b4:91a5,443
2607:f130:0:190:216:3eff:fe04:eefb,443
2607:f130:0:186:216:3eff:fef3:217e,8443
2607:f130:0:131::40,443
2607:f130:0:1d7:216:3eff:fe96:fe5,443
2607:f130:0:18e:216:3eff:feda:3334,8443
2607:f130:0:1d7:216:3eff:fea7:83e2,443
2607:f130:0:14e:216:3eff:fe2d:c661,443
2605:52c0:2:6173:be24:11ff:fe7b:90d7,2053
2607:f130:0:14e:216:3eff:fec4:f519,8443
2607:f130:0:156:216:3eff:fed4:d07e,443
2607:f130:0:14e:216:3eff:feb6:7cfe,443
2605:52c0:2:46db:4869:e8ff:fe7b:64e8,8443
2607:f130:0:14f::979b:9a80,443
2607:f130:0:187::d973:4343,443
2607:f130:0:152:216:3eff:fe5e:2076,443
2607:f130:0:14d:216:3eff:fe17:2c04,443
2605:c000:4030:9::ab16:3cd0,8443
2607:f130:0:152:216:3eff:fe17:2bab,443
2a0c:9a40:8aa2:11db::,443
2607:f130:0:1d7:216:3eff:fe0d:e9c2,443
2607:f130:0:153:216:3eff:fee3:158,8443
2605:52c0:2:5b4e:be24:11ff:fed1:3871,2087
2605:52c0:2:3bb6:be24:11ff:feb8:b99b,8443
2605:52c0:2:3955:be24:11ff:feda:5188,8443
2602:f656:2::1101,443
2607:f130:0:164::226c:efe3,8443
2607:f130:0:1a0:216:3eff:fe60:1f53,443
2607:f130:0:151:216:3eff:fe1a:3909,443
2607:f130:0:198:216:3eff:fe8d:46ac,443
2607:f130:0:16e::8062:e5a6,443
2607:f130:0:180::3352:d3d2,443
2607:f130:0:14f:216:3eff:fe29:c588,443
2607:f130:0:15a::20b6:7bb6,8443
2607:f130:0:14e:216:3eff:fed4:617b,443
2607:f130:0:186::a5b3:b265,443
2603:3:6102:6a60::,8443
2605:c000:4030:a::ec0b:8840,443
2607:f130:0:18d:216:3eff:fea7:1464,443
2607:f130:0:198:216:3eff:fe6f:52f7,443
2607:f130:0:14f:216:3eff:fe6d:659b,8443
2607:f130:0:16a:216:3eff:feba:c619,443
2607:f130:0:152:216:3eff:fe36:51f9,8443
2401:1740:3000::9f,443
2607:f130:0:199::bb36:db40,443
2607:f130:0:14c:216:3eff:fefc:9f77,443
2607:f130:0:14f:216:3eff:fe37:cb36,443
2607:f130:0:196:216:3eff:fe07:79d6,443
2602:f656:3::153,8443
2607:f130:0:14d:216:3eff:fedb:5c89,443
2607:f130:0:17d:216:3eff:fee4:4a85,443
2607:f130:0:15c::aabc:5935,8443
2605:52c0:2:5d38:be24:11ff:fee2:5b25,8443
2607:f130:0:14f:216:3eff:fec7:a91d,443
2a09:bac5:636c:1846::26b:11,2096
2604:a840:100:103::a,8443
2607:f130:0:169:216:3eff:fe26:ef39,443
2605:52c0:2:55bf:be24:11ff:fe19:d19d,8443
2607:f130:0:14f:216:3eff:fe63:1ff2,8443
2607:f130:0:151:216:3eff:fef6:622f,443
2607:f130:0:14d:216:3eff:fe88:cea9,8443
2605:c000:4030:e::16a0:c364,443
2607:f130:0:196::95de:32af,443
2607:f130:0:190:216:3eff:fe70:860d,8443
2605:52c0:2:16f:be24:11ff:fe88:b5be,8443
2a0c:9a40:8aa2:106a::,443
2607:f130:0:19c:216:3eff:fefc:87f,443
2607:f130:0:170:216:3eff:feda:fe73,443
2607:f130:0:16a:216:3eff:fe7c:e192,443
2607:f130:0:17f:216:3eff:fe63:8a7b,8443
2607:f130:0:14c:216:3eff:fef4:7c6c,443
2607:f130:0:17e:216:3eff:fe5c:34c5,443
2607:f130:0:153:216:3eff:fe9c:dbe0,443
2605:52c0:2:5078:be24:11ff:fe58:ab3f,8443
2607:f130:0:170:216:3eff:fe90:ef9c,443
2607:f130:0:14c:216:3eff:feca:e143,443
2600:1700:3a90:df70:be24:11ff:fe07:fa68,443
2607:f130:0:196:216:3eff:fe60:4237,443
2607:f130:0:14f:216:3eff:fef1:eb72,8443
2607:f130:0:190::8307:3e06,443
2607:f130:0:14c:216:3eff:fe5f:1396,443
2602:f656:2::747,443
2604:a840:100:c::a,443
2607:f130:0:10d::e4,443
2607:f130:0:14e::a0b4:62ff,443
2607:f130:0:156:216:3eff:fe14:5e2a,8443
2a0f:9400:7390:1f::6d,443
2607:f130:0:14e:216:3eff:feaf:40b9,443
2607:f130:0:158::5637:6948,8443
2607:f130:0:16a:216:3eff:feaf:1da8,443
2001:550:a10::18a,443
2a09:bac1:76e0:1cf0::4:378,8443
2607:f130:0:179::54a1:cfc6,443
2607:f130:0:144::2fc8:dcf4,443
2605:a140:2338:9957::1,2053
2602:f873:12:800:0:1:246f:85ce,443
2607:f130:0:17e::2d4f:bfb7,443
2602:fce1:451:1b8::a,443
2607:f130:0:154:216:3eff:fed5:5f7,443
2604:a880:2:d1:0:1:26b6:8001,443
2603:c024:c003:94ff::8888,443
2604:a880:2:d1:0:1:26b6:f001,443
2607:f130:0:199::8e9f:193e,443
2607:f130:0:159::91e1:c95f,443
2607:adc0:5::c0,443
2604:a840:2::4b1,8443
2604:a880:2:d1:0:1:26b8:6001,2053
2604:a840:100:a1::a,443
2a0b:4342:1a32:1ca:26a3:f0ff:fe4a:d143,443
2602:fa4f:802:93f4:25ef:751e:a96:2eb0,443
2607:f130:0:15c::8221:2614,443
2602:f873:12:800:0:1:bc1c:fc68,443
2607:f130:0:151:216:3eff:fe95:ab3b,443
2607:f130:0:147::3549:3f9a,443
2602:f873:10:401:0:1:44d2:f0da,443
2604:a880:2:d1:0:1:26b8:8001,443
2602:f873:10:401:0:1:aba0:47e5,443
2607:9d00:2000:d2::4116:6bd0,2083
2605:52c0:2:2d8a:be24:11ff:fee4:a5b8,8443
2604:a880:2:d1:0:1:26b7:1,443
2603:c024:c00e:6588:2813:e25c:5935:82e1,443
2602:f8c0:a:1001:be24:11ff:fe0b:1a07,443
2604:a880:4:1d0::e40c:8000,443
2603:c024:c00d:b366:2fa3:6c2c:5a4d:4067,443
2604:a880:2:d1:0:1:26b8:c001,443
2a13:7c00:8:20:f816:3eff:fe13:31f7,443
2607:f130:0:184:216:3eff:fef2:4c48,443
2602:fa4f:802:ecb4:8717:7f66:cfd9:35e7,443
2607:f130:0:114::d,8443
2604:240:1:4::70,443
2604:a880:2:d1:0:1:26b6:9001,443
2603:c024:c01c:9200:0:e82f:20ed:926d,2083
240d:c000:f07f:9100:3e26:6916:f460:0,8443
2603:c024:c01a:d500::101,8443
2604:a880:2:d1:0:1:26b8:d001,443
2607:f130:0:141::124f:20a1,443
2607:f130:0:150:216:3eff:feda:9fe3,443
2605:52c0:2:5280:be24:11ff:feb6:c469,443
2603:c024:c017:b901:0:d099:af54:f525,443
2a0c:9f00:a000:9e01::1,443
2602:f873:12:801:0:1:17e0:f3d2,443
2603:c024:c013:f588:0:7f29:cb0f:8c06,443
2604:a880:2:d1:0:1:26b6:e001,2053
2603:c024:c01b:a00:0:c1a9:50c6:154,8443
2604:a880:2:d1:0:1:26b6:d001,443
2604:a840:100:143::a,443
2602:f873:13:1100:0:1:339:b2bb,443
2607:f130:0:145::b2a0:3bb0,443
2602:f9a9:301:2960::1,443
2602:f873:10:401:0:1:2457:b117,443
2a0e:6901:410:1a3:26a3:f0ff:fe46:a2c,443
2604:a880:2:d1:0:1:26b7:1001,443
2607:f130:0:162::588c:3a0a,443
2607:f130:0:14c::1311:8c90,443
2607:f130:0:150:216:3eff:feea:fa9f,443
2604:a880:1:4a::11ed:b000,443
2604:a840:100:125::a,443
2604:a880:2:d1:0:1:26b8:b001,443
2604:a880:2:d1:0:1:26b8:7001,2053
2602:f873:12:800:0:1:2853:cf28,443
2600:1f18:6546:c900:e9d0:eac:bd44:8645,443
2a13:7c00:8:13:f816:3eff:fede:96ae,443
2602:f873:10:401:0:1:31fe:3439,8443
2a01:4ff:f0:f37d::1,443
2604:a880:2:d1:0:1:26b8:9001,443
2603:c024:c017:b901:0:65e2:bf1b:8e71,443
2605:a140:2351:7666::1,8443
2a09:bac5:6446:3046::4cf:51,443
2001:4858:aaaa:222:321a:f3ff:fe8e:3d0b,443
2a01:4ff:f0:6a42::1,2053
2607:f130:0:14e:216:3eff:fef7:3bd2,443
2602:fa4f:802:64f8:4287:4c60:cace:ad2f,443
2603:c020:4023:747e:0:74ff:f6b:db47,8443
2607:f130:0:17e::b32:afcb,443
2a13:7c00:8:22:f816:3eff:fe2b:c8b9,443
2604:a840:101:10e::a,443
2602:f873:11:605:0:1:559d:c22a,443
2604:a880:2:d1:0:1:26b8:f001,443
2604:a840:101:298::a,443
2602:f873:13:1100:0:1:e951:2a02,443
2602:f873:11:604:0:1:8701:e826,443
2603:c024:c01f:a503:0:73b8:c70b:5b40,443
2602:f873:10:400:0:1:321c:a298,8443
240d:c000:f07f:9100:30d6:8950:96a8:0,2053
2604:a880:2:d1:0:1:26b6:b001,443
2604:a880:2:d1:0:1:26b8:e001,443
2604:a880:2:d1:0:1:26b6:c001,443
2602:f873:10:401:0:1:6c7b:f599,443
2604:a880:1:4a::11a7:6000,443
2606:2040:140:22::33,2083
2602:f873:10:401:0:1:313:ee6c,443
2603:c024:c00d:b366:b18a:f339:a385:d71a,8443
2602:f873:10:401:0:1:e851:6730,443
2605:52c0:2:3fb7:be24:11ff:fedb:1f2b,8443
2602:f873:11:605:0:1:a332:a827,443
2001:550:a0c::a5,8443
2604:a880:2:d1:0:1:26b6:a001,443
2a13:7c00:8:23:f816:3eff:fe8b:4e0b,8443
2602:fa4f:802:16dd:3823:3f75:e79e:7da6,443
2602:f873:11:605:0:1:f2ab:e9a8,443
2607:8700:5500:c5b2::2,8443
2a01:4ff:f4:9ef4::1,2083
2001:19f0:5c00:175c:5400:6ff:fe74:9c2d,8443
2602:f873:12:800:0:1:5f92:a426,8443
2604:a880:2:d0::20f3:c001,443
2a13:7c00:8:15:f816:3eff:fe96:c643,8443
2604:a880:2:d1:0:1:26b8:a001,443
2606:2040:4140:2a:be24:11ff:febf:a110,8443
2604:a840:101:2cb::a,443
240d:c000:f07f:9400:b0:8956:8406:0,443
2604:9a00:1:114:1c00:fdff:fe00:beb,2083
2604:a880:1:4a::14a2:a000,443
2602:f873:12:800:0:1:f9cd:52d,443
2606:2040:140:da::2,8443
2602:f873:11:605:0:1:555e:2149,443
2603:c020:401c:a01:0:5435:52a4:c4f6,8443
2607:f130:0:150:216:3eff:febd:589e,443
2604:a880:2:d1:0:1:2fad:b001,443
2604:a880:1:4a::1e2c:d000,443
2607:f130:0:187::6ad9:e1e5,443
2604:a880:1:4a::cd7:c000,443
2607:f130:0:111::e5,8443
2607:f130:0:150:216:3eff:fed0:caa0,443
2603:c020:4022:2400:0:6291:261:7501,443
2603:c020:4022:2400:0:5baf:905f:5b01,443
2603:c020:4010:5000:e8d8:74d2:8941:902b,443
2603:c020:4013:7a7e:fdcd:bcf2:ae6a:3a94,443
2a01:4ff:f0:6dba::1,8443
2a02:6ea0:c088::8,443
2604:9a00:1:119:1c00:74ff:fe00:1091,2053
2604:a880:1:4a::14a1:1000,443
2602:f873:10:401:0:1:36b4:972a,8443
2602:fa4f:802:8cce:1e6b:1537:e4cb:ae36,8443
2607:f130:0:157:216:3eff:fefe:9318,443
2604:a880:1:4a::cd7:e000,443
2602:f873:11:605:0:1:9c0c:a786,443
2603:c020:4023:747e:0:3e0b:383b:cdc3,8443
2604:a880:1:4a::11a7:7000,443
2604:a880:2:d1:0:1:2fae:1,443
2604:240:1:4::31,443
2604:a880:1:4a::11a7:b000,443
2604:a880:2:d1:0:1:2fad:d001,443
2604:9a00:1:119:1c00:c4ff:fe00:108d,2053
2604:9a00:1:104:1c00:deff:fe00:183,8443
2602:f873:11:605:0:1:6ec9:a1cc,443
2607:f130:0:19c:216:3eff:fe30:336f,443
2604:a880:2:d1:0:1:2fad:e001,443
2604:a880:1:4a::11ed:e000,443
2607:9d00:2000:16::30ff:d3a7,443
2604:a880:1:4a::11ed:f000,443
2604:9a00:1:113:1c00:53ff:fe00:b1f,2083
2604:a880:1:4a::1e2c:c000,443
2a09:bac1:76a0:3d0::3ff:1e,443
2602:fa4f:802:8767:eb3f:50ad:5b6e:ed89,443
2605:52c0:2:5a4e:be24:11ff:feb2:1a10,8443
2604:a880:1:4a::1da0:1000,443
2a01:111:f100:3000::a83e:1b11,8443
2604:a880:4:1d0:0:2:4635:1000,443
2602:fa4f:802:3f72:796e:debe:6436:3475,443
2a01:e5c0:93bf::2,8443
2604:a880:4:1d0:0:1:3930:3000,443
2604:9a00:1:10a:1c00:d3ff:fe00:76d,443
2602:f873:11:605:0:1:db70:543e,443
2a01:7e03::2000:cff:fe3e:63ab,443
2604:a880:4:1d0:0:2:458:6000,443
2a13:7c00:8:21:f816:3eff:fe22:c69b,443
2604:a880:1:4a::14a1:d000,443
2604:a880:4:1d0:0:2:458:5000,443
2604:a880:2:d0::2103:e001,443
240b:4004:cd:8100:f058:f82c:3a82:e581,443
2607:9d00:2000:25b::e5f4:6c13,8443
2604:a880:1:4a::14a1:c000,443
2606:fb40:1201:1001::28c,443
2604:a880:1:4a::11a7:a000,443
2602:fa4f:802:76b:f669:2941:f312:557c,443
240d:c000:f07f:8d00:b828:fc6:981c:0,443
2606:2040:140:32::6,443
2607:f130:0:141::4244:656d,443
2604:9a00:1:117:1c00:f7ff:fe00:ee2,2053
2602:f9a9:301:743d::1,8443
2607:f130:0:190:216:3eff:fe24:27d2,443
2604:a880:1:4a::11a7:8000,443
2604:a880:1:4a::11a7:e000,443
2603:c024:c00d:b366:0:bb4f:d62e:64cc,2096
2604:a880:4:1d0:0:2:4635:0,443
2a01:4ff:f4:3ab8::1,2053
2001:4858:aaaa:106:3e27:80ff:feaf:f83f,8443
2604:a880:4:1d0:0:1:22b7:e000,443
2604:a880:1:4a::1103:b000,443
2604:a880:1:4a::1103:e000,443
2602:fa4f:802:4413:3be1:35e6:e7cf:9b95,2053
2604:a880:2:d1:0:1:2fad:c001,443
2605:8340:0:b:0:1b:0:a,443
2607:f130:0:156:216:3eff:fe21:5665,2053
2a07:e05:3:4a::1,443
2605:52c0:1:1bf7:be24:11ff:fef2:52cd,8443
240d:c000:f07f:9300:62d4:4d16:52bc:0,443
2001:550:a10::1f4,443
2602:f873:11:603:0:1:5e59:a97f,443
2604:9a00:1:114:1c00:f6ff:fe00:bea,2083
2a01:7e03::2000:d3ff:fe54:defc,443
2604:a880:1:4a::1103:a000,443
2604:a880:4:1d0:0:2:e313:4000,443
2602:faa8:205:10b0::1,443
2604:a880:1:4a::14a1:4000,443
2604:a880:4:1d0:0:2:458:8000,443
2605:a140:2348:1781::1,8443
2602:f873:11:603:0:1:d688:84e9,443
2401:1740:1000::bd,8443
2604:a880:4:1d0:0:2:458:a000,443
2604:a880:2:d1:0:1:4849:7001,443
2607:f130:0:156:216:3eff:fe38:bfc5,443
2604:a880:2:d1:0:1:6f2a:7001,8443
2602:f873:11:603:0:1:476b:6f3a,443
2400:8d60:2::1:b892:57fb,443
2604:a880:1:4a::14a1:2000,443
2605:8340:0:b:0:1a:0:a,8443
2604:a880:4:1d0:0:2:4633:5000,443
2604:a880:4:1d0:0:2:4634:4000,443
2604:a880:4:1d0:0:2:e313:1000,443
2604:a880:1:4a::14a1:e000,443
2603:c024:c006:b800:81e4:23d6:669f:9448,8443
2604:9a00:1:107:1c00:33ff:fe00:46d,2053
2604:a880:1:4a::14a2:1000,443
2604:a880:4:1d0:0:2:458:7000,443
2604:a880:4:1d0:0:2:4633:a000,443
2604:a880:4:1d0:0:3:842:a000,443
2602:f873:11:603:0:1:80fe:c3e7,443
2604:a880:2:d1:0:1:7bf1:f001,443
2605:52c0:1:1e40:be24:11ff:fe1d:63e4,8443
2604:a880:4:1d0:0:1:23c9:9000,443
2600:1f1c:de5:db00:822:dd14:2fb6:23d8,443
2604:a880:4:1d0:0:2:e313:5000,443
2605:a140:2313:6072::1,8443
2400:8d60:2::1:ba36:66bc,443
2604:a880:1:4a::11a7:c000,443
2604:a880:4:1d0:0:1:3c15:9000,443
2602:f873:11:603:0:1:f4a9:937c,443
2604:240:1:5::17,8443
2604:a880:2:d1:0:1:78c7:1,8443
2607:f130:0:10c::c7,443
2604:a880:6:7::7f9:0,443
2001:550:a20::124,443
2604:a880:4:1d0:0:2:4633:8000,443
2605:52c0:1001:672:d8c4:19ff:fede:389,8443
240d:c000:f07f:9400:109c:54e:54c8:0,443
2602:f873:11:605:0:1:3bf9:9cb5,8443
2604:a880:4:1d0:0:2:4634:3000,443
2604:a880:4:1d0:0:2:b89d:2000,443
2604:a880:4:1d0:0:2:458:b000,443
2400:8d60:2::1:aea3:50db,443
2a09:e683:5:a6::a,443
2604:a880:4:1d0:0:2:3038:0,443
2607:f130:0:17f:216:3eff:fe80:b745,443
2602:f873:11:603:0:1:23e7:c0f8,443
2604:a880:4:1d0:0:1:3896:2000,443
2604:a880:1:4a::1103:f000,443
2604:a880:4:1d0:0:2:3038:1000,443
2604:a880:4:1d0:0:2:4634:d000,443
2605:52c0:2:5d3c:be24:11ff:fe4e:94e0,8443
2607:f2d8:6065:116f::a,2083
2001:57a:e200:e501::2e,8443
2604:9a00:1:119:1c00:e7ff:fe00:10a4,443
2001:550:a20::120,443
2604:a880:4:1d0:0:2:e312:f000,443
2604:a880:4:1d0:0:2:e313:2000,443
2a13:7c00:8:7:f816:3eff:fe30:878f,443
2604:a880:4:1d0:0:1:23c9:8000,443
2604:a880:4:1d0:0:1:3896:0,443
2607:f2d8:6063:1e5::6475,8443
2604:a880:4:1d0:0:3:23d9:6000,443
2607:f130:0:150:216:3eff:fe29:1bf3,443
2607:f2d8:6063:19c::9a8d,8443
2602:fa59:9:79b::1,443
2603:c024:c005:1b02:8512:c73b:5c18:bfe2,8443
2604:a880:4:1d0:0:2:4634:5000,443
2605:a140:2337:2982::1,8443
2400:8d60:2::1:51ba:b69e,443
2604:a880:4:1d0:0:2:4634:a000,443
2400:8d60:2::1:bc48:480e,8443
2603:c024:c00c:1a80:9679:259a:bff6:48a6,443
2606:2040:4140:2a:be24:11ff:fe19:ed9a,443
2604:a880:4:1d0:0:2:4634:e000,443
2604:a880:4:1d0:0:2:e313:3000,443
2400:8d60:2::1:eed5:e159,443
2602:fa59:9:7e0::1,8443
2602:fa59:10:719::1,8443
2604:a880:4:1d0:0:2:e666:9000,443
2607:f5b4:88:107:1c00:8dff:fe00:6d6,8443
2607:8700:5500:8cc3::2,2053
2a13:7c00:8:14:f816:3eff:fe3f:b0c2,8443
2604:a880:4:1d0:0:2:4634:6000,443
2607:f130:0:16b::9433:150e,443
2602:fa59:2:a1e4::1,443
2604:a880:2:d1:0:1:5309:2001,443
2400:8d60:2::1:5d4c:a486,8443
2604:a880:4:1d0:0:2:458:c000,443
2604:a880:4:1d0:0:2:e313:6000,443
2607:f130:0:150:216:3eff:fed6:d6cc,443
2604:a880:4:1d0:0:1:3896:1000,443
2604:a880:2:d1:0:1:5b12:a001,443
2604:a880:4:1d0:0:1:3896:3000,443
2602:fa59:10:52::1,443
2400:8d60:2::1:a29a:1ec6,443
2605:52c0:3:21a:be24:11ff:feef:9135,8443
2602:f873:11:603:0:1:2208:bbcf,443
2604:a880:2:d0::1c2f:8001,443
2602:f873:13:1102:0:1:f5ee:53b5,443
2602:fa4f:802:4555:9dd5:84f6:2d0a:4330,443
2604:a880:4:1d0:0:2:4633:9000,443
2607:9d00:2000:222::e511:e415,8443
2602:fa4f:802:cc74:f903:36a5:fe2:23c1,8443
2a01:4ff:f4:ce54::1,8443
2400:8d60:2::1:a330:fa4a,443
2604:a880:1:4a::1104:1000,443
2607:f130:0:14d:216:3eff:fe85:3b2e,443
2604:a880:4:1d0:0:2:e313:8000,443
2600:1f18:76a4:800:64be:6a7d:aab4:2efc,443
2a05:9402::3e1,443
2604:a880:4:1d0:0:2:e313:7000,443
2607:f130:0:150:216:3eff:feb7:f984,443
2604:a880:4:1d0:0:1:3896:4000,443
2604:a880:4:1d0:0:1:23c9:7000,443
2604:a880:4:1d0:0:2:4634:7000,443
2603:c024:c019:1702:0:e23d:1326:22b8,8443
2602:fce1:4c8:2505::,443
2602:fce1:44f:10c6::,8443
2602:fa59:9:281::1,443
2607:9d00:2000::8d63:1f51,2053
2600:1700:16d1:220f::1013,443
2602:f873:11:603:0:1:6077:8f80,443
2401:e9e0:1000::c1,443
2a01:4ff:f0:10c0::1,2096
2605:a140:2343:8154::1,8443
240d:c000:f07f:9000:3aac:8902:8bc:0,443
2604:a880:1:4a::1103:d000,443
2400:8d60:2::1:6d07:ac1e,443
2607:f130:0:14d:216:3eff:fe03:7480,8443
2603:c024:c01d:3f01:0:52e8:2d77:2d54,8443
2604:a880:2:d1:0:1:2fad:9001,443
2a0a:8c43::80,8443
2607:f130:0:187:216:3eff:fee4:92ac,443
2604:a880:4:1d0:0:2:4634:8000,443
2604:a880:4:1d0:0:2:4634:1000,443
2604:a880:4:1d0:0:2:458:9000,443
2400:8d60:2::1:bff9:b45b,443
2602:f873:11:603:0:1:9899:e80f,443
2602:fa59:10:ed::1,443
240d:c000:f07f:9000:7832:779c:1e12:0,443
2604:a880:4:1d0:0:2:4635:3000,443
240d:c000:f07f:9600:aa44:2b7e:d042:0,8443
2602:fa59:9:57b::1,443
2602:faa8:502:93::a,443
2602:f9f3:3000::db,8443
2400:8d60:2::1:d1ae:b27b,443
2604:a880:4:1d0:0:3:2511:0,443
2604:a880:4:1d0::e413:7000,443
2604:a880:2:d1:0:1:9b1:4001,443
2a04:c300:1000::3b1,8443
2602:fa4f:802:201a:e14c:880b:b8eb:95da,443
2606:fb40:1201:1001::8a,443
2400:8d60:2::1:f006:2924,8443
2a09:bac5:6217:3046::4cf:23,443
2602:fa59:9:f08::1,443
2602:fa59:10:2f6::1,443
2604:a880:4:1d0:0:2:4633:6000,443
2607:f130:0:16c:216:3eff:fe19:663,443
2a05:9402:0:8:d::a,8443
2602:f988:92:f2a::ba8,443
2600:1f10:47f9:6a00:e6c8:b5a4:4f1a:6329,443
2602:fc16:6:94::d3b8,8443
2602:fa59:13:92::1,8443
2607:f2d8:6065:11bd::a,443
2602:fa59:10:46::1,443
2602:fa4f:802:7d:8737:a366:1f37:985b,443
2400:8d60:2::1:5f1a:4987,443
2602:fa59:10:7ad::1,443
2400:8d60:2::1:97aa:f03,8443
2600:1f18:1970:b00:200:2f49:66b8:3eac,443
2a01:8640:5:b::1cb8:a5df,8443
2600:1f18:161b:3100:830:b9bd:cea4:c745,443
2604:a840:101:6e::a,443
2607:adc0:6:8a::94d5,8443
2604:2dc0:101:100::1c98,8443
2a01:7e03::2000:51ff:fe30:eb25,443
2607:f130:0:187::c681:a46f,8443
2604:2dc0:301::4:0:3f,443
2a0a:4cc0:2000:38f1:389f:bbff:fed3:9490,443
2a13:7c00:8:17:f816:3eff:feb8:bf23,443
2a0a:4cc0:2000:387d:28fb:87ff:fe3f:2158,8443
2a0a:4cc0:2000:7560:28f6:ff:febe:4e5b,2096
2a0a:4cc0:2000:269:247c:38ff:fe6f:a84,443
2a0a:4cc0:2000:e5e3:94f5:5ff:fe04:77d5,443
2a0a:4cc0:2000:241:6428:6eff:fea4:262a,443
2a0a:4cc0:2000:1e4:a809:dcff:fe06:dba6,443
2400:8d60:2::1:6075:8fe4,443
2400:8d60:2::1:17ad:f432,443
2604:2dc0:101:200::301f,443
2a0a:4cc0:2000:727c:a4cc:33ff:fe54:7ef2,443
2a0a:4cc0:2000:a111:48ec:24ff:fea5:9c89,2053
2607:f130:0:14f::94dc:16fa,443
2604:2dc0:101:200::d21,8443
2a0a:4cc0:2000:8cac:d49a:43ff:fed8:8ab3,8443
2a0a:4cc0:2000:c8f4:a836:dfff:fea3:91ef,443
2a0a:4cc0:2000:108:345d:39ff:fee3:fdd7,443
2a0a:4cc0:101:1e30:e462:84ff:fe4d:f6fb,8443
2607:9d00:2000:19b::5475:c6e,8443
2a0a:4cc0:2000:a62e:3852:deff:feb5:58d1,443
2602:fa4f:900:f4a3:dee3:59ac:221d:1fd,8443
2604:a880:4:1d0:0:1:3895:6000,443
2a0a:4cc0:2000:c459:b4f2:acff:fe59:a026,443
2a0a:4cc0:2000:22e:e8f7:3bff:fec5:5b14,443
2606:c700:1:59:5054:71ff:fec9:dcd4,443
2001:19f0:ac00:4bdb:5400:6ff:fe2f:9d3d,443
2001:19f0:ac01:1938:5400:6ff:fe7f:9cba,2083
2607:f358:1a:e::d1b7:d28d,2096
2607:5dc0:0:3d::2596:7fb2,443
2607:f358:1a:e::b135:c04e,8443
2400:8d60:2::1:719d:16a5,443
2001:19f0:ac01:29a:5400:1ff:feb0:cb6,8443
2604:a880:4:1d0:0:2:e313:0,443
2607:f358:1a:e::9f5d:64c6,443
2600:1f18:7236:6000:f601:7d15:d006:6e51,443
2a13:7c00:8:19:f816:3eff:fe61:7363,8443
2a01:7e04::f03c:95ff:fe36:93b7,443
2607:f358:1a:e::5e9d:a41f,443
2607:f358:1a:e::bb7:10c1,8443
2607:f358:1a:e::ac23:8d93,443
2a0a:4cc0:2000:30ea:3417:edff:fe74:e317,8443
2001:19f0:ac01:1b4b:5400:6ff:fe07:ab09,443
2605:52c0:2:5310:be24:11ff:fed3:6685,8443
2a0a:4cc0:2000:2fdf:58c3:d0ff:feeb:3ee9,443
2602:f873:13:1100:0:1:80a:6aa7,443
2607:f358:1a:e::fa75:b5fa,443
2604:a880:4:1d0:0:1:23c9:a000,443
2603:c020:401e:9700:0:97e2:146d:1e01,443
2602:f873:12:801:0:1:56b4:6ae1,443
2607:f358:1a:e::ca06:212b,443
2a01:7e04::2000:7cff:fed9:9017,443
2607:8700:5500:a8a::2,443
2602:f873:11:605:0:1:1694:92ef,443
2a12:bec0:68f:29a::,443
2602:f92a:100:fd00::a,443
2605:52c0:3:87:907b:2ff:fed9:a76c,8443
2a0a:4cc0:2000:3773:84ba:27ff:fec7:cddc,443
2a12:bec0:68f:60e::,443
2a0a:4cc0:2000:7a3e:b4f7:adff:fe15:fa00,443
2a0a:4cc0:2000:bbe5:d898:c3ff:fe46:55a9,443
2a12:bec0:68f:81f::,443
2602:fb54:1400::104,2087
2a0a:4cc0:2000:a658:e8ef:bbff:feaf:74c3,443
2a12:bec0:68f:60b::,443
2001:19f0:1000:3e6f:5400:5ff:fe90:caa,443
2a12:bec0:68f:74f::,443
2a0a:4cc0:2000:228:b892:d9ff:feb5:7fbe,443
2001:19f0:5:5935:5400:3ff:fee0:ed57,8443
2a0a:4cc0:2000:267:9836:b3ff:fe63:e052,443
2600:1f16:1504:3100:a71:31a0:941b:d7cc,443
2602:fa59:9:b83::1,443
2a13:7c00:8:16:f816:3eff:fe0d:11b6,443
2001:19f0:0:4e62:5400:4ff:fea6:4a22,443
2607:f130:e080:2:216:3eff:feca:9ebd,443
2001:19f0:4000:2105:5400:6ff:fe8b:929a,443
2001:19f0:4000:124d:5400:6ff:fe37:395a,443
2607:f130:e080:1:216:3eff:fe06:5bb7,443
2a12:bec0:68f:3f2::,443
2001:19f0:4000:2f1c:5400:6ff:fe70:2448,443
2a12:bec0:68f:1b5::,443
2605:52c0:1:c94:52:f7ff:fe49:a15c,8443
2604:a00:50:43:216:3eff:fe35:e2db,8443
2001:19f0:5:4020:5400:5ff:fe89:a177,8443
2600:3c03::2000:9aff:fe5a:5694,2083
2607:f130:e080:1:216:3eff:fe2f:a93a,8443
2001:19f0:6:24b:5400:6ff:fe17:3f3d,443
2001:19f0:4000:2a47:5400:6ff:fe88:75e5,8443
2001:19f0:5:3455:5400:1ff:fe5e:3af5,443
2001:19f0:1000:9f4a:5400:6ff:fe90:8e4,443
2001:19f0:5:5d35:5400:3ff:fe21:c1d8,443
2806:2ea::537,443
2607:f130:e080:3:216:3eff:fe67:f6cc,443
2604:a880:800:14:0:2:d26:e000,443
2a14:1b84:2000::3f9,443
2a05:9402::1d9,2053
2001:19f0:1000:71a7:5400:5ff:fe4e:fde9,443
2a14:67c3:12:72::a,443
2607:f358:1a:e::f912:28d4,443
2001:19f0:4000:1c63:5400:6ff:fe40:1c50,443
2600:3c03::f03c:91ff:fe79:afec,8443
2604:a00:50:e3:216:3eff:fe34:ff54,2087
2600:3c03::2000:14ff:fee2:a87,443
2a09:bac5:a316:292d::41a:1d,8443
2001:19f0:0:3ed8:5400:6ff:fe19:c04b,443
2602:fa5d:1::65,443
2001:19f0:4000:14d1:5400:6ff:fe50:6e8c,443
2a14:67c3:12:77::a,443
2602:f7f8:2:6::a,8443
2a0a:8c47::e2,443
2604:a880:4:1d0:0:2:4633:4000,443
2a0d:6c2:6:8d5::,443
2a03:90c0:1a5::562,443
2602:feda:30:ae86:2ed:8fff:fe7d:d2bf,443
2a0d:6c2:6:84::,443
2604:a840:100:30::a,443
2604:a880:800:14:0:1:8fce:7000,443
2a09:bac5:6216:1246::1d2:c8,2053
2604:a880:400:d1:0:4:2e9:e001,443
2604:a880:400:d1:0:4:8ed2:4001,2053
2604:a880:800:14:0:2:ef16:d000,443
2604:a880:400:d1:0:4:2bc7:b001,443
2604:a880:800:14:0:1:ead1:b000,443
2604:a880:400:d1:0:4:89b2:1,443
2a0d:6c2:6:e58::,443
2400:8d60:2::1:aa35:18e5,443
2604:a880:0:202a::f3f9:f000,443
2602:fd37:10a:f2::a,8443
2a13:7c00:8:4:f816:3eff:fe0d:d838,443
2604:a880:400:d1:0:3:9ad4:e001,443
2604:4500:9:3d:1c00:e0ff:fe00:67c,8443
2604:a880:0:202a::f3fa:1000,443
2a09:bac5:6213:1232::1d0:ed,8443
2607:f130:e080:2:216:3eff:fe41:93d9,443
2a0d:6c2:6:b81::,443
2604:a880:400:d1:0:4:2bc7:a001,443
2a14:67c3:12:6b::a,443
2604:a880:800:14:0:2:d28:4000,443
2a0d:6c2:6:15e::,443
2604:a880:0:202a::f3fa:5000,443
2a13:7c00:3:11:f816:3eff:fe5e:7a93,443
2604:a880:400:d1:0:4:2bc7:e001,443
2604:a880:800:14:0:2:d28:3000,443
2a13:7c00:3:22:f816:3eff:fe35:772e,443
2a13:7c00:3:11:f816:3eff:fed6:9fec,443
2604:a880:400:d1:0:4:ce8a:2001,443
2a0d:6c2:7:125::,443
2a13:7c00:3:23:f816:3eff:fe5f:cbf1,2083
2604:a880:800:14:0:2:d26:d000,443
2607:5dc0:0:b::8586:4263,443
2a09:bac5:c69c:1173::1bd:109,2083
2a13:4ac0:18:6:f816:3eff:fe49:317,8443
2602:fa5d:1::9a,2053
2a13:7c00:3:19:f816:3eff:fecd:62dc,443
2a13:7c00:3:12:f816:3eff:febb:9b31,443
2604:a880:400:d1:0:3:4cec:1,443
2604:a880:400:d1:0:4:2bc7:9001,443
2a13:7c00:3:18:f816:3eff:fe10:6e4,443
2604:a880:800:14:0:2:d26:a000,443
2602:fa5d:1::ce,443
2a0d:6c2:6:3fb::,443
2604:a880:400:d1:0:4:2bc7:7001,443
2604:a00:50:1f:216:3eff:fe33:88b6,8443
2602:f873:12:801:0:1:cc65:57e2,443
2604:a880:400:d1:0:4:7db3:3001,443
2607:f130:0:14b:216:3eff:fe7f:9a18,443
2604:2dc0:303::4:0:10f,443
2604:a880:400:d1:0:4:5414:2001,8443
2606:6080:2001:1080::a,443
2604:a880:4:1d0:0:2:4633:2000,443
2604:a880:400:d1:0:4:86f4:2001,443
2604:a880:800:14:0:1:8fcf:6000,443
2a0d:6c2:6:187::,2053
2a0d:6c2:7:f8::,443
2a0d:6c2:7:5f::,8443
2607:fb50:2100:0:5054:ff:fe5a:e028,443
2607:9000:800:5031::a,8443
2600:1f18:553b:3200:e309:d1ad:5ba:dc18,443
2600:3c01::f03c:93ff:fe5a:5f91,443
2600:3c01::f03c:93ff:fe19:2149,443
2602:fa5d:1::86,443
2600:3c01::f03c:93ff:fe5a:5fd8,443
2604:a880:800:14:0:1:eacd:4000,443
2606:6080:2001:1088::a,443
2600:3c01::f03c:93ff:fe19:21d5,443
2600:3c01::f03c:93ff:fe19:21ad,443
2605:fe80:2b:111:1c00:89ff:fe00:a46,8443
2604:a880:800:14:0:1:ead1:e000,443
2600:3c01::f03c:93ff:fe19:2188,443
2605:fe80:2b:108:1c00:dcff:fe00:542,2053
2600:1700:b2f2:8100::25,443
2604:a880:400:d1:0:4:8ea3:3001,443
2a0d:6c2:6:bc8::,443
2607:9000:8000:22:21a:4dff:fe94:264b,2053
2600:3c01::f03c:92ff:fe80:c106,443
2605:fe80:2b:111:1c00:12ff:fe00:9d6,443
2607:fb50:1900:0:5054:ff:fedc:c108,443
2604:a880:400:d1:0:4:5d96:1001,8443
2a0d:6c2:6:c27::,8443
2600:3c01::f03c:93ff:fe19:21b5,443
2600:3c01::f03c:93ff:fe19:2164,443
2001:19f0:ac00:3242:5400:6ff:fe4b:5d88,443
2605:fe80:2b:111:1c00:a2ff:fe00:981,2053
2602:f9f3:2000::6d,443
2605:fe80:2b:111:1c00:4fff:fe00:917,2083
2001:19f0:1000:9878:5400:5ff:fe78:2040,443
2600:3c01::f03c:93ff:fe19:213f,443
2a0a:4cc0:2000:237:78da:27ff:fe7f:dcd4,443
2604:a880:800:14:0:2:e387:2000,443
2a13:7c00:3:23:f816:3eff:fe6c:a158,443
2605:e440:6::1:1a6,443
2605:fe80:2b:108:1c00:20ff:fe00:53f,2053
2a13:7c00:3:14:f816:3eff:fec0:7fb5,443
2a0d:6c2:6:618::,443
2a0d:6c2:6:b34::,8443
2600:3c01::f03c:93ff:fe19:2127,443
2605:fe80:2b:111:1c00:dcff:fe00:97b,8443
2a14:640:3:8370::1,8443
2600:3c01::f03c:93ff:fe19:2103,443
2600:3c01::f03c:93ff:fe5a:5f0f,443
2604:a880:4:1d0:0:2:4633:7000,443
2a0d:6c2:6:11d::,2087
2600:3c01::f03c:93ff:fe19:21ee,443
2602:fa59:6:302::1,2053
2a0d:6c2:7:1a2::,8443
2604:a880:800:14:0:2:d28:1000,443
2606:2040:3800:4c::32,443
2600:3c01::f03c:93ff:fe5a:5f8c,443
2607:9000:800:5355::a,2087
2a12:bec4:1b73:7c19::1,443
2602:fa59:6:24f::1,8443
2604:a00:101:14:216:3eff:fe34:4284,8443
2602:fa59:6:96::1,8443
2a0d:6c2:6:4a3::,443
2602:f7b1:3:0:1::18a,443
2604:a00:101:22:216:3eff:fe35:9b35,8443
2604:a880:800:14:0:2:fe41:4000,443
2001:19f0:ac01:f87:5400:6ff:fe3e:4672,443
2604:a880:800:14:0:2:d28:2000,443
2600:1f16:d85:e800:f0f5:8e11:8669:dd3c,443
2a0d:6c2:6:1019::,8443
2001:19f0:ac00:307a:5400:6ff:fe3b:9f80,443
2605:fe80:2b:110:1c00:66ff:fe00:84a,2083
2600:3c01::f03c:93ff:fe19:21cc,443
2600:3c01::f03c:93ff:fe19:21fc,443
2a0c:9f00:a001:ff47::1,443
2a0d:6c2:6:c79::,8443
2a14:7981:2002:26f::,2087
2607:9000:800:52db::a,443
2a0d:6c2:6:ae3::,8443
2a0c:9f00:a001:feaf::1,443
2605:e440:6::1:2e5,443
2001:19f0:ac02:a17:5400:6ff:fe23:d25b,8443
2604:a880:400:d1:0:3:9ad5:1,443
2604:a880:0:202a::f3fa:7000,443
2001:19f0:ac01:1c1f:5400:6ff:fe36:9bda,443
2607:9000:800:545e::a,8443
2605:7380:8000:1000:8c9f:30ff:fe7a:28bf,443
2a04:5201:1::144,443
2604:ed40:1000:1711:948c:2dff:fe0b:39db,443
2a0d:6c2:6:b47::,443
2600:3c01::f03c:93ff:fe19:218f,443
2605:fe80:2b:105:1c00:97ff:fe00:247,443
2604:a880:800:10::e24:c001,443
2600:1f16:4ae:9400:93bc:b2c8:6dd0:2a3b,443
2600:3c01::f03c:93ff:fe5a:5f9a,443
2600:3c01::f03c:93ff:fe76:7423,8443
2603:c021:5:8c88::1008,443
2600:3c04::2000:adff:fec0:e62e,2053
2602:fa59:6:198::1,443
2602:fa59:6:3e0::1,8443
2001:19f0:ac00:4bf7:5400:6ff:fe6d:bcd7,8443
2001:19f0:ac00:3d39:5400:6ff:fe57:222f,443
2a13:4ac0:18:1:f816:3eff:fe51:13bd,2053
2607:5300:205:200::6544,8443
2001:19f0:ac00:3ae8:5400:5ff:fef8:eb08,8443
2001:19f0:ac00:339c:5400:6ff:fe79:ddd1,443
2605:6f01:2000:14::161,443
2a0d:6c2:6:378::,443
2600:3c01::f03c:93ff:fe19:212c,443
2a0c:9a40:9210:2:be24:11ff:fe86:aeb0,443
2607:5300:203:28dc::1,8443
2604:180:2:143::68ac,8443
2607:5300:205:200::a2ba,443
2607:5300:205:200::c87,8443
2607:5300:205:200::d16,443
2a0d:6c2:6:fc0::,2053
2a13:4ac0:18:4:f816:3eff:fe74:743b,443
2607:5300:205:200::9fc2,443
2607:5300:203:ab5d::84c8:d09f,443
2607:5300:205:200::4d5f,443
2a01:4ff:1f0:1122::1,443
2a01:4ff:1f0:f225::1,2083
2605:6f01:2000:14::bd,443
2607:5300:60:146e::,443
2603:c021:4:9a88::1022,443
2600:4040:9474:2200::1e9e,443
2607:f130:0:14b:216:3eff:fe77:eb56,443
2001:19f0:ac01:bcc:5400:6ff:fe84:dadd,443
2603:c021:4:9a88::1016,443
2600:3c01::f03c:93ff:fe19:2158,443
2602:fa5d:1::1a6,2083
2a01:4ff:1f0:17d6::1,443
2607:5300:205:200::78d6,8443
2a01:4ff:1f0:f4ed::1,2053
2605:7280:7::2000:d0f,443
2a01:4ff:1f0:6a30::1,443
2607:5300:205:200::9041,443
2607:5300:205:200::938c,8443
2607:5300:205:200::a90c,8443
2607:5300:400:fa00:32f2:f559:344b:5fab,2087
2a01:4ff:1f0:abaa::1,8443
2001:19f0:b001:c35:5400:6ff:fe98:c04a,443
2602:fd37:10a:6e::a,443
2a01:4ff:1f0:ca97::1,8443
2600:3c01::f03c:93ff:fe19:2139,443
2001:19f0:b002:697:5400:6ff:fe21:2247,8443
2a12:bec4:1b77:7baf::1,8443
2a12:bec4:1b70:7ff7::1,443
2605:6f01:2000:14::d1,443
2603:c021:4:9a88::1020,443
2603:c021:5:8c88::825,443
2607:5300:229:83c::1,443
2600:3c0a::2000:c1ff:fe85:8f0,443
2605:6f01:2000:14::1b0,443
2607:9000:8000:22:218:9cff:fe54:8139,443
2001:19f0:5:3390:5400:2ff:fe46:b195,443
2603:c021:4:9a88::1018,443
2602:ffc8:2:b04b::a,2087
2001:19f0:ac01:891:5400:6ff:fe05:79f4,8443
2001:19f0:ac00:41a9:5400:6ff:fe70:20e3,443
2605:6f01:2000:1b1::b522:efb8,443
2001:19f0:8000:1726:5400:5ff:fe3c:fa21,8443
2607:f130:0:14b:216:3eff:fe1d:37b7,443
2607:5300:205:200::4010,443
2605:6f01:2000:1b6::7c13:a233,443
2a0e:6901:201:8e:26a3:f0ff:fe49:6acc,443
2607:5300:205:200::37ad,8443
2605:a141:2291:3220::1,443
2001:19f0:8000:4f9d:5400:6ff:fe60:4981,8443
2600:4809:21f1:8400::6dc3,443
2001:19f0:8001:1c0a:5400:5ff:fe9f:6f2b,443
2001:19f0:8000:4032:5400:6ff:fe25:7c92,2053
2605:3a40:4::189,443
2605:6f01:2000:1b6::a450:6b3e,443
2600:1f14:5be:a900:a284:a2b0:10e1:dc8f,8443
2a0d:6c2:6:42f::,8443
2600:1f14:380b:3d00:b3ae:836c:412c:4a66,443
2001:19f0:8001:1b44:5400:6ff:fe4b:f80a,443
2600:1f14:26c4:3e00:494b:8ed8:c1f5:e196,443
2603:c021:5:8c88::1006,443
2001:19f0:8001:1670:5400:3ff:fe05:3353,443
2a0d:6c2:6:ea3::,8443
2001:19f0:b002:2bc:5400:6ff:fe33:a386,8443
2600:1f13:1cd:de00:3b5c:579f:9b67:5fd0,8443
2a0d:6c2:6:492::,443
2600:1f14:36ab:3400:99a5:1dad:c1e0:8e0a,443
2600:1f13:e6d:1c00:275c:e4b1:2e22:d417,443
2001:19f0:8000:44a8:5400:6ff:fe1b:c453,443
2603:c023:4005:457e:0:5716:f83c:d2db,443
2600:1f14:1eab:8f00:7405:b0d3:dc0e:f8a5,443
2001:19f0:8000:47b7:5400:6ff:fe76:7f9b,443
2600:1f13:644:5100:b284:949e:7442:f359,8443
2600:1f14:2d9d:2000:7cd8:bb93:ec42:3e0f,443
2001:19f0:8000:4a03:5400:6ff:fe3d:7814,8443
2001:470:1f06:36::2,443
2a09:bac5:cad4:3228::4ff:26,443
2600:1f14:51c:2800:dc87:a3d6:e613:f216,443
2600:1f14:3642:7300:8e26:a87b:f257:af4f,443
2607:f748:c2:105:1c00:3eff:fe00:260,443
2601:152:5000:89cf:539a:10e4:eb43:e3d5,8443
2607:5501:3000:39a::2,443
2001:19f0:b002:615:5400:6ff:fe67:f430,443
2402:1920:ffff:100:5638:7c18:7e31:ac4e,443
2605:a141:2293:4007::1,443
2607:5501:3000:868::2,443
2001:19f0:8001:cea:5400:4ff:fe9d:f3a3,8443
2001:19f0:8001:5a9:5400:6ff:fe8f:d2f5,443
2a09:bac1:76e0:118::2ac:76,8443
2607:5501:3000:c23::2,443
2607:5501:3000:394::2,8443
2607:5501:3000:40a::2,443
2607:f2d8:8416:1012::a,443
2605:6f01:2000:11f::1565:4e46,443
2600:3c04::2000:5fff:fe0c:fc62,443
2607:fea8:3d1d:a000::99cb,443
2602:ffd5:600:2::2,8443
2001:19f0:8000:47ea:5400:6ff:fe0e:829d,443
2605:6f06:2000:80::50,443
2607:5501:3000:6ce::2,443
2607:5501:3000:cdb::2,443
2607:5501:3000:6e0::2,443
2607:5501:3000:8dc::2,8443
2a09:bac1:7680:118::311:dc,443
2607:5501:3000:6a2::2,8443
2607:5501:3000:18af::2,443
2607:5501:3000:3f2::2,443
2a09:bac1:76a0:450::21e:131,443
2602:fa59:3:1d2::1,443
2001:19f0:8001:2de:5400:4ff:fe70:7841,443
2607:5501:3000:2a0::2,8443
2001:19f0:8001:bf5:5400:6ff:fe16:7b2e,8443
2601:410:8700:e4f0:ded8:7cff:fe27:dd67,8443
2600:1f11:9d:9500:283e:530d:68ad:6aa,443
2602:fa59:3:4c6::1,8443
2a09:bac5:a5ff:123::1d:106,8443
2607:f748:c2:111:1c00:dbff:fe00:914,2053
2601:40f:4000:3970::1,2053
2604:9cc0:0:4d71::1,443
2602:fa59:3:128::1,443
2600:1900:4040:2d::,443
2604:a880:cad:d0:0:1:47fa:1,443
2604:2dc0:222::5b1,8443
2602:fa59:3:388::1,8443
2604:a880:cad:d0:0:1:47f9:b001,443
2602:fa59:3:70c::1,443
2602:fa59:3:3cd::1,443
2604:9cc0:c:8f14:73b7:97fe:42fa:c22,443
2604:2dc0:208:1800::,443
2606:65c0:10:1d4:53c9:6816:b206:29a6,8443
2604:a880:cad:d0:0:1:47f9:a001,443
2604:a880:cad:d0:0:1:163c:d001,443
2604:180:1:71e::e453,443
2607:5300:205:200::66a6,8443
2606:65c0:10:3d6:44a9:63dc:f0ea:27af,443
2600:1f14:1fb:fb00:5a9b:b2cd:603a:59af,443
2602:fa59:3:659::1,2053
2604:a880:cad:d0:0:1:47f9:e001,443
2606:65c0:10:253:9c67:db14:c951:e701,443
2604:a880:cad:d0:0:1:47fb:2001,443
2a12:6fc0::491,8443
2604:a880:cad:d0:0:1:a4f4:7001,443
2604:a880:cad:d0:0:1:92f6:3001,443
2604:a880:cad:d0:0:1:862f:a001,443
2600:1900:4041:21b::,443
2a09:bac5:cad7:119::1c:34d,8443
2607:f130:0:14b::4d8f:37fe,443
2604:a880:cad:d0:0:1:47f9:f001,443
2607:8700:5500:322e::2,443
2604:9cc0:1e::a96c:9b9b,443
2a0e:97c0:3f2::2ef,443
2a0d:6c2:6:60d::,443
2a0e:97c0:3f2::105,443
2a0e:97c0:3f2::115,8443
2602:fafd:f50:9c::a,2053
2606:65c0:10:388:3b30:749a:45c:e44b,8443
2001:df2:c740:601::b437:2ef7,443
2604:3d08:8980:c77:f19d:8f02:1e8f:9433,443
2a0e:97c0:3f2::164,443
2001:df2:c740:602:0:1:b3ec:8ef9,443
2001:df2:c740:600::4182:3b98,8443
2604:3d08:1:1d:c148:da8d:9f58:59bb,8443
2602:fa59:4:130::1,443
2001:df2:c740:602:0:1:1e89:f4ac,443
2605:52c0:2:4cd7:be24:11ff:fe45:d824,8443
2001:470:66:1b::2,443
2604:a880:0:1010::13:e001,443
2a05:d018:33:db00:75dc:873b:ca2f:1b74,443
2600:1f14:1c3d:800:dbe8:7276:2161:b299,443
2a0d:6c2:12:4aa::,8443
2a0d:6c2:12:296::,443
2a0d:6c2:12:242::,2053
2a0d:6c2:12:3e3::,443
2a0d:6c2:12:1a4::,2053
2a05:f480:2800:2caa:5400:6ff:fe7c:1cf6,443
2a0d:6c2:12:245::,443
2a10:1fc0:3::e23b:504b,443
2a0d:6c2:12:40a::,8443
2a09:bac1:23a0:30::39f:71,8443
2a0d:6c2:12:3c4::,443
2a0d:6c2:12:2ed::,8443
2a0d:6c2:12:54d::,443
2605:e440:3::1:22b,443
2a0d:6c2:12:1b4::,443
2a0d:6c2:12:439::,443
2a0d:6c2:12:231::,443
2a0d:6c2:12:3a2::,443
2a0d:6c2:12:234::,8443
2a01:8640:3:2::6714:73d6,443
2a0d:6c2:13:a7::,8443
2a10:1fc0:3::138b:e217,443
2605:e440:3::15c,443
2a0d:6c2:12:a6::,8443
2a0d:6c2:12:c0::,443
2a05:f480:2800:203a:5400:6ff:fe4c:8f76,443
2a0d:6c2:12:374::,443
2a0d:6c2:12:1e9::,443
2001:ba0:243:9500::1,8443
2a03:b0c0:1:e0:0:1:288b:7001,443
2a03:b0c0:1:e0:0:1:2836:f001,443
2001:ba0:281:1100::1,443
2a03:b0c0:1:e0:0:1:2568:c001,443
2a0d:6c2:12:1cd::,8443
2a03:b0c0:1:e0:0:1:2609:7001,443
2602:fa59:1:195::1,443
2a03:b0c0:1:e0:0:1:2836:c001,443
2a13:7c00:5:1:f816:3eff:fed5:763b,443
2400:8d60:1::1:a1ba:23b5,443
2a03:b0c0:1:e0:0:1:2587:b001,443
2a05:d01c:d7c:4000:510:8994:c9c5:c107,8443
2a03:b0c0:1:e0:0:1:15b4:1001,443
2a03:b0c0:1:e0:0:1:255b:b001,443
2a03:b0c0:1:e0:0:1:2609:5001,443
2a03:b0c0:1:e0:0:1:257f:e001,443
2a03:b0c0:1:e0:0:1:26e3:7001,443
2a03:b0c0:1:e0:0:1:2836:e001,443
2001:19f0:7400:126f:5400:6ff:fe33:44ce,8443
2a03:b0c0:1:e0:0:1:40b5:6001,443
2a03:b0c0:1:e0:0:1:288b:6001,443
2a03:b0c0:1:e0:0:1:2587:c001,443
2a03:b0c0:1:e0:0:1:2568:e001,443
2a01:7e00::2000:86ff:fea4:e710,443
2a03:b0c0:1:e0:0:1:2553:7001,443
2400:8d60:1::fd24:a319,8443
2a03:b0c0:1:e0:0:1:2562:5001,443
2a13:7c00:5:44:f816:3eff:fe77:a8e4,443
2a13:7c00:5:4:f816:3eff:fe7e:75f0,443
2a03:b0c0:1:e0:0:1:40b5:4001,443
2a03:b0c0:1:e0:0:1:2572:6001,443
2a06:a880:2:4eca::1,443
2a03:b0c0:1:e0:0:1:38db:d001,443
2a03:b0c0:1:e0:0:1:2561:d001,443
2602:fa59:1:13a::1,8443
2a13:7c00:5:36:f816:3eff:fe1c:316b,8443
2a03:b0c0:1:e0:0:1:2609:2001,443
2a13:7c00:5:39:f816:3eff:fe3a:57f5,8443
2a03:b0c0:1:e0:0:1:2587:8001,443
2a03:b0c0:1:e0:0:1:2561:f001,443
2a03:b0c0:1:e0:0:1:257f:f001,443
2a03:b0c0:1:e0:0:1:26e3:1001,443
2a03:b0c0:1:e0:0:1:396b:3001,443
2a13:7c00:5:12:f816:3eff:fe17:2325,8443
2a03:b0c0:1:e0:0:1:257f:d001,443
2a03:b0c0:1:e0:0:1:2580:1,443
2a03:b0c0:1:e0:0:1:2587:9001,443
2a01:7e00::f03c:93ff:fe5a:5f43,443
2a03:b0c0:1:e0:0:1:3b6e:9001,443
2a13:7c00:5:8:f816:3eff:feb1:438d,443
2a03:b0c0:1:e0:0:1:3b6f:1001,443
2a03:b0c0:1:e0:0:1:26e3:4001,443
2a03:b0c0:1:e0:0:1:26e3:8001,443
2602:fa59:1:62::1,443
2a03:b0c0:1:e0:0:1:2572:8001,443
2a03:b0c0:1:e0:0:1:40b5:a001,443
2a03:b0c0:1:e0:0:1:2561:e001,443
2a03:b0c0:1:e0:0:1:2569:3001,443
2a03:b0c0:1:e0:0:1:2572:9001,443
2a05:f480:1c00:c53:5400:6ff:fe1e:be51,443
2a03:b0c0:1:e0:0:1:288b:3001,443
2a03:b0c0:1:e0:0:1:3ef3:b001,443
2a13:7c00:5:41:f816:3eff:fec7:7d39,8443
2a03:b0c0:1:e0:0:1:2557:c001,443
2a03:b0c0:1:e0:0:1:2609:8001,443
2a03:b0c0:1:e0:0:1:26e3:5001,443
2a03:b0c0:1:e0:0:1:2836:8001,443
2a03:b0c0:1:e0:0:1:2bc3:1001,443
2a03:b0c0:1:e0:0:1:2609:4001,443
2a03:b0c0:1:e0:0:1:2609:9001,443
2a03:b0c0:1:e0:0:1:2587:a001,443
2a04:92c7:2:103::3598,443
2a01:7e00::2000:86ff:fe85:6565,443
2a13:7c00:5:20:f816:3eff:fe2f:b3a8,443
2a03:b0c0:1:e0:0:1:2837:1,443
2a12:bec4:1871:64e::40b,443
2001:19f0:6801:ce4:5400:5ff:fe21:9c4c,8443
2a0d:3003:b700:110:1c00:41ff:fe00:ad5,2053
2a0b:89c1:2::184,443
2a03:b0c0:1:e0:0:1:2ef3:e001,443
2a12:bec4:1871:d9c::116,443
2001:19f0:6801:a69:5400:6ff:fe1a:49f6,443
2a13:7c00:5:1:f816:3eff:fe2d:8c4c,443
2a0b:89c1:2::230,443
2a13:7c00:5:1:f816:3eff:fe77:9bf4,443
2a0b:89c1:2::ff,443
2a0d:6c2:12:76::,443
2602:fa59:1:567::1,443
2a03:b0c0:1:e0:0:1:26e2:f001,443
2a12:bec4:1873:4a4::f2d,443
2a13:7c00:5:28:f816:3eff:fec5:b49f,443
2a03:b0c0:1:e0:0:1:2572:b001,443
2a13:7c00:5:2:f816:3eff:fe80:e063,443
2602:fa59:1:318::1,443
2a03:b0c0:1:e0:0:1:2b8f:5001,443
2a13:7c00:5:31:f816:3eff:fef1:57b7,8443
2a13:7c00:5:45:f816:3eff:fe13:d7b1,443
2a03:b0c0:1:e0:0:1:26e3:2001,443
2a0e:dc0:5:84dd::1,443
2001:19f0:7402:143a:5400:6ff:fe3f:c38d,443
2a01:7e00::f03c:93ff:fe5a:5fed,443
2a03:b0c0:1:e0:0:1:3ef3:5001,443
2a03:b0c0:1:e0:0:1:2553:2001,443
2a03:b0c0:1:e0:0:1:2587:5001,443
2a03:b0c0:1:e0:0:1:15b3:d001,443
2a13:7c00:5:34:f816:3eff:fe9d:552c,8443
2a03:b0c0:1:e0:0:1:2bc1:a001,443
2a13:7c00:5:35:f816:3eff:fe14:9b22,8443
2a04:92c7:2:12b::9bc4,8443
2a03:b0c0:1:e0:0:1:2587:6001,443
2001:19f0:6801:135d:5400:5ff:fe21:cc4c,443
2a13:7c00:5:34:f816:3eff:fefd:d8e3,8443
2a03:b0c0:1:e0:0:1:2587:e001,443
2a03:b0c0:1:e0:0:1:2580:1001,443
2a03:b0c0:1:e0:0:1:288b:1,443
2a03:b0c0:1:e0:0:1:2568:b001,443
2a0a:8dc0:1f9::a,443
2a03:b0c0:1:e0:0:1:2569:1,443
2a03:b0c0:1:e0:0:1:2562:1,443
2a03:b0c0:1:e0:0:1:26e3:6001,443
2a13:7c00:5:31:f816:3eff:fe14:8462,443
2a03:b0c0:1:e0:0:1:38db:c001,443
2a01:7e00::2000:9ff:feca:c9da,443
2a10:1fc0:7::3a9c:9203,443
2a03:b0c0:1:e0:0:1:38db:9001,443
2a03:b0c0:1:e0:0:1:2587:d001,443
2a13:7c00:5:3:f816:3eff:fed9:ebf2,443
2a03:b0c0:1:e0::cc32:2001,443
2a03:b0c0:1:e0:0:1:288b:2001,443
2a03:b0c0:1:e0::d26e:1001,443
2a04:92c7:2:1af::d945,443
2a04:92c7:2:146::3ec4,443
2a03:b0c0:1:e0:0:1:4eba:3001,443
2a03:b0c0:1:e0:0:1:2569:1001,443
2a01:7e00::f03c:93ff:fe5a:5f50,443
2a03:b0c0:1:e0:0:1:26e3:3001,443
2a03:b0c0:1:e0:0:1:2836:d001,443
2001:19f0:7400:1cc0:5400:6ff:fe42:5280,2053
2a03:b0c0:1:e0:0:1:2836:b001,443
2a03:b0c0:1:e0:0:1:1f69:2001,443
2a13:7c00:5:25:f816:3eff:fe63:e0f,443
2001:1b40:5000:a0:216:3eff:fe1f:f2ce,2096
2a03:b0c0:1:e0:0:1:3ef3:7001,443
2a03:b0c0:1:e0:0:1:2b8f:4001,443
2a03:b0c0:1:e0:0:1:33d0:6001,443
2a13:7c00:5:11:f816:3eff:fe0e:3033,443
2a03:b0c0:1:e0:0:1:2557:b001,443
2a03:b0c0:1:e0:0:1:2561:a001,443
2a03:b0c0:1:e0:0:1:2bc2:2001,443
2a03:b0c0:1:e0:0:1:2bc1:9001,443
2a03:b0c0:1:e0:0:1:4eb9:d001,443
2a03:b0c0:1:e0:0:1:216a:1,443
2a03:b0c0:1:e0:0:1:288b:4001,443
2a03:b0c0:1:e0:0:1:2557:7001,443
2a03:b0c0:1:e0:0:1:1685:7001,443
2a13:7c00:5:24:f816:3eff:fe98:9551,443
2a03:b0c0:1:e0:0:1:1684:e001,443
2a03:b0c0:1:e0:0:1:2561:8001,443
2a13:7c00:5:29:f816:3eff:fe56:e80,8443
2a04:92c7:2:2a6::59b3,443
2a03:b0c0:1:e0:0:1:38db:b001,443
2a03:b0c0:1:e0:0:1:2557:9001,443
2a01:348:70:3924::1,443
2a13:7c00:5:3:f816:3eff:fe34:2581,443
2a05:d01c:f2:b400:14c4:478b:191:cb3b,443
2a03:b0c0:1:e0::d811:1001,443
2a03:b0c0:1:e0:0:1:288a:f001,443
2400:8d60:1::21fd:82c9,443
2a13:7c00:5:32:f816:3eff:feeb:c8d7,8443
2a04:92c7:2:c9::36a4,8443
2001:41d0:801:2000::1b01,8443
2a03:b0c0:1:e0:0:1:3b6e:a001,443
2a13:7c00:5:47:f816:3eff:fee1:6d22,8443
2a03:b0c0:1:e0:0:1:2bc3:1,443
2a03:b0c0:1:e0:0:1:2aa1:5001,443
2a03:b0c0:1:e0:0:1:2bc3:4001,443
2a03:b0c0:1:e0:0:1:2bc3:3001,443
2a04:92c7:2:131::b96e,443
2a13:7c00:5:14:f816:3eff:fe94:68be,443
2001:19f0:7401:8658:5400:6ff:fe47:3ba9,443
2600:3c13::2000:5ff:feb4:b520,443
2a03:b0c0:1:e0:0:1:38db:8001,443
2a03:b0c0:1:e0:0:1:2580:2001,443
2a03:b0c0:1:e0:0:1:396a:d001,443
2a03:b0c0:1:e0:0:1:15b4:1,443
2a03:b0c0:1:e0:0:1:2b8f:7001,443
2a13:7c00:5:22:f816:3eff:fe32:fc0,443
2a03:b0c0:1:e0:0:1:2b2a:a001,443
2a13:7c00:5:22:f816:3eff:fed6:d937,443
2a03:b0c0:1:e0::d26d:d001,443
2a03:b0c0:1:e0:0:1:4ed3:1001,443
2a03:b0c0:1:e0:0:1:4eb9:6001,443
2a03:b0c0:1:e0:0:1:2b62:e001,443
2a03:b0c0:1:e0::dd6f:c001,443
2602:fa59:1:344::1,443
2a03:b0c0:1:e0::e604:d001,443
2a03:b0c0:1:e0:0:1:15b3:a001,443
2a03:b0c0:1:e0:0:1:2568:d001,443
2a03:b0c0:1:e0:0:1:4eba:2001,443
2600:3c13::2000:5aff:fe12:1546,443
2a03:b0c0:1:e0:0:1:2572:7001,443
2a03:b0c0:1:e0:0:1:1f68:d001,443
2a13:7c00:5:31:f816:3eff:fe95:5d10,443
2a03:b0c0:1:e0:0:1:2609:3001,443
2a13:7c00:5:16:f816:3eff:fe2c:462f,443
2a03:b0c0:1:e0:0:1:40b5:2001,443
2a03:b0c0:1:e0:0:1:40b5:b001,443
2a03:b0c0:1:e0:0:1:4eba:1001,443
2a01:7e00::f03c:93ff:fe5a:5f3b,443
2a03:b0c0:1:e0:0:1:2f1f:e001,443
2a03:b0c0:1:e0:0:1:2169:d001,443
2a03:b0c0:1:e0::cc32:1001,443
2a03:b0c0:1:e0:0:1:236a:1,443
2a03:b0c0:1:e0:0:1:2bc1:7001,443
2a03:b0c0:1:e0::cc32:4001,443
2600:3c13::2000:54ff:fec3:c476,443
2a03:b0c0:1:e0:0:1:4ed2:e001,443
2a03:b0c0:1:e0::d6ef:8001,443
2a03:b0c0:1:e0:0:1:2b8f:3001,443
2a03:b0c0:1:e0::d26d:f001,443
2a03:b0c0:1:e0::dd6f:a001,443
2a03:b0c0:1:e0:0:1:3b6e:f001,443
2600:3c13::2000:fdff:febc:a2aa,443
2a03:b0c0:1:e0:0:1:1f68:f001,443
2a03:b0c0:1:e0:0:1:2bc1:b001,443
2a13:7c00:5:19:f816:3eff:fe16:7158,443
2a03:b0c0:1:e0:0:1:2b8b:1,443
2a03:b0c0:1:e0:0:1:2369:c001,443
2a03:b0c0:1:e0:0:1:396b:1001,443
2a03:b0c0:1:e0:0:1:2135:2001,443
2001:41d0:801:2000::447b,443
2a13:7c00:5:23:f816:3eff:feab:9985,443
2a13:7c00:5:35:f816:3eff:fe4c:2319,443
2a03:b0c0:1:e0:0:1:2b8b:2001,443
2a03:b0c0:1:e0:0:1:4eba:1,443
2a03:b0c0:1:e0:0:1:24b3:f001,443
2a03:b0c0:1:e0:0:1:4dd8:c001,443
2a03:b0c0:1:e0:0:1:1684:f001,443
2a03:b0c0:1:e0:0:1:2b2a:6001,443
2a13:7c00:5:8:f816:3eff:fee9:298b,443
2a03:b0c0:1:e0:0:1:a85a:f001,443
2a03:b0c0:1:e0:0:1:33d0:7001,443
2a03:b0c0:1:e0:0:1:2aa1:2001,443
2603:c020:c011:ad00:0:b07a:a9a8:cf01,443
2a03:b0c0:1:e0:0:1:2aa1:6001,443
2a03:b0c0:1:e0:0:1:2b8e:e001,443
2a03:b0c0:1:e0:0:1:2b2a:7001,443
2a03:b0c0:1:e0:0:1:24b3:b001,443
2a03:b0c0:1:e0::ccf9:5001,443
2001:19f0:6801:208:5400:4ff:fea6:6a4a,8443
2a03:b0c0:1:e0:0:1:2b8f:1001,443
2a03:b0c0:1:e0:0:1:2ef4:2001,443
2a03:b0c0:1:e0:0:1:2369:f001,443
2a03:b0c0:1:e0:0:1:2bc3:2001,443
2001:41d0:801:2000::48af,8443
2a03:b0c0:1:e0:0:1:1685:1,443
2a03:b0c0:1:e0:0:1:2bc3:7001,443
2a03:b0c0:1:e0:0:1:15b3:e001,443
2a03:b0c0:1:e0:0:1:38db:f001,443
2a03:b0c0:1:e0:0:1:38dc:1,443
2a03:b0c0:1:e0:0:1:4c74:7001,443
2a03:b0c0:1:e0:0:1:24b3:7001,443
2a03:b0c0:1:e0:0:1:2ef4:4001,443
2a11:840:62:1b::ef73:f5a5,443
2a03:b0c0:1:e0:0:1:2bc3:5001,443
2a03:b0c0:1:e0::cc31:d001,443
2a03:b0c0:1:e0:0:1:4eb9:4001,443
2a03:b0c0:1:e0:0:1:15b3:f001,443
2a03:b0c0:1:e0:0:1:1f69:5001,443
2a03:b0c0:1:e0:0:1:341b:9001,443
2001:41d0:801:2000::7ab6,443
2a03:b0c0:1:e0:0:1:2169:f001,443
2a13:7c00:11:11:f816:3eff:fe26:7979,443
2a03:b0c0:1:e0:0:1:2b8f:6001,443
2a03:b0c0:1:e0:0:1:2bc3:8001,443
2a04:5201:10:5c::1,443
2a03:b0c0:1:e0:0:1:2134:f001,443
2a13:7c00:5:27:f816:3eff:fe12:7e2a,8443
2a05:f480:3400:2019:5400:6ff:fe9d:aa87,8443
2a03:b0c0:1:e0::e605:2001,443
2a03:b0c0:1:e0:0:1:15b4:2001,443
2a03:b0c0:1:e0::d668:a001,443
2a03:b0c0:1:e0:0:1:216a:4001,443
2a03:b0c0:1:e0:0:1:15b4:3001,443
2a03:b0c0:1:e0:0:1:15b3:b001,443
2a13:7c00:5:25:f816:3eff:fe66:9437,443
2a03:b0c0:1:e0:0:1:3407:8001,443
2a03:b0c0:1:e0::d26d:a001,443
2a03:b0c0:1:e0:0:1:2134:a001,443
2a03:b0c0:1:e0:0:1:2b2a:8001,443
2a03:b0c0:1:e0:0:1:341b:a001,443
2a03:b0c0:1:e0:0:1:216a:2001,443
2a03:b0c0:1:e0::cc31:e001,443
2a13:7c00:5:23:f816:3eff:fe18:e3c,443
2001:41d0:800:3595::d56c:328,443
2a03:b0c0:1:e0:0:1:4eb9:5001,443
2a03:b0c0:1:e0::c9f1:6001,443
2a03:b0c0:1:e0:0:1:1685:3001,443
2a03:b0c0:1:e0:0:1:341b:b001,443
2a03:b0c0:1:e0::cc31:c001,443
2a03:b0c0:1:e0::d26d:e001,443
2a03:b0c0:1:e0:0:1:2aa1:1,443
2001:19f0:7402:4de:5400:6ff:fe32:f3d3,443
2a03:b0c0:1:e0:0:1:4eb9:9001,443
2a03:b0c0:1:e0::e605:1,443
2a05:f480:1c00:869:5400:5ff:fe40:e97e,443
2a13:7c00:5:12:f816:3eff:fe7b:22df,443
2001:41d0:801:2000::4b9c,2053
2a03:b0c0:1:e0:0:1:4ed2:c001,443
2a03:b0c0:1:e0:0:1:2b2a:5001,443
2a03:b0c0:1:e0::d26d:c001,443
2a03:b0c0:1:e0:0:1:24b3:e001,443
2a02:c204:3019:1165::1,443
2a03:b0c0:1:e0:0:1:2369:d001,443
2604:86c0:f301:18:0:1:ffff:1,443
2a03:b0c0:1:e0:0:1:2aa0:d001,443
2a03:b0c0:1:e0:0:1:2b63:1001,443
2a13:7c00:11:10:f816:3eff:fe99:472e,2083
2a03:b0c0:1:e0:0:1:2bc1:8001,443
2a03:b0c0:1:e0:0:1:341b:f001,443
2a03:b0c0:1:e0::ccf9:7001,443
2a03:b0c0:1:e0:0:1:2b62:a001,443
2a03:b0c0:1:e0::c43e:c001,8443
2a03:b0c0:1:e0:0:1:4ed2:f001,443
2a03:b0c0:1:e0:0:1:4ed2:b001,443
2a03:b0c0:1:e0:0:1:216a:5001,443
2a03:b0c0:1:e0:0:1:4c74:b001,443
2a03:b0c0:1:e0:0:1:2134:d001,443
2605:e440:8::1:326,443
2a02:2658:1033:1:216:3eff:fee4:7ab1,2053
2a03:b0c0:1:e0:0:1:2ef4:3001,443
2a03:b0c0:1:e0:0:1:2aa0:e001,443
2a13:7c00:11:1:f816:3eff:fef6:50ca,443
2a13:7c00:11:5:f816:3eff:fe4d:b902,8443
2a13:7c00:5:27:f816:3eff:fedf:11d1,443
2a13:7c00:11:1:f816:3eff:febf:41cd,8443
2a03:b0c0:1:e0:0:1:1685:4001,443
2a05:f480:3400:2928:5400:6ff:fe99:577c,443
2001:41d0:801:2000::2cfa,443
2a03:b0c0:1:e0::ccf9:9001,443
2a03:b0c0:1:e0:0:1:3ef3:c001,443
2a13:7c00:11:2:f816:3eff:fe51:4029,443
2a03:b0c0:1:e0:0:1:2135:3001,443
2a03:b0c0:1:e0::c9f1:7001,443
2a13:7c00:11:14:f816:3eff:feb0:6f64,443
2a03:b0c0:1:e0::d810:f001,443
2001:4b98:dc0:43:f816:3eff:fefc:5211,443
2a03:b0c0:1:e0:0:1:3b6e:d001,443
2a13:7c00:5:33:f816:3eff:fefb:2eb7,443
2a03:b0c0:1:e0:0:1:24b3:6001,443
2a03:b0c0:1:e0:0:1:2b8b:7001,443
2a13:7c00:11:11:f816:3eff:fe6b:e3fe,443
2a03:b0c0:1:e0:0:1:37fc:d001,443
2a03:b0c0:1:e0::d26e:1,443
2a03:b0c0:1:e0::cc32:1,443
2a03:b0c0:1:e0:0:1:2b8b:1001,443
2a03:75c0:20:32a::1,443
2a13:7c00:5:17:f816:3eff:fecc:b5e4,443
2001:41d0:800:2e54::41a6:acf8,443
2a13:7c00:11:10:f816:3eff:fe9f:923c,443
2a03:b0c0:1:e0:0:1:33d0:b001,443
2a03:b0c0:1:e0:0:1:2b8e:f001,443
2a13:7c00:11:11:f816:3eff:fea1:34c1,443
2600:3c07::2000:38ff:fe79:762,443
2a0c:16c2:500:8d2::26b3,443
2a13:7c00:5:31:f816:3eff:fe59:b2a3,443
2a0c:16c2:500:e9c::a3d6,2096
2600:3c07::f03c:93ff:fe4a:5793,443
2a0c:16c2:500:f88::a4be,443
2a0c:16c2:500:d0c::bea5,8443
2a03:b0c0:1:e0:0:1:24b3:a001,443
2a0c:16c2:500:74b::d63a,443
2a04:5201:7::836,443
2a0c:16c2:500:f19::6cb5,8443
2a04:5201:7::6a9,443
2a03:f80:31:b33::1,443
2a0c:16c2:500:c4c::e38a,443
2a0c:16c2:500:551::ca35,8443
2a03:b0c0:1:e0:0:1:2b8b:4001,443
2a03:b0c0:1:e0:0:1:59d6:1,443
2a10:1fc0:11::e89b:5f3,443
2a03:6f02::f691,443
2a0c:16c2:500:f42::4273,8443
2a03:6f02::1:734d,443
2001:19f0:5001:3801:5400:6ff:fe31:7b91,443
2605:e440:2::83,443
2a03:6f02::1:6930,2053
2a03:6f02::a701,2053
2a03:b0c0:1:e0:0:1:4eb9:7001,443
2a03:6f02::e95c,443
2a03:b0c0:1:e0:0:1:3ef3:d001,443
2a0c:16c2:500:67c::948d,443
2605:e440:2::3:319,2053
2001:4b98:dc0:43:f816:3eff:fecb:9e3e,443
2a03:b0c0:0:1051::2404:c000,443
2a03:6f02::1:718b,443
2a03:b0c0:1:e0:0:1:3b6f:1,443
2a09:bac1:5500::3e3:22,443
2a0a:eec0:2::221,443
2a0d:8480:3:55c::,443
2a0c:16c2:500:377::3285,8443
2a0d:2787:1b:13b3::a,443
2605:e440:2::3:178,8443
2a0d:8480:1:210a::,443
2a03:6f02::7744,443
2605:e440:2::2:f8,443
2a03:b0c0:0:1051::23e1:6000,443
2a03:b0c0:0:1051::23d1:9000,443
2a03:b0c0:2:f0:0:1:5ce6:1001,443
2400:8d60:11::2b08:c194,8443
2603:c022:c007:3188::7290,443
2605:e440:2::c7,443
2a0c:16c2:500:dd9::cd43,443
2a03:6f02::7920,2053
2a03:b0c0:1:e0:0:1:1685:5001,443
2a03:6f02::9ed0,443
2a03:b0c0:1:e0::cc31:b001,443
2a0c:16c2:500:53f::b6d3,443
2a03:6f02::b47e,2087
2a03:6f02::9f8a,443
2a03:f80:31:eff2::1,443
2a03:b0c0:1:e0:0:1:2580:4001,2096
2a03:b0c0:2:f0:0:1:5b6c:9001,443
2a0c:16c2:500:67d::34ea,443
2a0c:16c2:500:76a::e8d5,443
2a0d:8480:1:200e::,443
2a03:b0c0:2:f0:0:1:5bcb:8001,443
2a03:6f02::8a59,8443
2a13:7c00:11:7:f816:3eff:fe85:f398,443
2a03:b0c0:0:1051::2404:d000,443
2a01:6f0:ffff:3975::1,2096
2001:19f0:5001:14cc:5400:6ff:fe7b:332e,443
2a0c:16c2:500:6df::749e,443
2a03:b0c0:0:1051::243e:f000,443
2a03:b0c0:0:1051::26c5:6000,443
2a03:b0c0:2:f0:0:1:5f5c:e001,443
2a0b:7080:20::1:2d55,443
2a13:4ac0:10:0:f816:3eff:fe0a:40ef,8443
2a03:6f02::9bfe,443
2a0c:16c2:500:603::3d7b,8443
2a0d:2787:1b:1380::a,8443
2a03:b0c0:0:1051::243f:3000,443
2a04:5201:7::5eb,443
2a03:b0c0:2:f0:0:1:6aae:1001,443
2a03:b0c0:2:f0:0:1:5cc8:f001,443
2001:19f0:5000:1f70:5400:6ff:fe3e:9256,443
2a03:b0c0:2:f0:0:1:5c5e:4001,443
2a03:f80:31:6270::1,443
2a0c:16c2:500:feb::765e,443
2a14:1e00:3:753::1,8443
2a03:b0c0:2:f0:0:1:5b6d:4001,443
2a03:6f02::fc30,443
2a03:b0c0:0:1051::2404:a000,443
2a06:f901:1:100::c5,443
2a03:b0c0:2:f0:0:1:5c5e:1001,443
2a03:b0c0:0:1051::2440:a000,443
2a03:b0c0:2:f0:0:1:5cc8:c001,443
2a03:6f02::8d57,8443
2a03:b0c0:2:f0:0:1:698f:1001,443
2a10:1fc0:11::5d0e:e735,443
2a0c:16c2:500:f5d::397e,443
2a03:6f02::1:6436,443
2a03:b0c0:2:f0:0:1:5c5b:8001,443
2a03:b0c0:2:f0:0:1:5c5e:1,443
2a03:b0c0:1:e0:0:1:2b2a:9001,443
2a03:b0c0:0:1051::2440:c000,443
2a03:6f02::1:3a58,443
2a03:b0c0:0:1051::2440:0,443
2a03:6f02::1:d43,2096
2a06:f901:1:100::25d,443
2a0d:8480:1:9c::,8443
2a03:b0c0:0:1051::2405:0,443
2a03:b0c0:2:f0:0:1:5ce6:5001,443
2a03:b0c0:2:f0:0:1:5c72:1001,443
2a13:7c00:11:4:f816:3eff:fe9e:6b72,8443
2a03:b0c0:0:1051::2412:1000,443
2a03:b0c0:0:1051::2404:e000,443
2a03:b0c0:2:f0:0:1:5c5d:e001,443
2a0c:16c2:500:c23::8264,443
2a13:4ac0:20:2d:f816:3eff:fe86:6a3a,443
2001:bc8:17c0:50e:fabc:12ff:fe4c:be7e,2053
2a03:6f02::1:6a57,443
2a03:6f02::1:6c88,443
2a0c:16c2:500:60b::2573,443
2a03:6f02::fb94,2053
2a0c:16c2:500:303::46d7,443
2a03:6f02::e167,443
2a03:b0c0:2:f0:0:1:5b55:3001,443
2a03:6f02::b291,2053
2a03:b0c0:0:1051::23e1:2000,443
2a03:b0c0:2:f0:0:1:5b52:7001,443
2a0c:16c2:500:9eb::7be9,8443
2a03:b0c0:0:1051::23e1:4000,2053
2a0d:8480:1:2184::,443
2a05:f480:1400:2489:5400:6ff:fe9b:5de8,443
2a13:4ac0:10:0:f816:3eff:fe64:3dbe,8443
2a03:b0c0:2:f0:0:1:5db1:f001,443
2a03:b0c0:2:f0:0:1:5e32:a001,443
2a10:1fc0:11::8be1:e719,443
2a03:b0c0:2:f0:0:1:5b6c:a001,443
2a03:b0c0:2:f0:0:1:5bcb:7001,443
2a03:b0c0:0:1051::2440:f000,443
2a0d:8480:3:2003::,8443
2a03:6f02::8ed5,443
2a03:b0c0:0:1051::243f:1000,443
2a03:6f02::1:3adc,443
2a03:6f02::1:6872,443
2a0c:16c2:500:b1d::8ab7,8443
2a03:b0c0:0:1051::3376:2000,443
2a0c:16c2:500:3aa::64ec,8443
2a03:b0c0:0:1051::243f:a000,443
2a03:b0c0:0:1051::23d1:4000,443
2a03:b0c0:2:f0:0:1:5db1:7001,443
2a06:f901:a:18b::2,8443
2a03:6f02::c9fa,443
2a03:b0c0:2:f0:0:1:5c72:5001,443
2a03:b0c0:0:1051::2405:1000,443
2a03:6f02::c183,443
2a03:b0c0:2:f0:0:1:5b55:7001,443
2605:6f0a:2000:13::5c46:3350,8443
2a0a:8dc0:60c2::a,443
2a03:6f02::1:1977,2053
2001:19f0:5000:1be3:5400:6ff:fe99:b131,2053
2a03:b0c0:2:f0:0:1:5db2:1,443
2a03:b0c0:2:f0:0:1:5b5e:d001,443
2a03:b0c0:2:f0:0:1:5b6c:7001,443
2a03:6f02::667e,443
2a03:6f02::2f40,8443
2a03:6f02::1:632a,443
2a03:b0c0:0:1051::2412:f000,443
2a03:b0c0:0:1051::23d1:3000,443
2a03:f80:31:f590::1,443
2a03:b0c0:2:f0:0:1:6ebd:5001,443
2605:e440:41::34b,443
2a0d:2787:1e:708::a,443
2001:19f0:5001:1359:5400:5ff:feff:c21,443
2a03:b0c0:2:f0:0:1:5b55:2001,443
2a03:6f02::88a8,443
2a03:b0c0:0:1051::2412:6000,443
2a05:f480:1400:3deb:5400:6ff:fe45:212f,443
2a03:b0c0:2:f0:0:1:5bcb:3001,443
2a03:b0c0:2:f0:0:1:68e1:2001,443
2a10:1fc0:11::aa3b:e152,443
2a03:b0c0:2:f0:0:1:5e32:e001,443
2a03:6f02::d942,443
2a03:b0c0:0:1051::26c5:4000,443
2a03:b0c0:2:f0:0:1:5c5b:3001,443
2a03:b0c0:2:f0:0:1:5f5d:4001,443
2a03:b0c0:0:1051::29e8:b000,443
2a03:b0c0:0:1051::2412:2000,443
2a03:b0c0:2:f0:0:1:5c17:a001,443
2a03:b0c0:2:f0:0:1:5b6c:2001,443
2a03:b0c0:2:f0:0:1:5c72:8001,443
2a03:b0c0:2:f0:0:1:5b55:1001,443
2602:fa59:5:da8::1,443
2a0c:16c2:500:908::3abd,443
2a03:b0c0:2:f0:0:1:5b6c:6001,443
2a03:b0c0:2:f0:0:1:5e33:1,443
2a03:b0c0:0:1051::23e1:5000,443
2a03:6f02::e5da,8443
2a03:b0c0:0:1051::2440:b000,443
2a03:b0c0:2:f0:0:1:5b7b:9001,443
2a03:6f02::240e,2053
2a03:b0c0:2:f0:0:1:5b52:6001,443
2a03:afc0:9::20dd,8443
2a0c:16c2:500:fa1::6c54,443
2a03:b0c0:2:f0:0:1:698e:c001,443
2a03:b0c0:0:1051::23d1:5000,443
2a03:b0c0:2:f0:0:1:5c72:a001,443
2a03:b0c0:2:f0:0:1:5b52:8001,443
2a03:b0c0:0:1051::2574:9000,443
2a03:b0c0:2:f0:0:1:5d70:2001,443
2a03:b0c0:1:e0:0:1:2b8b:6001,443
2a03:b0c0:0:1051::26e4:f000,443
2a03:b0c0:0:1051::25bb:2000,443
2a03:b0c0:0:1051::29e9:0,443
2a0c:16c2:500:e58::bc69,443
2a03:6f02::1:2497,443
2a03:b0c0:2:f0:0:1:5c17:e001,443
2a03:b0c0:0:1051::2412:3000,443
2a03:b0c0:2:f0:0:1:5ce6:4001,443
2a03:b0c0:0:1051::2aba:9000,443
2a0d:2787:1e:69d::a,443
2a03:b0c0:2:f0:0:1:5b7c:1,443
2a03:b0c0:2:f0:0:1:5bcb:9001,443
2a0b:b7c4:1:4fc7::1,443
2a03:b0c0:2:f0:0:1:5b6d:1,443
2a03:b0c0:1:e0:0:1:37fc:e001,443
2a0f:85c1:840:11c8::1,443
2605:e440:2::2:2e3,443
2a03:6f02::1:b47,443
2a03:b0c0:0:1051::1ec8:7000,443
2a03:b0c0:2:f0:0:1:5c5b:7001,443
2a03:6f02::a051,443
2001:4b98:dc0:43:f816:3eff:fe6b:8620,443
2a03:b0c0:2:f0:0:1:5b6d:3001,443
2a03:b0c0:0:1051::243f:2000,443
2a03:b0c0:0:1051::2404:b000,443
2a03:b0c0:0:1051::2412:7000,443
2001:470:1f0b:ab5::1,443
2a06:f901:a:3d::2,443
2a03:b0c0:2:f0:0:1:5b7c:1001,443
2a03:b0c0:0:1051::2c25:4000,443
2a03:b0c0:0:1051::29e8:c000,443
2a03:b0c0:0:1051::23d1:2000,443
2a03:b0c0:2:f0:0:1:5b5e:8001,443
2a03:6f02::1:7d68,443
2a03:b0c0:2:f0:0:1:5b6d:6001,443
2a03:b0c0:2:f0:0:1:5c5b:6001,443
2a03:b0c0:0:1051::26cc:a000,443
2a03:b0c0:2:f0:0:1:5b7b:f001,443
2a03:b0c0:0:1051::1ec2:0,443
2a03:6f02::1:29e4,2053
2a03:b0c0:0:1051::2dbe:9000,443
2a03:b0c0:2:f0:0:1:5c17:d001,443
2a03:6f02::1:5e05,2053
2a06:f901:a:2f::2,443
2a03:b0c0:2:f0:0:1:5ce6:2001,443
2a03:b0c0:2:f0:0:1:5c5e:3001,443
2a04:52c0:140:b843::1,443
2a03:b0c0:0:1051::22f5:4000,443
2a03:6f02::fa71,443
2a13:4ac0:20:25:f816:3eff:fe27:a5d8,8443
2001:bc8:1640:6edd:dc00:ff:fe68:cd6b,443
2a03:b0c0:2:f0:0:1:5b5f:1,443
2a0d:9a40:100:100:be24:12ff:fe06:d191,8443
2a03:b0c0:0:1051::32cd:c000,443
2a03:6f02::1:6f1c,443
2602:fa59:5:800::1,443
2001:1af8:5301:138:1c00:12ff:fe00:2558,2053
2a03:b0c0:0:1051::23e1:1000,443
2a03:b0c0:2:f0:0:1:5c18:1001,443
2a03:f80:31:3706::1,8443
2a0d:2787:1b:1337::a,443
2a03:b0c0:0:1051::2404:8000,443
2605:e440:2::2:2df,443
2a03:b0c0:2:f0:0:1:5d72:5001,443
2a03:b0c0:0:1051::23d1:b000,443
2a06:f901:1:100::427,443
2a03:6f02::1:325d,8443
2a03:b0c0:0:1051::23d2:1000,443
2a03:6f02::1:59e6,8443
2a03:b0c0:0:1051::243f:5000,443
2a03:b0c0:0:1051::2e61:e000,443
2a03:b0c0:2:f0:0:1:5b55:5001,443
2a0d:8480:3:21b5::,443
2a03:6f02::bc83,2053
2a03:6f02::1:b65,443
2a03:6f02::1:3a3c,8443
2a03:b0c0:0:1051::2574:7000,443
2a03:b0c0:0:1051::2412:4000,443
2a03:b0c0:2:f0:0:1:5d70:1001,443
2a03:6f02::df5b,8443
2a0b:b7c4:1:15f6::1,443
2a10:1fc0:11::84d0:9703,8443
2a04:3544:1000:1510:d8d4:9cff:fe21:4403,443
2a07:4680:0:5:f816:3eff:fe11:774f,2053
2a03:6f02::fd59,443
2a0d:2787:1b:1381::a,2053
2a03:b0c0:0:1051::25ee:b000,443
2603:c022:c009:9b7e:b3fe:3431:4644:a8ba,443
2a03:b0c0:0:1051::276d:5000,443
2a03:6f02::e816,443
2a03:6f02::1:73d,443
2a03:b0c0:2:f0:0:1:5cc9:2001,443
2001:19f0:5001:1fb:ec2a:6c2c:c813:bffc,443
2a03:6f02::1:6608,443
2a03:b0c0:2:f0:0:1:5d72:a001,443
2a07:4680:0:7::3eb,443
2a03:b0c0:2:f0:0:1:5d6f:9001,443
2a03:6f02::1:4793,2083
2a03:b0c0:0:1051::1ec3:9000,443
2a03:b0c0:2:f0:0:1:5db1:e001,443
2a03:b0c0:1:e0::d810:e001,443
2a09:6383:0:10:185:157:245:136,2053
2a03:b0c0:2:f0:0:1:5b52:1,443
2a03:b0c0:0:1051::1ec6:0,443
2a13:d201:1:128::1,8443
2a03:b0c0:0:1051::1ebf:4000,443
2a03:b0c0:2:f0:0:1:5b7b:e001,443
2a03:6f02::1:4def,443
2a03:b0c0:0:1051::26e4:a000,443
2a03:b0c0:2:f0:0:1:5c18:4001,443
2a03:6f02::1:1a59,443
2a13:d201:1:10f::1,443
2a03:b0c0:0:1051::26e4:c000,443
2a03:b0c0:2:f0:0:1:5f5d:1,443
2a03:b0c0:0:1051::1ec1:f000,443
2a03:b0c0:2:f0:0:1:5b7c:4001,443
2602:fa59:5:ccb::1,8443
2a03:6f02::1:29a4,8443
2a03:6f02::1:3151,8443
2a03:b0c0:2:f0:0:1:5c5e:2001,443
2a03:6f02::1:6613,443
2602:fa59:5:1df::1,2053
2a03:6f02::4f27,443
2a03:b0c0:2:f0:0:1:5c5d:d001,443
2a0c:16c2:500:3d1::3546,443
2a03:b0c0:0:1051::2413:3000,443
2a05:f480:1400:391f:5400:6ff:fe7c:1d19,443
2a03:b0c0:2:f0:0:1:5d72:1001,443
2a03:6f02::1:3cfa,443
2a03:b0c0:0:1051::1df3:8000,443
2605:e440:2::11f,443
2a07:4680:0:2::7b2,443
2a01:cb00:af7:be00:7da7:a0f2:944:b5c7,443
2a03:b0c0:0:1051::2751:f000,443
2a03:6f02::56a3,8443
2001:1af8:5301:137:1c00:35ff:fe00:241c,8443
2605:e440:2::377,443
2a13:4ac0:10:0:f816:3eff:feab:994f,8443
2a03:b0c0:0:1051::1df3:e000,443
2a14:7580:c067::1,443
2a03:b0c0:0:1051::1ec6:5000,443
2a03:b0c0:0:1051::2f24:9000,443
2a04:52c0:130:4e5d::1,443
2a03:6f02::1:a1,443
2a02:6c8:8000:f::fcb4:fe54,443
2a03:b0c0:2:f0:0:1:6aad:e001,443
2a03:b0c0:0:1051::26e4:8000,443
2a04:52c0:114:6fad::1,443
2a03:b0c0:2:f0:0:1:5b52:1001,443
2a03:6f02::1:1409,443
2605:e440:2::9e,443
2a0d:8480:3:236c::,443
2a03:b0c0:0:1051::2f3d:e000,443
2a03:b0c0:2:f0:0:1:5cc9:1001,443
2a03:6f02::1:597b,443
2a03:b0c0:2:f0:0:1:5c17:f001,443
2a03:b0c0:0:1051::1ec2:a000,443
2a03:6f02::1:1d1d,443
2a03:b0c0:0:1051::2abb:a000,443
2a03:b0c0:0:1051::2f24:f000,443
2605:e440:2::175,443
2a0c:b840:2:6b::a,8443
2a03:b0c0:0:1051::2e62:0,443
2a03:b0c0:2:f0:0:1:5b6c:8001,443
2602:fa59:5:189::1,443
2001:49f0:d13d:0:6dc::,2096
2a03:b0c0:2:f0:0:1:5e32:8001,443
2a03:b0c0:0:1051::2412:8000,443
2a03:b0c0:0:1051::1e99:7000,443
2a03:b0c0:0:1051::26e4:b000,443
2a03:b0c0:0:1051::29e8:a000,443
2a03:6f02::2c43,443
2a03:b0c0:2:f0:0:1:5d6f:c001,443
2a03:6f02::1:468c,2053
2a03:b0c0:2:f0:0:1:5b6d:2001,443
2a03:b0c0:0:1051::2440:e000,443
2a03:b0c0:0:1051::25ee:5000,443
2a03:b0c0:0:1051::2f3d:1000,443
2a03:b0c0:2:f0:0:1:5ce5:d001,443
2a0a:ef40:1b1c:201:ea40:f2ff:fe49:97,8443
2a04:52c0:140:9a9c::1,8443
2a03:b0c0:0:1051::2abc:1000,443
2a03:b0c0:2:f0:0:1:68e0:f001,443
2a13:d201:1:105::1,443
2a03:b0c0:0:1051::26e5:1000,443
2a03:b0c0:0:1051::243f:f000,443
2a03:6f02::c7c3,443
2a04:52c0:127:4c27::1,443
2a03:b0c0:0:1051::2abb:1000,443
2a03:b0c0:0:1051::32fb:b000,443
2a03:6f02::a45e,443
2a03:6f02::c681,443
2a03:6f02::1:787d,443
2a03:b0c0:0:1051::2404:f000,443
2a03:b0c0:0:1051::1ebf:e000,443
2a03:6f02::e102,443
2001:bc8:1640:7db0:dc00:ff:fe6c:f54f,443
2a03:6f02::99b4,8443
2a03:6f02::1:8b9,8443
2a03:b0c0:2:f0:0:1:5db1:9001,443
2a03:b0c0:0:1051::2376:f000,443
2a03:b0c0:2:f0:0:1:5d6f:e001,443
2a03:b0c0:2:f0:0:1:5b55:9001,443
2a03:b0c0:0:1051::2282:5000,443
2001:1af8:5301:126:1c00:35ff:fe00:1954,443
2602:fa59:5:4bb::1,443
2a03:b0c0:0:1051::243f:0,443
2a03:6f02::1:6056,443
2a03:b0c0:2:f0:0:1:5b5e:9001,443
2a03:b0c0:2:f0:0:1:68e1:4001,443
2a01:6f0:ffff:1457::1,443
2a03:b0c0:0:1051::2dbe:c000,443
2a03:b0c0:0:1051::26e4:d000,443
2a03:b0c0:0:1051::2652:4000,443
2a03:6f02::dbc1,443
2a03:6f02::922a,443
2605:e440:2::3:50,443
2a03:6f02::1:2517,8443
2a03:b0c0:2:f0:0:1:5f5d:3001,443
2a12:bec4:1cb4:1702::1,2087
2a03:b0c0:2:f0:0:1:60a9:2001,443
2a03:b0c0:2:f0:0:1:5b7b:b001,443
2605:e440:2::3:54,443
2a03:b0c0:0:1051::26e5:0,443
2a03:b0c0:0:1051::25ee:c000,443
2a07:4680:0:7::e5,8443
2a03:b0c0:2:f0:0:1:5db1:b001,443
2a03:b0c0:0:1051::1ec1:5000,443
2a03:b0c0:0:1051::23e1:0,2053
2a03:6f02::cdb9,443
2602:fa59:5:9e3::1,8443
2a03:b0c0:0:1051::1ec4:b000,443
2a03:b0c0:2:f0:0:1:5b51:f001,443
2a03:b0c0:0:1051::35c0:a000,443
2a13:4ac0:10:0:f816:3eff:fe5a:acab,2053
2a03:b0c0:2:f0:0:1:5b6c:3001,443
2a03:b0c0:0:1051::2652:f000,443
2602:fa59:5:9a2::1,443
2a03:6f02::1:2cc,443
2a03:6f02::1:6e9e,443
2a03:b0c0:0:1051::2dbd:0,443
2a0b:b7c4:1:81d5::1,443
2a03:b0c0:2:f0:0:1:5b55:8001,443
2a03:6f02::dd4c,443
2a03:b0c0:0:1051::1ec1:9000,443
2a03:b0c0:0:1051::1e99:6000,443
2a03:b0c0:0:1051::1ebe:c000,443
2a03:b0c0:0:1051::1ebf:9000,443
2a03:b0c0:2:f0:0:1:5ce5:e001,443
2a09:bac5:4e27:2705::3e3:36,443
2a03:b0c0:2:f0:0:1:5b6c:f001,443
2a03:b0c0:2:f0:0:1:5f5d:5001,443
2a0c:16c2:500:f15::c46d,443
2a03:b0c0:0:1051::3243:6000,443
2a03:b0c0:0:1051::1ec8:4000,443
2a0c:16c2:500:29::6d24,8443
2a03:b0c0:2:f0:0:1:5c5b:c001,443
2a04:52c0:126:ab5::1,8443
2a03:b0c0:2:f0:0:1:5b6c:e001,443
2a03:6f02::ff81,443
2a03:b0c0:0:1051::1ebf:0,443
2a03:b0c0:0:1051::2e5e:b000,443
2a03:6f02::27f,443
2a09:31c0:cafe::19,443
2a03:b0c0:0:1051::2752:9000,443
2a0d:2787:1b:13c0::a,443
2a07:4680:0:5:f816:3eff:fe89:d00a,443
2a03:b0c0:2:f0:0:1:5db1:d001,443
2a03:b0c0:2:f0:0:1:5e32:9001,443
2a03:b0c0:0:1051::25ee:3000,443
2a03:b0c0:0:1051::1ec1:2000,443
2a03:b0c0:0:1051::1ec9:a000,443
2a03:6f02::1:79d0,8443
2a13:4ac0:10:0:f816:3eff:feef:d0c6,8443
2a03:b0c0:0:1051::25bb:8000,443
2a03:b0c0:2:f0:0:1:5b6d:5001,443
2a03:b0c0:2:f0:0:1:6aad:c001,443
2a03:6f02::d19d,2053
2a03:6f02::1:13e6,443
2a03:b0c0:2:f0:0:1:47d4:5001,443
2a03:b0c0:2:f0:0:1:5f5d:1001,443
2a03:b0c0:0:1051::1ebf:3000,443
2a03:b0c0:0:1051::1ec4:9000,443
2a03:6f02::d2ed,443
2a03:b0c0:0:1051::2652:2000,443
2605:e440:2::1:2a3,443
2a03:b0c0:0:1051::2f3d:4000,443
2a03:6f02::1:1a65,443
2a06:7e00:b2a:1300:210:95ff:fef3:a6b4,443
2a03:b0c0:0:1051::3320:a000,443
2a03:6f02::1:4bb9,8443
2a03:b0c0:2:f0:0:1:6f49:8001,443
2a03:b0c0:0:1051::276d:4000,443
2a03:6f02::9b6d,443
2a0c:16c2:500:bb::58dc,2053
2602:fa59:5:2c6::1,443
2a04:52c0:118:a049::1,8443
2a03:6f02::8987,443
2a03:b0c0:2:f0:0:1:5d72:2001,443
2a03:b0c0:0:1051::2310:a000,443
2a03:6f02::eef1,2053
2a03:6f02::54c0,443
2a03:6f02::f036,443
2a03:b0c0:0:1051::1e99:9000,443
2a03:b0c0:2:f0:0:1:2704:e001,443
2a03:6f02::1:6222,443
2a10:1fc0:c::8e71:e1bf,443
2602:fa59:5:a9::1,443
2a03:b0c0:0:1051::2412:5000,443
2a03:6f02::7e3,443
2a13:d201:1:91::1,443
2a03:6f02::1:1938,443
2602:fa59:5:22d::1,443
2a03:b0c0:2:f0:0:1:6abe:a001,443
2a03:b0c0:0:1051::2652:0,443
2a03:b0c0:2:f0:0:1:5d72:9001,443
2a03:6f02::1ab0,8443
2a03:b0c0:0:1051::1ec0:a000,443
2605:e440:2::2:3d9,443
2a03:6f02::1712,8443
2a03:b0c0:0:1051::32fb:e000,443
2a03:6f02::1:20ea,443
2a03:b0c0:0:1051::2440:9000,443
2001:67c:2f5c:2::2f,8443
2a03:b0c0:0:1051::2440:8000,443
2a03:b0c0:2:f0:0:1:5c72:2001,443
2a13:4ac0:20:10:f816:3eff:fec7:f888,443
2a03:b0c0:0:1051::25bb:5000,443
2a03:6f02::1:4d80,443
2a03:b0c0:0:1051::1ec5:f000,443
2a04:52c0:114:9146::1,443
2a03:b0c0:2:f0:0:1:47d4:a001,443
2a03:b0c0:2:f0:0:1:60a9:1001,443
2a13:d201:1:113::1,443
2602:fa59:5:4a9::1,443
2a03:b0c0:0:1051::2f3d:3000,443
2a03:6f02::fb10,443
2001:19f0:5001:1168:5400:6ff:fe10:2b0b,443
2a03:b0c0:0:1051::2e5f:1000,443
2a03:b0c0:2:f0:0:1:5c17:b001,443
2a03:b0c0:2:f0:0:1:5b7b:a001,443
2a03:6f02::e31e,8443
2a03:b0c0:0:1051::2abb:7000,443
2a03:b0c0:0:1051::3243:1000,443
2a03:b0c0:0:1051::32cd:b000,443
2a03:b0c0:0:1051::25d0:9000,443
2a03:b0c0:0:1051::1ec6:e000,443
2a03:b0c0:0:1051::29bc:c000,443
2a03:b0c0:2:f0:0:1:6f49:a001,443
2001:19f0:5001:2386:5400:6ff:fe27:bcc3,443
2a0f:4240:0:1d::1,443
2a03:6f02::b5a1,443
2001:1af8:5301:132:1c00:5fff:fe00:1ff6,443
2a03:6f02::1:2707,443
2a03:b0c0:0:1051::2440:6000,443
2a03:b0c0:2:f0:0:1:5c5b:a001,443
2a03:b0c0:0:1051::32f3:4000,443
2a03:b0c0:2:f0:0:1:5d6f:b001,443
2a03:6f02::1:2146,443
2a03:b0c0:2:f0:0:1:6ebd:b001,443
2a03:b0c0:0:1051::29e9:1000,443
2a03:b0c0:0:1051::1ebe:9000,443
2a03:6f02::e32a,443
2a03:b0c0:2:f0:0:1:5b5e:c001,443
2a0d:1643:28bc::1,443
2a03:b0c0:2:f0:0:1:698e:e001,443
2602:fa59:5:677::1,443
2a03:6f02::5a63,443
2a09:31c0:cafe::79,2053
2605:e440:2::3:6c,443
2001:1af8:5301:139:1c00:f6ff:fe00:25f6,2053
2a03:b0c0:0:1051::1ec1:b000,443
2a03:b0c0:0:1051::2366:a000,443
2a12:bec4:1b1d:703::1,8443
2603:c022:c009:fd00:0:3610:aecf:12da,8443
2a03:b0c0:2:f0:0:1:5c72:3001,443
2a03:6f02::1:6a9e,443
2a03:b0c0:0:1051::2abb:f000,443
2a03:b0c0:0:1051::276d:0,443
2a03:b0c0:0:1051::2dbc:c000,443
2a03:6f02::1:4ded,2053
2a03:b0c0:0:1051::33ec:9000,443
2001:67c:2f5c:2::7fa,8443
2a03:b0c0:0:1051::2574:2000,443
2a03:b0c0:0:1051::1ec0:f000,443
2a12:bec4:1be0:b42a::1,443
2a03:b0c0:0:1051::276c:f000,443
2a03:b0c0:0:1051::3302:0,443
2a03:b0c0:2:f0:0:1:5f5c:d001,443
2a03:b0c0:0:1051::2581:2000,443
2a03:b0c0:0:1051::2652:6000,443
2a03:b0c0:0:1051::23e1:7000,443
2a03:b0c0:2:f0:0:1:5d6f:a001,443
2a03:b0c0:0:1051::1ec3:a000,443
2a03:b0c0:0:1051::2440:7000,443
2a03:6f02::1:27cf,443
2a03:b0c0:2:f0:0:1:5b5e:e001,443
2a0c:16c2:500:47f::ba23,443
2a03:6f02::1:2186,443
2001:67c:2f5c:2::326,443
2a03:b0c0:0:1051::1ec5:7000,443
2a03:b0c0:0:1051::1ec7:c000,443
2a03:b0c0:0:1051::1ec8:5000,443
2a04:2181:c011:1::7baf:59a2,443
2a0d:2787:1b:137e::a,2053
2a03:6f02::1:6e7b,443
2a03:b0c0:0:1051::1ec5:e000,443
2a03:b0c0:2:f0:0:1:5f5c:f001,443
2a03:b0c0:2:f0:0:1:5c5b:b001,443
2a03:b0c0:2:f0:0:1:5bcb:5001,443
2a03:b0c0:0:1051::35c0:4000,443
2a06:a880:5:678::1,443
2a03:b0c0:0:1051::1ec3:3000,443
2a03:b0c0:2:f0:0:1:6042:1001,443
2a06:7e00:b2a:1300:258:45ff:fe21:1a42,443
2a03:b0c0:2:f0:0:1:5db1:a001,443
2a03:b0c0:0:1051::1ec7:b000,443
2a03:b0c0:0:1051::278a:6000,443
2602:fa59:5:181::1,2053
2a03:b0c0:2:f0:0:1:5cc9:1,443
2a03:b0c0:2:f0:0:1:2705:1,443
2a03:b0c0:0:1051::29bc:a000,443
2a03:b0c0:0:1051::2310:b000,443
2a04:dd00:26:9:216:3cff:fecd:827e,2053
2a03:b0c0:0:1051::1ec9:1000,443
2001:67c:2f5c:2::392,443
2001:1af8:4700:a0a9::1413:948f,2083
2a13:d201:1:171::1,443
2a10:c944:321::8a0,443
2a03:b0c0:0:1051::323e:a000,443
2a03:b0c0:0:1051::2e61:c000,443
2a03:b0c0:0:1051::25d0:2000,443
2a03:b0c0:0:1051::276c:c000,443
2a03:b0c0:0:1051::2282:b000,443
2a03:b0c0:0:1051::2e62:2000,443
2a03:6f02::1:49ba,443
2a03:b0c0:0:1051::2e62:3000,443
2a03:b0c0:0:1051::32f3:0,443
2a03:6f02::1:45ab,443
2a03:b0c0:0:1051::1ec4:6000,443
2a03:b0c0:2:f0:0:1:c0a:8001,443
2a04:3541:1000:500:905a:f0ff:fef4:af6,443
2a03:b0c0:0:1051::3243:3000,443
2a03:b0c0:0:1051::1df3:c000,443
2a03:6f02::1:56fc,8443
2a04:dd00:26:9:216:3cff:fe13:2013,443
2a03:b0c0:0:1051::278a:4000,443
2a03:b0c0:0:1051::1ec0:b000,443
2a0c:b9c0:f:4335::1,443
2a03:b0c0:2:f0:0:1:6501:2001,443
2a03:b0c0:0:1051::1df3:7000,443
2a03:6f02::1:7b06,2053
2a03:b0c0:0:1051::1ec7:e000,443
2a03:6f02::1:6218,443
2a03:b0c0:2:f0:0:1:6f49:6001,443
2a03:b0c0:0:1051::29e9:4000,443
2602:fa59:5:88b::1,443
2a03:6f02::1:44e0,443
2a03:b0c0:2:f0:0:1:605c:d001,443
2a03:6f02::1:1289,443
2a03:b0c0:0:1051::2574:6000,443
2a03:b0c0:0:1051::278a:1000,443
2a03:b0c0:0:1051::1ec6:b000,443
2001:67c:2f5c:2::200,443
2a03:b0c0:2:f0:0:1:5f95:b001,443
2a03:b0c0:2:f0:0:1:c0a:d001,443
2a03:b0c0:0:1051::2e5e:8000,443
2a03:b0c0:0:1051::23aa:d000,443
2a04:dd00:26:9:216:3cff:fec3:a25b,443
2a0f:4240:0:a::1,443
2602:fa59:5:d55::1,8443
2a03:b0c0:2:f0:0:1:5c5d:f001,443
2602:fa59:5:448::1,443
2a03:b0c0:2:f0:0:1:5f95:9001,443
2a03:b0c0:2:f0:0:1:cab:b001,443
2a01:7c8:d006:406:5054:ff:fe92:8c40,443
2a10:c944:321::532,443
2a07:4680:0:3::26a,443
2a03:6f02::1:44ca,443
2a01:7c8:aabb:8f:5054:ff:febd:979a,443
2a03:b0c0:2:f0:0:1:c0a:f001,443
2a03:b0c0:0:1051::1ec3:5000,443
2a03:6f02::4c17,443
2a03:afc0:9::1192,443
2a03:b0c0:0:1051::1ec9:4000,443
2a14:1ec7:10fa:3db4::1,2053
2a03:b0c0:0:1051::1ec4:4000,443
2a12:bec4:1be0:d9b2::1,443
2001:67c:2f5c:2::123,443
2a03:b0c0:0:1051::1ec5:8000,443
2a04:2181:c011:1::361b:1f62,443
2a04:dd00:26:9:216:3cff:fe89:27ce,443
2a12:e341:300::68ab:ed12,443
2a03:b0c0:2:f0:0:1:cab:c001,443
2a03:b0c0:2:f0:0:1:17f:8001,443
2a03:b0c0:2:f0:0:1:60a8:a001,443
2a03:b0c0:0:1051::1ec7:8000,443
2a01:8640:2:11::4cb3:f9e3,443
2a04:52c0:128:22a0::1,443
2a03:b0c0:2:f0:0:1:5d72:3001,443
2a03:b0c0:2:f0:0:1:a712:1,443
2a03:b0c0:0:1051::1ec2:1000,443
2a03:b0c0:0:1051::1df3:9000,443
2a13:4ac0:20:2d:f816:3eff:fe24:df0e,8443
2a03:afc0:9::b84,443
2a12:bec4:1be0:2780::1,443
2a03:b0c0:2:f0:0:1:698f:1,443
2a03:6f02::b700,443
2a03:b0c0:0:1051::243e:e000,443
2a03:b0c0:2:f0:0:1:c0a:a001,443
2a03:b0c0:2:f0:0:1:698e:d001,443
2a03:b0c0:2:f0:0:1:5d72:7001,443
2a0a:4100:0:1:59ed:965f:6b8d:1617,443
2a03:b0c0:0:1051::3243:2000,443
2001:1af8:4020:a010::1a00,2053
2a03:b0c0:2:f0:0:1:5d70:1,443
2a03:b0c0:0:1051::25bb:4000,443
2a10:c944:321::207,443
2a03:b0c0:0:1051::323f:1000,443
2602:fa59:5:79::1,443
2a03:b0c0:2:f0:0:1:5d6f:f001,443
2a04:dd00:26:9:216:3cff:fea6:731d,8443
2a04:dd00:26:9:216:3cff:fe80:96a3,443
2a0c:16c2:500:61c::da68,443
2a03:6f02::cf26,443
2a03:b0c0:0:1051::1ec3:c000,443
2a07:e03:3:fe::1,443
2a03:b0c0:2:f0:0:1:5bcb:6001,443
2a03:6f02::1:98e,443
2a03:6f02::1:53e9,443
2a03:b0c0:2:f0:0:1:60a8:f001,443
2a03:b0c0:0:1051::276d:2000,443
2a03:b0c0:2:f0:0:1:68e1:6001,443
2a03:b0c0:0:1051::1ec3:4000,443
2a03:b0c0:0:1051::23d1:7000,443
2a03:b0c0:2:f0:0:1:9ac:1,443
2001:67c:2f5c:2::459,443
2a0a:a501:0:4700:fc2f:e954:5b79:5d95,443
2a03:b0c0:0:1051::3307:6000,443
2a04:3544:1000:1510:84d4:13ff:fe3d:6037,443
2a13:7c00:4:25:f816:3eff:fe66:c90a,2053
2a12:bec4:1be0:e25b::1,443
2a10:e780:10:22::11,443
2a03:b0c0:0:1051::276d:1000,443
2a10:c944:321::997,443
2a10:c944:321::258,443
2a03:6f02::1:5737,443
2a10:c944:321::40,443
2a07:e03:3:da::1,443
2a03:b0c0:0:1051::35c0:c000,443
2a10:c944:321::7f2,443
2602:fa59:5:277::1,443
2a03:b0c0:0:1051::1ec8:8000,443
2a03:b0c0:2:f0:0:1:5cc9:4001,443
2a03:b0c0:0:1051::1ec8:1000,443
2a13:4ac0:10:0:f816:3eff:fe7c:5781,2053
2a03:b0c0:0:1051::1ec2:e000,443
2a03:b0c0:1:e0::ccf9:4001,443
2a03:6f02::1:d1c,8443
2a03:b0c0:2:f0:0:1:47d4:7001,443
2a13:d201:1:17d::1,443
2a10:c944:321::45f,443
2a12:bec4:1bd2::7,443
2a03:b0c0:0:1051::25ee:8000,443
2a03:b0c0:2:f0:0:1:a5a:5001,443
2001:67c:2f5c:2::2cd,8443
2a03:b0c0:0:1051::2581:3000,443
2a03:b0c0:2:f0:0:1:c0a:e001,443
2a03:b0c0:0:1051::25ee:6000,443
2a03:b0c0:0:1051::22f4:a000,443
2a03:b0c0:1:e0:0:1:4eb9:c001,443
2a03:6f02::1:30b2,443
2a0e:bfc7:1400:e0f2::1,8443
2a03:b0c0:0:1051::1e99:d000,443
2a03:6f02::1:348f,443
2a03:b0c0:0:1051::1de0:7000,443
2a13:36c0:0:232::1,443
2a03:b0c0:2:f0:0:1:68e1:1,443
2a03:6f02::9130,443
2a03:b0c0:0:1051::26e4:9000,443
2a07:4680:0:7::106,443
2a03:b0c0:2:f0:0:1:9ab:d001,443
2a03:b0c0:0:1051::2f24:7000,443
2a03:b0c0:2:f0:0:1:9ab:b001,443
2a03:b0c0:2:f0:0:1:8ce2:d001,443
2a10:c944:321::64,443
2a03:b0c0:0:1051::1ec0:8000,443
2a03:6f02::1:5dd8,8443
2001:4ba0:fff3:73::1,2053
2a12:9cc0:0:3::c,443
2a0c:db40:0:8072::2,443
2a03:b0c0:0:1051::1eca:4000,443
2a03:b0c0:0:1051::22f5:c000,443
2a13:7dc0:1000:1a::1,443
2a13:7c00:4:20:f816:3eff:fe74:bed0,443
2a0b:3c40:11:36a4::,443
2a0c:480:a7::1,443
2a10:c944:321::58e,443
2a03:6f02::b457,443
2a03:b0c0:2:f0:0:1:5b55:a001,443
2a0d:7c40:3000:38d::2,443
2a13:36c0:0:121::1,443
2a03:b0c0:0:1051::2366:7000,443
2a03:b0c0:2:f0:0:1:5f95:a001,443
2a03:b0c0:0:1051::1ec4:7000,443
2a13:36c0:0:1b5::1,8443
2a03:b0c0:2:f0:0:1:67a5:7001,443
2a13:7dc0:1000:69::1,443
2a0c:db40:0:8189::2,443
2a03:b0c0:0:1051::323f:0,443
2a03:b0c0:0:1051::278a:0,443
2a03:b0c0:2:f0:0:1:6f49:b001,443
2a03:b0c0:0:1051::2f3d:5000,443
2a03:b0c0:2:f0:0:1:6041:c001,443
2a03:b0c0:0:1051::26c5:9000,443
2a03:b0c0:0:1051::278a:f000,443
2a03:b0c0:1:e0:0:1:2134:e001,443
2a03:b0c0:2:f0:0:1:9ab:c001,443
2a03:b0c0:0:1051::1eca:2000,443
2a06:1700:4:347::bac3:572c,443
2a10:c944:321::8cc,443
2a03:b0c0:0:1051::3243:8000,443
2a03:b0c0:2:f0:0:1:60a9:4001,443
2a03:3a61:a1::58:a,443
2a03:b0c0:0:1051::1ec3:e000,443
2a03:3f40:2:203:0:1b:0:8,443
2a07:e03:3:8::1,443
2a03:b0c0:0:1051::323e:e000,443
2a03:b0c0:0:1051::1de0:9000,443
2a03:6f02::1:4201,443
2a03:b0c0:0:1051::25bb:0,443
2a03:b0c0:2:f0:0:1:209e:a001,443
2a12:9cc0:0:1::1b2,443
2a03:b0c0:0:1051::1ebe:8000,443
2a13:7c00:5:15:f816:3eff:fe84:cff9,443
2602:fa59:5:7f9::1,443
2a03:b0c0:0:1051::3307:9000,443
2a00:d880:6:f2::c73d,443
2a0c:db40:0:83d8::2,443
2605:e440:48::3e3,443
2a03:b0c0:1:e0::cc32:3001,443
2a0c:16c2:500:5a8::a6e8,8443
2a13:36c0:1ff:1489::1,443
2a03:b0c0:0:1051::22f4:c000,443
2a03:b0c0:2:f0:0:1:9ac:1001,443
2a03:b0c0:0:1051::3243:9000,443
2a14:1e00:3:91a::,2053
2a03:b0c0:2:f0:0:1:60a8:b001,443
2a03:b0c0:0:1051::1ec7:0,443
2a03:b0c0:0:1051::2311:2000,443
2a13:36c0:1ff:1269::1,443
2a0b:3c40:11:2cc3::,443
2a03:b0c0:0:1051::1ebf:a000,443
2a0c:480:4a::1,443
2a03:b0c0:2:f0:0:1:5bcb:4001,443
2a03:b0c0:0:1051::1ec8:e000,443
2a0c:db40:0:8256::2,2087
2a03:b0c0:2:f0:0:1:6ebd:a001,443
2a03:b0c0:0:1051::2752:d000,443
2a03:6f02::3545,443
2a03:b0c0:0:1051::32cd:d000,443
2a03:b0c0:2:f0:0:1:6ebd:3001,443
2a03:b0c0:0:1051::2752:2000,443
2a03:b0c0:0:1051::1ec4:a000,443
2a03:b0c0:2:f0:0:1:605d:1,443
2a03:b0c0:0:1051::2651:e000,443
2a13:9500:126:0:f8d7:4fa3:6cb3:1,443
2a03:b0c0:2:f0:0:1:6ebd:9001,443
2a03:b0c0:0:1051::2752:3000,443
2a0c:db40:0:834b::2,443
2a03:b0c0:0:1051::32f2:f000,443
2a03:b0c0:0:1051::1ebe:5000,443
2a03:6f02::8dca,443
2602:fa59:5:4de::1,8443
2001:1af8:5301:141:1c00:1dff:fe00:28a8,443
2001:4ba0:cafe:a3b::1,443
2a03:b0c0:0:1051::2751:e000,443
2a01:7c8:aab4:129:5054:ff:fe8b:8186,443
2a03:b0c0:0:1051::1ec1:e000,443
2a03:b0c0:2:f0:0:1:10bd:d001,443
2a03:b0c0:0:1051::1ebf:2000,443
2a0c:480:26f::1,8443
2a03:b0c0:0:1051::23aa:f000,443
2a03:b0c0:0:1051::1df3:d000,443
2a03:b0c0:0:1051::2752:b000,443
2a03:b0c0:0:1051::2581:0,443
2a03:b0c0:0:1051::26c5:5000,443
2a03:6f02::1:510d,443
2a03:6f02::1:53fe,443
2a0c:db40:0:8078::2,443
2a13:9500:126:0:b4a3:6092:8915:1,2083
2a03:b0c0:0:1051::25bb:7000,443
2a03:b0c0:0:1051::1ec1:7000,443
2a03:b0c0:0:1051::26c5:8000,443
2a03:b0c0:0:1051::2aba:0,443
2a03:b0c0:0:1051::1ec7:3000,443
2a03:b0c0:0:1051::32ce:4000,443
2a03:b0c0:0:1051::2574:8000,443
2a03:b0c0:2:f0:0:1:698e:f001,443
2a03:b0c0:0:1051::3307:7000,443
2a03:b0c0:2:f0:0:1:5c18:1,443
2a03:b0c0:0:1051::2574:3000,443
2a03:b0c0:0:1051::2652:3000,443
2a03:b0c0:0:1051::35c0:3000,443
2a03:b0c0:0:1051::2dbe:a000,443
2a03:6f02::1:74c2,443
2a03:b0c0:0:1051::1ebe:a000,443
2a03:b0c0:0:1051::323e:d000,443
2a03:b0c0:0:1051::2dbc:f000,443
2a03:b0c0:0:1051::2dbe:6000,443
2a13:36c0:1ff:1011::1,8443
2a03:b0c0:0:1051::1ec4:5000,443
2a13:7c00:4:21:f816:3eff:fe72:6227,443
2a03:b0c0:0:1051::2652:1000,443
2a03:b0c0:2:f0:0:1:a5a:1001,443
2a0d:6c2:12:80::,443
2a0c:db40:0:8006::2,443
2a03:b0c0:0:1051::2282:d000,443
2a03:b0c0:0:1051::276c:d000,443
2a0c:480:11e::1,443
2a03:b0c0:0:1051::1ec5:d000,443
2a03:6f02::d247,443
2a03:b0c0:0:1051::2376:8000,443
2a03:b0c0:0:1051::2f3e:0,443
2a03:b0c0:2:f0:0:1:a5a:3001,443
2a03:b0c0:0:1051::1ec5:0,443
2a02:6b40:2000:27dd::1,8443
2a03:b0c0:0:1051::1ec3:2000,443
2a03:b0c0:2:f0:0:1:9e11:f001,443
2a03:b0c0:0:1051::1ec2:6000,443
2a03:6f02::1:74ca,443
2a03:b0c0:0:1051::1eca:3000,443
2a13:7c00:4:26:f816:3eff:fe33:26b0,443
2a03:b0c0:2:f0:0:1:6aad:a001,443
2605:e440:48::1:29d,443
2a03:b0c0:0:1051::2e61:d000,443
2a03:b0c0:0:1051::2580:f000,443
2a03:b0c0:0:1051::1ec1:8000,443
2a03:b0c0:0:1051::2652:5000,443
2a0c:db40:0:82c2::2,443
2a03:b0c0:0:1051::23d1:6000,443
2a11:6100:0:22:56ab:3aff:fe78:7c48,8443
2001:67c:2f5c:2::4b1,8443
2a03:b0c0:0:1051::2752:1000,443
2a0c:480:113::1,443
2a13:36c0:0:148::1,443
2a03:b0c0:0:1051::2e5e:c000,443
2a03:b0c0:2:f0:0:1:6aad:d001,443
2a13:7c00:4:18:f816:3eff:fe4f:d2ab,8443
2a0d:7c40:3000:90b::2,443
2a03:b0c0:0:1051::32ce:3000,443
2a03:b0c0:2:f0:0:1:605c:b001,443
2a03:b0c0:0:1051::3243:7000,443
2a0c:16c2:500:17a::782b,443
2a03:b0c0:0:1051::1ec7:1000,443
2a10:c944:321::586,8443
2a03:b0c0:0:1051::2e5e:a000,443
2a03:b0c0:0:1051::1ebd:f000,443
2a03:b0c0:0:1051::2dbe:d000,443
2a03:b0c0:0:1051::32cd:f000,443
2a03:b0c0:0:1051::25bb:3000,443
2605:e440:48::1:11b,443
2a03:b0c0:0:1051::2282:7000,443
2a00:1ca8:2e::f3df:804e,443
2a03:b0c0:2:f0:0:1:68e1:7001,443
2a11:4881:1:7185::1,8443
2a13:36c0:1ff:1687::1,2053
2a03:b0c0:0:1051::25d0:a000,443
2605:e440:48::1:350,443
2a03:b0c0:2:f0:0:1:605c:9001,443
2a03:b0c0:2:f0:0:1:6f49:5001,443
2a03:b0c0:0:1051::2e62:1000,443
2602:fa59:5:cc3::1,443
2a03:b0c0:2:f0:0:1:67a5:8001,443
2602:fa59:5:3aa::1,443
2a10:c944:321::92,8443
2a03:b0c0:0:1051::3243:0,443
2a12:bec4:1bb0:b24::2,443
2a03:b0c0:0:1051::1ebe:0,443
2a12:bec4:1ac0:f67::,443
2a13:7dc0:1000:73::1,8443
2a03:b0c0:0:1051::2aba:2000,443
2a03:b0c0:0:1051::2a3f:b000,443
2a0c:480:152::1,443
2a13:7c00:4:16:f816:3eff:fe37:9265,8443
2a12:bec4:1bb0:e2e::2,443
2a03:6f02::f302,443
2a03:b0c0:0:1051::323e:8000,443
2a13:7c00:4:24:f816:3eff:fe51:eb58,443
2a03:b0c0:0:1051::25ee:7000,443
2a03:b0c0:0:1051::1ec1:c000,443
2a0d:5940:140:8c2::2,2083
2a03:b0c0:2:f0:0:1:6abe:b001,443
2a12:bec4:1bb0:1c99::2,443
2a02:6b40:2000:277c::1,443
2a0d:7c40:3000:636::2,443
2a03:b0c0:0:1051::278a:2000,443
2a03:b0c0:0:1051::35c0:5000,443
2605:e440:1::2:166,8443
2a03:b0c0:0:1051::32cd:e000,443
2a03:b0c0:0:1051::29bc:e000,443
2a03:b0c0:0:1051::2581:1000,443
2a03:b0c0:0:1051::22f4:e000,443
2a02:6b40:2000:13b8::1,8443
2602:fa59:5:906::1,443
2a03:b0c0:0:1051::29e8:d000,443
2a13:7c00:4:23:f816:3eff:feb8:bd5,443
2a03:b0c0:0:1051::1ec2:f000,443
2a03:b0c0:0:1051::1ec4:e000,443
2a12:bec4:1ac0:37d::,443
2001:bc8:610:9:250:56ff:fe02:29ae,443
2a03:b0c0:0:1051::29e8:e000,443
2a12:bec4:1ac0:a6f::,2083
2a03:b0c0:0:1051::2580:a000,443
2a12:bec4:1bb0:28b6::2,8443
2a02:6b40:2000:19cb::1,443
2a03:b0c0:0:1051::1ebe:e000,443
2a03:b0c0:0:1051::1ec5:2000,443
2a12:bec4:1ac0:104::,8443
2a03:b0c0:0:1051::2abc:9000,443
2a03:b0c0:0:1051::26c5:c000,443
2a03:b0c0:2:f0:0:1:9ab:a001,443
2a03:b0c0:0:1051::1ec0:5000,443
2a03:b0c0:2:f0:0:1:605c:c001,443
2a13:36c0:1ff:1295::1,443
2a0c:16c2:500:861::1,443
2a03:b0c0:0:1051::22f4:f000,443
2a03:b0c0:2:f0:0:1:6abe:c001,443
2a03:b0c0:0:1051::1ebe:7000,443
2a03:b0c0:0:1051::26c5:3000,443
2a03:b0c0:2:f0:0:1:6f49:7001,443
2a03:b0c0:0:1051::1ec9:6000,443
2a03:b0c0:0:1051::2366:3000,443
2602:fa59:5:65a::1,443
2a13:36c0:1ff:1878::1,443
2a03:b0c0:0:1051::25ee:9000,443
2a12:bec4:1bb0:33e::2,8443
2a03:b0c0:0:1051::2282:9000,443
2a03:d9c0:2000::90,443
2a03:b0c0:0:1051::2580:b000,443
2a03:b0c0:0:1051::2e5e:9000,443
2a09:bac5:27bf:261e::3cc:64,2053
2a02:6b40:2000:2839::1,8443
2605:e440:1::1:3b5,8443
2a03:b0c0:0:1051::2376:c000,443
2a03:b0c0:0:1051::32ce:1000,443
2a03:b0c0:0:1051::2574:a000,443
2a13:7c00:4:24:f816:3eff:fec6:7c81,443
2a03:b0c0:2:f0::ecbd:8001,8443
2a12:bec4:1ac0:d4a::,8443
2a03:b0c0:1:e0:0:1:2ef4:1001,443
2a03:b0c0:0:1051::1ec8:a000,443
2a03:b0c0:0:1051::2282:8000,443
2a03:b0c0:0:1051::1ec9:e000,443
2a03:b0c0:2:f0:0:1:bde8:c001,443
2a03:b0c0:0:1051::2366:b000,443
2a02:6b40:2000:10bd::1,443
2a03:b0c0:0:1051::23aa:e000,443
2a03:b0c0:0:1051::1ec6:1000,443
2a03:b0c0:0:1051::26c5:b000,443
2a03:b0c0:0:1051::304b:f000,443
2a02:6b40:2000:1d4c::1,2053
2a13:7c00:4:25:f816:3eff:fe6f:fdfc,443
2a03:b0c0:2:f0:0:1:6041:e001,443
2a12:bec4:1bb0:5d::2,2053
2a03:b0c0:2:f0:0:1:6500:f001,443
2a03:b0c0:0:1051::1ec5:1000,443
2a0c:b9c0:f:432f::1,443
2a03:b0c0:2:f0:0:1:698e:9001,443
2a03:b0c0:0:1051::2574:5000,443
2a02:6b40:2000:14a5::1,443
2a03:b0c0:2:f0:0:1:cac:1001,443
2a03:b0c0:0:1051::1ec6:c000,443
2a03:b0c0:2:f0:0:1:9ab:e001,443
2a03:b0c0:0:1051::29bc:9000,443
2a03:b0c0:0:1051::1e99:b000,443
2a03:b0c0:0:1051::29e9:2000,443
2a00:d880:5:234::a358,443
2a03:b0c0:0:1051::22f5:1000,443
2a12:bec4:1ac0:ec5::,443
2a12:bec4:1ac0:e39::,443
2a03:b0c0:0:1051::22f4:9000,443
2a03:b0c0:0:1051::23ab:2000,443
2a03:b0c0:0:1051::2abc:e000,443
2a0c:480:102::1,443
2605:e440:1::3:211,443
2602:fa59:5:b29::1,8443
2001:41d0:a:7498::,443
2a03:b0c0:2:f0:0:1:487:b001,443
2a03:b0c0:0:1051::1eca:6000,443
2a10:c944:321::629,443
2a03:b0c0:0:1051::3062:7000,443
2a13:36c0:1ff:1210::1,8443
2a03:b0c0:0:1051::276c:e000,443
2a02:6b40:2000:25b9::1,443
2a03:b0c0:0:1051::2574:4000,443
2a03:b0c0:0:1051::32fb:7000,443
2a03:b0c0:2:f0:0:1:47d4:6001,443
2a03:b0c0:0:1051::32ce:2000,443
2a03:b0c0:2:f0:0:1:487:d001,443
2a03:b0c0:2:f0:0:1:6042:4001,443
2a0a:eec0:2::49,8443
2a13:36c0:0:2d0::1,443
2a14:1e00:3:499::1,443
2a03:b0c0:0:1051::29bc:d000,443
2a03:b0c0:1:e0:0:1:2f1f:f001,443
2a0f:6284:67:a95f::1,8443
2a03:b0c0:0:1051::1ebf:1000,443
2a07:4680:0:1::8ae,443
2a03:b0c0:0:1051::2282:6000,443
2a12:bec4:1bb0:1e01::2,8443
2a03:b0c0:0:1051::1ebe:2000,443
2a03:b0c0:0:1051::1ec2:8000,443
2a03:b0c0:2:f0:0:1:605d:5001,443
2a12:bec4:1bb0:a1::2,8443
2a02:6b40:2000:380b::1,443
2a03:b0c0:2:f0:0:1:6aae:2001,443
2a0a:51c0:0:147::2b,443
2a0c:db40:0:81f6::2,443
2a03:b0c0:0:1051::1ec7:5000,443
2a12:bec4:1bb0:2912::2,443
2001:41d0:305:2100::85aa,8443
2a03:b0c0:0:1051::2a68:f000,443
2602:f38e:4:3::1,8443
2a02:6b40:2000:a36::1,8443
2a03:b0c0:0:1051::1ec8:c000,443
2a03:b0c0:0:1051::1ec9:8000,443
2a03:b0c0:2:f0:0:1:6042:3001,443
2602:fa59:5:2c4::1,443
2a12:bec4:1bb0:c8d::2,8443
2a02:6b40:2000:2e7c::1,443
2a12:bec4:1ac0:1022::,2053
2a03:b0c0:0:1051::1e99:8000,443
2a05:541:103:4a::1,443
2a03:b0c0:0:1051::2dbe:7000,443
2a03:b0c0:2:f0:0:1:487:9001,443
2a03:b0c0:0:1051::23ab:3000,443
2a12:bec4:1ac0:399::,443
2001:41d0:304:200::9cb0,8443
2a12:bec4:1bb0:90a::2,443
2a03:b0c0:0:1051::2dbc:d000,443
2a03:d9c0:2000::1ac,443
2a12:bec4:1ac0:a61::,8443
2a02:6b40:2000:10a1::1,443
2a02:6b40:2000:2221::1,8443
2a03:b0c0:2:f0:0:1:48f3:a001,443
2a02:6b40:2000:2022::1,443
2a03:6f02::1:4f99,443
2400:8d60:4::1:6f03:fc98,2053
2a03:b0c0:2:f0:0:1:487:e001,443
2a02:6b40:2000:1fbc::1,443
2a03:b0c0:0:1051::2abc:7000,443
2a03:b0c0:0:1051::2752:0,443
2a03:b0c0:2:f0:0:1:6042:2001,443
2a03:b0c0:2:f0:0:1:60a8:c001,443
2a03:b0c0:2:d0::e04:a001,443
2a03:b0c0:0:1051::1ec9:7000,443
2a02:6b40:2000:26e2::1,443
2a0b:7140:6:1:5054:ff:fe60:7722,443
2a03:b0c0:0:1051::323e:9000,443
2a13:7c00:4:10:f816:3eff:fe53:cb19,443
2a14:c380:70:d9::a,443
2a12:bec4:1ac0:8db::,443
2a03:b0c0:0:1051::1df3:f000,443
2001:41d0:a:22b9::1,443
2a03:b0c0:0:1051::1ec4:8000,443
2a05:541:103:25c::1,8443
2a04:3542:1000:910:a870:83ff:fede:249,443
2a07:e042:1:1e1::1,443
2a03:f80:32:91cc::1,443
2a0d:7c40:3000:4d9::2,443
2a03:b0c0:0:1051::32ce:0,443
2a12:bec4:1bb0:11d7::2,2083
2a13:36c0:1ff:1162::1,443
2a12:bec4:1bb0:2123::2,443
2a03:b0c0:0:1051::35c0:7000,443
2602:fa59:5:59f::1,443
2a13:7c00:11:8:f816:3eff:feb2:7f3a,443
2a06:de00:401:91e2::1,443
2a03:b0c0:0:1051::2dbe:8000,443
2a03:b0c0:0:1051::23ab:0,443
2a00:b703:fff1:bb::1,443
2a12:bec4:1bb0:1839::2,2083
2a03:b0c0:2:f0:0:1:6501:1001,443
2a12:bec4:1bb0:1b3f::2,443
2a03:b0c0:1:e0::d26d:b001,443
2a13:7c00:4:22:f816:3eff:fec2:b070,443
2a12:bec4:1bb0:267b::2,2053
2a00:b703:fff1:8::1,443
2401:4520:2016::a,443
2001:41d0:305:2100::4135,8443
2a03:b0c0:0:1051::1ec3:8000,443
2a03:b0c0:0:1051::1ec1:3000,443
2001:41d0:305:2100::da2f,443
2a12:bec4:1bb0:61b::2,443
2a13:7c00:4:20:f816:3eff:fe94:7a1d,443
2a03:b0c0:0:1051::2e61:a000,443
2001:41d0:367:4c1::1,2053
2a12:bec4:1bb0:329::2,443
2001:19f0:c800:2fe7:5400:6ff:fe7c:1d33,443
2a02:6b40:2000:134::1,8443
2a12:bec4:1bb0:2079::2,443
2a03:b0c0:2:f0:0:1:47d4:b001,443
2a14:1b84:1000::139,443
2a02:6b40:2000:1237::1,443
2605:e440:8::1:2c7,443
2a12:bec4:1bb0:2415::2,8443
2a03:b0c0:0:1051::1ebf:7000,443
2605:e440:1::1:d0,8443
2605:e440:2::3:11d,8443
2a12:bec4:1ac0:1026::,8443
2a03:b0c0:0:1051::2dbc:e000,443
2a05:541:157:1c::1,8443
2a03:b0c0:2:f0:0:1:67a5:6001,443
2a03:b0c0:0:1051::1e99:5000,443
2a05:541:103:17b::1,443
2a02:6b40:2000:1937::1,8443
2a12:bec4:1ac0:f46::,443
2a12:bec4:1bb0:415::2,8443
2001:19f0:c800:2699:5400:4ff:fe7c:3c05,8443
2a03:b0c0:0:1051::2f24:8000,443
2a0d:6c2:17:411::,2053
2a01:8640:0:7::2ce9:6894,443
2a03:b0c0:0:1051::1eca:0,443
2605:e440:1::2:384,443
2001:41d0:305:2100::1:2a0e,8443
2a02:6b40:2000:13b3::1,443
2a13:36c0:0:33::1,443
2a01:6f0:ffff:ce69::1,443
2a12:bec4:1bb0:b5b::2,443
2a13:7c00:4:1:f816:3eff:fe33:5876,443
2a12:bec4:1bb0:1f40::2,443
2a14:7c0:1002:14dc::,8443
2a03:3f40:2:203:0:17:0:5,443
2a13:7c00:4:22:f816:3eff:feb0:7f64,443
2a12:bec4:1bb0:494::2,2087
2a0d:6c2:17:961::,443
2605:e440:1::1:8c,8443
2a12:bec4:1bb0:213d::2,8443
2a02:6b40:2000:335b::1,8443
2a09:bac5:4e24:c8::14:2e4,443
2a0f:b240:18:42::1,443
2a03:b0c0:0:1051::1ec0:6000,443
2a02:6b40:2000:295::1,2087
2a12:bec4:1ac0:725::,8443
2a03:b0c0:0:1051::2311:0,443
2a14:a087:7:a::1,443
2a02:6b40:2000:1ecf::1,2053
2a12:bec4:1bb0:438::2,443
2a13:7c00:4:22:f816:3eff:fe28:888c,443
2a13:36c0:1ff:1292::1,443
2a13:7c00:4:1:f816:3eff:fe1b:6581,443
2602:fa59:5:978::1,443
2a12:bec4:1ac0:e62::,8443
2a03:b0c0:0:1051::2f3d:2000,443
2a09:bac5:4e35:c8::14:2ad,2053
2605:e440:1::2:310,443
2a12:bec4:1482:34c::2,443
2a07:4680:0:6::177,8443
2a02:6b40:2000:a72::1,443
2a13:4ac0:20:2b:f816:3eff:fe28:2b16,443
2a13:7c00:4:10:f816:3eff:fe63:7761,8443
2a12:bec4:1bb0:16f8::2,443
2a03:b0c0:0:1051::35c0:9000,443
2a03:b0c0:0:1051::1ec0:0,443
2a03:b0c0:0:1051::1ec7:2000,443
2a01:6f0:ffff:9bd7::1,443
2a03:b0c0:0:1051::2f24:a000,443
2a02:6b40:2000:1965::1,443
2a12:bec4:1a80:231::2,8443
2a12:bec4:1ac0:a5e::,8443
2a03:b0c0:2:f0:0:1:60a9:3001,443
2a12:bec4:1bb0:1af1::2,443
2a12:bec4:1460:56e::2,8443
2a06:de00:401:9016::1,443
2a12:bec4:1bb0:3c::2,443
2a12:bec4:1ac0:6b9::,2053
2a03:b0c0:2:f0:0:1:6501:6001,443
2001:41d0:305:2100::5e96,443
2603:c020:8026:8ede::ae,2053
2a03:6f02::1:5017,443
2a05:93c0:1006:100a:f816:3eff:fe93:585d,8443
2a02:6b40:2000:31c2::1,8443
2a03:b0c0:2:f0:0:1:b3c:c001,443
2a14:7c0:1002:1377::,8443
2a02:6b40:2000:2019::1,443
2a12:bec4:1ac0:ff2::,443
2a03:b0c0:0:1051::297a:7000,443
2a10:1fc0:f:b::1,443
2001:41d0:305:2100::c9f5,443
2a12:bec4:1460:1df::2,2087
2a0d:6c2:17:9b9::,443
2a03:b0c0:0:1051::25bb:6000,443
2a02:6b40:2000:390f::1,443
2a02:6b40:2000:247f::1,443
2a03:b0c0:2:f0:0:1:c0a:7001,443
2a02:6b40:2000:3795::1,443
2a12:3e80:400:24c::,443
2605:e440:e::3fd,443
2a03:b0c0:2:f0:0:1:dcd0:4001,443
2a12:bec4:1bb0:1e8f::2,443
2a02:6b40:2000:26ea::1,8443
2a03:b0c0:2:f0:0:1:a59:f001,443
2a03:b0c0:0:1051::1ec6:4000,443
2a10:c944:321::25f,8443
2a02:6b40:2000:1d86::1,443
2a0d:6c2:17:935::,443
2a0f:6284:67:770::1,443
2a03:b0c0:0:1051::1eca:1000,443
2a02:6b40:2000:2da0::1,8443
2a12:bec4:1bb0:1a4b::2,8443
2a05:541:157:4::1,8443
2a12:bec4:1bb0:22f4::2,443
2a03:b0c0:0:1051::1ec2:d000,443
2a12:bec4:1482:33d::2,443
2a03:f80:491:2970::1,443
2a12:bec4:1482:34a::2,443
2a12:bec4:1bb0:1f3a::2,443
2a03:6f02::1:40ec,2053
2a13:36c0:1ff:1197::1,8443
2a03:b0c0:0:1051::1ec2:9000,443
2a03:b0c0:2:f0:0:1:5f95:6001,443
2605:e440:e::11,443
2a10:c944:321::37c,443
2a14:7c0:1742:3f86::1,2083
2a02:6b40:2000:1960::1,443
2a03:6f02::e40a,443
2a03:b0c0:2:f0:0:1:6501:1,443
2a12:bec4:1bb0:1ad3::2,8443
2a14:7c0:1002:169f::,443
2a0d:6c2:17:8143::,443
2a03:b0c0:2:f0:0:1:a5a:1,443
2a03:b0c0:2:f0:0:1:487:c001,443
2a03:6f02::7a47,8443
2a02:6b40:2000:1c7b::1,443
2a02:6b40:2000:6ae::1,443
2a02:6b40:2000:1f04::1,2053
2a0d:6c2:17:a75::,8443
2a02:6b40:2000:2e5::1,2053
2a03:b0c0:2:f0:0:1:6041:d001,443
2a02:6b40:2000:24b::1,443
2a05:d014:ed:9600:f52b:ab01:6bb:bc9d,443
2a02:6b40:2000:543::1,8443
2605:e440:1::1:39b,2083
2a0c:4ac1:15:7::a,443
2a01:7e01::f03c:93ff:feb2:99,443
2a0c:db40:0:80b7::2,443
2a12:bec4:1651:104::c0b,443
2a04:5201:4::225,443
2001:41d0:305:2100::fc7b,8443
2a03:b0c0:2:f0:0:1:5f95:5001,443
2a13:36c0:0:144::1,443
2a12:bec4:1482:30e::2,443
2602:f988:85:81d::2c4,8443
2a12:bec4:1bb0:171c::2,443
2a0f:b240:18:9b::1,443
2a03:b0c0:0:1051::22f4:d000,443
2a14:7c0:1002:17b6::,443
2a0a:51c1:a:427::1,443
2a0d:6c2:17:e19::,443
2a03:b0c0:0:1051::297a:6000,443
2a0d:5940:112:e3::a,443
2a12:bec4:1482:34d::2,443
2a12:bec4:1482:2f8::2,443
2a03:b0c0:2:f0:0:1:2705:2001,443
2a0d:6c2:17:76b::,8443
2a0d:6c2:17:1a4::,443
2a03:b0c0:2:f0:0:1:6501:4001,443
2a03:b0c0:2:f0:0:1:605d:2001,443
2a02:6b40:2000:1f6::1,443
2a02:6b40:2000:d09::1,443
2a0d:6c2:17:7a5::,443
2a13:7c00:4:5:f816:3eff:fed0:5b54,443
2a03:b0c0:0:1051::1df3:6000,443
2a12:bec4:1bb0:1577::2,443
2a12:bec4:1bb0:1c4a::2,443
2a14:7c0:1002:1427::,2053
2a12:bec4:1a80:76::2,443
2a12:bec4:1bb0:f3e::2,443
2a02:6b40:2000:2c04::1,2096
2a03:b0c0:0:1051::22f4:b000,443
2a12:bec4:1bb0:10d9::2,443
2a03:b0c0:0:1051::357f:e000,443
2a03:b0c0:0:1051::1ebf:f000,443
2a02:6b40:2000:287b::1,443
2a06:a880:5:2b24::1,8443
2a03:6f02::1:a8c,443
2a03:b0c0:3:f0:0:1:fa1a:b000,443
2a12:bec4:1482:391::2,443
2a03:b0c0:2:f0:0:1:47d4:9001,443
2a03:b0c0:3:f0:0:1:fa1a:e000,443
2603:c020:8005:1b00:d2c4:8e49:acab:c3e6,443
2a03:b0c0:0:1051::26cc:f000,443
2a14:7c0:1002:11e9::,443
2a0c:5d00:3004::f39c:3a38,443
2a14:7c0:1002:1838::,443
2a13:36c0:0:3::1,443
2a14:c380:4000:46::a,8443
2a13:36c0:0:321::1,443
2a03:b0c0:0:1051::25d0:7000,443
2a14:7981:470:2d::,443
2a12:bec4:1a80:14c::2,443
2a03:b0c0:3:f0:0:1:f9d0:1000,443
2605:e440:1::3:3d4,443
2605:e440:1::3:3f4,8443
2a0c:7886:105:fc::1,443
2a14:7c0:1002:18b0::,443
2a02:6b40:2000:b94::1,443
2a0d:6c2:17:b31::,443
2a03:b0c0:3:f0:0:1:fb59:2000,443
2a02:6b40:2000:3612::1,443
2a0d:6c2:17:79c::,443
2a0c:db40:0:806e::2,8443
2a03:b0c0:3:f0:0:1:f959:0,443
2a03:b0c0:0:1051::1ec9:d000,443
2a03:b0c0:2:f0:0:1:7ffb:4001,443
2a02:6b40:2000:27d1::1,443
2a12:bec4:1bb0:721::2,8443
2001:41d0:305:2100::c632,8443
2a02:6b40:2000:3202::1,443
2605:e440:e::183,8443
2a02:6b40:2000:26d2::1,443
2a03:b0c0:2:f0:0:1:e427:c001,443
2a0d:7c40:3000:703::2,443
2a01:7e01::f03c:93ff:fe4c:5e7c,443
2605:e440:48::11f,8443
2a06:f940:2:fffe:216:3eff:fe9a:444,8443
2a03:b0c0:2:f0:0:1:10b9:c001,443
2a02:6b40:2000:36ff::1,443
2a03:b0c0:0:1051::1ec7:9000,443
2a12:bec4:1bb0:53d::2,443
2a03:b0c0:3:f0:0:1:f829:9000,443
2a0f:6284:67:d119::1,443
2a03:b0c0:0:1051::29e8:f000,443
2a0c:480:18d::1,443
2a03:b0c0:0:1051::2580:e000,443
2a03:b0c0:2:f0:0:1:605c:f001,443
2a0b:7140:6:1:5054:ff:fe79:6c59,2053
2a0f:ca80:b00b:122::5,443
2a03:b0c0:3:f0:0:1:fb59:0,443
2602:f988:84:968::123,443
2a12:bec4:1482:34b::2,443
2a03:b0c0:2:f0:0:1:a5a:8001,443
2a12:bec4:1ac0:5d2::,443
2a12:bec4:1a80:134::2,443
2a03:b0c0:1:e0:0:1:216a:1001,443
2a03:b0c0:2:f0:0:1:6ebd:c001,443
2a06:fcc0:a::b5,8443
2a03:b0c0:3:f0:0:1:faec:c000,443
2a02:6b40:2000:3460::1,8443
2a02:6b40:2000:36da::1,443
2a02:6b40:2000:d7e::1,443
2a02:6b40:2000:d2::1,443
2a12:de40:51::16a,443
2a0d:6c2:17:feb::,443
2a12:bec4:1bb0:2263::2,8443
2a12:bec4:1d60:45::2,8443
2a04:52c0:101:4c6::,443
2605:e440:1::5:357,8443
2a03:b0c0:0:1051::2abc:a000,443
2a01:8640:2:11::13b5:4583,443
2a03:b0c0:3:f0:0:1:f9f0:e000,443
2a03:b0c0:3:f0:0:1:f841:6000,443
2a02:6b40:2000:83d::1,2053
2a03:b0c0:3:f0:0:1:fa7f:3000,443
2a03:b0c0:2:f0:0:1:67e7:6001,443
2a12:bec4:1bb0:13ae::2,443
2a03:b0c0:0:1051::2366:6000,443
2a12:bec4:1bb0:20f5::2,8443
2a03:b0c0:2:f0:0:1:a5a:6001,443
2a02:6b40:2000:35de::1,8443
2a01:7e01::f03c:93ff:fe5a:9f20,443
2a03:b0c0:3:f0:0:1:f95b:5000,443
2a0f:b240:18:b8::1,443
2a02:6b40:2000:28bc::1,2053
2a0d:d940:90b0:67::1f,8443
2a03:b0c0:2:f0:0:1:698e:a001,443
2a10:ab80:3e3:2a::2,443
2a14:7c0:1002:10cc::,443
2a12:bec4:1bb0:f27::2,443
2a03:b0c0:3:f0:0:1:f959:7000,443
2a03:b0c0:2:f0:0:1:8ab7:5001,443
2a03:b0c0:3:f0:0:1:fa46:a000,443
2a14:7c0:1002:117d::,443
2a03:b0c0:3:f0:0:1:f958:a000,443
2605:e440:f::2:3e6,8443
2a03:b0c0:2:f0:0:1:6042:1,443
2a02:6b40:2000:374::1,8443
2a03:b0c0:2:f0:0:1:47d4:8001,443
2a01:7e01::f03c:93ff:feb2:a8,443
2a00:12d8:700e:0:59b1:5197:3420:b2d5,2083
2a14:c380:4000:47::a,8443
2a0d:6c2:26:6df::,443
2a12:bec4:1ac0:1042::,2083
2a02:6b40:2000:834::1,2087
2a02:6b40:2000:1f06::1,443
2a12:bec4:1ac0:8d4::,443
2a01:7e01::f03c:93ff:fe5a:9f31,443
2a09:bac5:27bc:2c8::47:613,443
2a02:6b40:2000:3073::1,443
2a03:b0c0:3:f0:0:1:fa1b:1000,443
2a0f:b240:18:9f::1,443
2a03:b0c0:0:1051::1ec2:4000,443
2a12:bec4:1ac0:1030::,443
2a14:7c0:1002:126a::,8443
2a13:7c00:11:6:f816:3eff:fefb:1a6e,443
2a05:d014:1e6f:7500:f7eb:403b:25a5:1155,443
2a12:bec4:1bb0:2188::2,443
2a0b:7140:5:1:5054:ff:fe3b:750a,443
2a03:b0c0:3:f0:0:1:f9d0:2000,443
2a02:6b40:2000:1e9a::1,443
2a02:6b40:2000:2c05::1,443
2a07:4680:0:6::3c5,8443
2a12:bec4:1ac0:81a::,8443
2602:fa59:5:d3::1,443
2a03:b0c0:3:f0:0:1:fa1a:c000,443
2a12:bec4:1bb0:ffd::2,443
2a03:b0c0:3:f0:0:1:fbd3:e000,443
2a14:1b84:1000::471,8443
2a0d:6c2:26:25b::,8443
2a01:7e01::f03c:93ff:fe5a:9f48,443
2a03:b0c0:3:f0:0:1:fa46:8000,443
2a04:52c0:106:784::1,443
2a03:b0c0:0:1051::23aa:c000,443
2a02:6b40:2000:1ba8::1,2096
2a01:7e01::f03c:93ff:feb2:8a,443
2a01:7e01::f03c:95ff:fe44:8a30,443
2a03:b0c0:3:f0:0:1:faec:d000,443
2a02:6b40:2000:194a::1,8443
2a05:d014:1ca9:8200:d5e7:49c:ece0:a7f2,443
2a03:b0c0:3:f0:0:1:f849:e000,443
2a03:b0c0:2:f0:0:1:47d4:3001,443
2a03:b0c0:0:1051::25ee:4000,443
2a02:6b40:2000:2299::1,443
2a13:4ac0:20:17:f816:3eff:fe74:4dff,443
2a12:bec4:1460:49::2,443
2a05:d014:54b:7100:dfb0:a78b:e20d:ceb5,443
2a12:bec4:1ac0:40c::,443
2a05:f480:1800:37f4:5400:6ff:fe9b:1422,443
2a01:7e01::f03c:93ff:fe5a:9fd3,443
2a12:bec4:1ac0:f85::,443
2a03:b0c0:3:f0:0:1:f959:a000,443
2a01:7e01::f03c:93ff:fe4c:5ea3,443
2a02:6b40:2000:1c26::1,443
2a09:0:9::1:3a,443
2a01:7e01::f03c:93ff:fe4c:5e86,443
2a01:7e01::f03c:93ff:fe5a:9ffc,443
2a01:7e01::f03c:93ff:fe5a:9f60,443
2605:e440:48::1:212,8443
2a12:bec4:1460:55d::2,2053
2a02:6b40:2000:d0c::1,8443
2a12:bec4:1ac0:5d4::,443
2a03:b0c0:3:f0:0:1:fa2c:e000,443
2a03:b0c0:3:f0:0:1:fa2c:d000,443
2603:c025:0:e1ee:0:ccf6:fbf9:aeb2,443
2a03:b0c0:3:f0:0:1:f829:8000,443
2a03:b0c0:3:f0:0:1:f9e3:6000,443
2a0b:4142:21d::2,443
2001:bc8:711:70b7:dc00:1ff:fe28:649,443
2a03:b0c0:3:f0:0:1:f9e3:8000,443
2a03:b0c0:3:f0:0:1:faec:b000,443
2a05:f480:1800:389d:5400:6ff:fe7a:c044,443
2a01:7e01::f03c:93ff:fe5a:9f47,443
2a01:7e01::f03c:93ff:fe4c:56bd,443
2a0e:97c0:3ea:3f7::1,443
2a02:6b40:2000:1b8::1,2053
2a13:7c00:4:1:f816:3eff:feca:b636,8443
2a03:b0c0:3:f0:0:2:b34:7000,443
2a03:b0c0:3:f0:0:1:f958:7000,443
2a12:bec4:1df0:8f::a,443
2a03:b0c0:3:f0:0:1:f95b:1000,443
2a05:d014:8b9:9a00:956:6eac:9250:66e7,443
2a05:d014:410:5500:8cb7:2a19:1445:bb83,443
2a03:b0c0:3:f0:0:1:fa7f:8000,443
2a02:6b40:2000:16fb::1,443
2a0e:97c0:3e3:3aa::105,443
2a13:7dc0:1000:88::1,443
2a04:52c0:110:58ca::1,443
2a02:6b40:2000:46d::1,443
2a03:b0c0:3:f0:0:1:faa5:5000,443
2600:3c17::2000:a2ff:fe31:84d8,443
2a03:b0c0:3:f0:0:1:faa5:8000,443
2606:6680:15:1::806e:8a39,2053
2a10:c944:321::201,443
2a01:7e01::f03c:93ff:fe5a:9fe5,443
2a03:b0c0:3:f0:0:1:f9d0:0,443
2a12:bec4:1ac0:863::,8443
2a03:b0c0:3:f0:0:1:fa45:8000,443
2a0d:6c2:17:801f::,443
2a03:b0c0:3:f0:0:1:fa1a:d000,443
2a06:fcc0:a::22d,443
2a12:bec4:1ac0:e30::,8443
2a0e:4007:fffe:703::1e,443
2a03:b0c0:3:f0:0:1:f9e3:3000,443
2a0b:4142:b28::2,8443
2a06:fcc0:a::4f,443
2a0d:6c2:17:bde::,443
2a03:b0c0:3:f0:0:1:f7ff:9000,443
2a0b:4142:161::2,443
2a03:b0c0:3:f0:0:1:f9e3:1000,443
2a01:7e01::f03c:93ff:fe4c:5636,443
2a12:bec4:1ac0:c17::,443
2a0b:4142:894::2,443
2a03:6f02::1:24a5,8443
2a0b:4142:5f1::2,443
2605:e440:f::1:3f1,443
2a01:7e01::f03c:93ff:fe5a:9fda,443
2a03:b0c0:3:f0:0:2:fc7:9000,443
2a03:b0c0:3:f0:0:1:fb58:f000,443
2401:3bc0:100f:221:5054:ff:fe61:3939,8443
2a03:b0c0:3:d0::1944:6001,443
2a03:b0c0:3:f0:0:1:f9f0:a000,443
2a03:b0c0:3:f0:0:1:f9e3:a000,443
2a12:bec4:1bb0:1590::2,443
2a13:7dc0:2000:192::1,443
2a0b:4142:911::2,443
2605:e440:f::1:3e5,443
2a13:36c0:1ff:1624::1,8443
2a12:bec4:1bb0:1065::2,443
2a01:7e01::f03c:93ff:fe4c:5ed2,443
2a00:c98:400f:107:1c00:bcff:fe00:773,8443
2a05:d014:1ce4:3d00:c724:56a4:fd10:1264,443
2a03:b0c0:0:1051::25d0:4000,443
2a03:b0c0:3:f0:0:1:fa2c:7000,443
2a06:fcc0:a::3e,443
2a03:b0c0:3:f0:0:2:df0:a000,443
2a0e:97c0:3ea:1b4::1,2053
2a0b:4142:7e::2,443
2605:e440:48::1:7c,2083
2a03:b0c0:3:f0:0:1:fc64:3000,443
2a13:7dc0:2000:220::1,443
2a03:b0c0:3:f0:0:1:f959:5000,443
2a12:bec4:1ac0:5e7::,443
2a00:c98:400f:114:1c00:64ff:fe00:f35,2053
2a06:f901:a:3e::2,443
2a0d:6c2:26:376::,2053
2a02:6b40:2000:305b::1,8443
2a09:bac1:5500:10::20a:7e,443
2a02:6b40:2000:3223::1,443
2a03:b0c0:3:f0:0:1:f9cf:b000,443
2a03:b0c0:3:f0:0:1:fc42:b000,443
2a01:7e01::f03c:93ff:feb2:7a,443
2a0d:2787:1b:13e2::a,443
2a01:7e01::2000:eeff:fe15:fc81,8443
2605:e440:48::297,443
2a07:e03:3:131::1,443
2a03:b0c0:3:f0:0:1:fa7f:1000,443
2a03:90c0:94:ffff::841,443
2605:e440:48::1:228,8443
2a03:b0c0:3:f0:0:1:f829:b000,443
2a12:bec4:1460:f6::2,443
2a03:b0c0:3:f0:0:1:f9cf:c000,443
2a0d:6c2:26:7f1::,8443
2a03:b0c0:0:1051::2310:f000,443
2a12:bec4:1bb0:bae::2,8443
2a12:bec4:1bb0:20b7::2,443
2a03:b0c0:3:f0:0:1:f7ff:8000,443
2a13:7dc0:2000:6c::1,443
2a12:bec4:1bb0:269b::2,2053
2a12:bec4:1bb0:1a9d::2,443
2a03:b0c0:3:f0:0:2:cbc:5000,443
2a03:b0c0:3:f0:0:2:ebc:c000,443
2605:e440:f::3:12a,443
2a02:6b40:2000:1459::1,443
2a12:bec4:1bb0:60c::2,8443
2605:e440:1::1:1a9,443
2a03:b0c0:3:f0:0:1:f849:c000,443
2a01:7e01::f03c:93ff:feb2:86,443
2a03:b0c0:3:f0:0:1:fc43:1000,443
2605:e440:f::4:218,443
2a00:c98:2010:a011:0:4:0:2,443
2a12:bec4:1bb0:10a1::2,443
2a03:b0c0:3:f0:0:1:f958:e000,443
2a06:fcc0:a::23f,443
2a03:b0c0:3:f0:0:1:f849:b000,443
2a12:bec4:1bb0:71b::2,8443
2a13:7dc0:2000:1a6::1,8443
2a03:b0c0:3:f0:0:1:fbd4:3000,443
2a03:b0c0:3:f0:0:1:fa46:6000,443
2605:e440:f::2:80,8443
2605:e440:48::1:1f2,443
2a02:6b40:2000:37e9::1,443
2a01:7e01::f03c:93ff:fe5a:9f29,443
2a00:c98:4005:40a:0:3:0:2,443
2a03:b0c0:3:f0:0:2:29a0:2000,443
2a03:b0c0:3:d0::10a3:8001,8443
2a05:f480:1800:2d26:5400:6ff:fe23:f58e,443
2a03:b0c0:3:f0:0:1:fbd3:d000,443
2a05:d014:fc9:4300:5130:7823:d08b:2353,443
2a0d:6c2:17:a5e::,2053
2a0b:4142:99c::2,8443
2a09:0:9::82,443
2a00:b703:fff1:ec::1,443
2a01:7e01::f03c:93ff:feb2:1d,443
2a02:6b40:2000:3c73::1,443
2605:e440:48::55,443
2a03:b0c0:0:1051::1ec0:e000,443
2a03:b0c0:3:f0:0:1:a958:e000,443
2a06:fcc0:a::20b,443
2a03:b0c0:3:f0:0:1:fde5:d000,443
2a0c:dd80:2001::869,443
2a0b:4142:10a3::2,8443
2a03:e340:0:2::28a,8443
2a01:7e01::f03c:93ff:feb2:d7,443
2a03:b0c0:2:f0:0:1:5f95:e001,443
2a0b:4142:edf::2,443
2a03:b0c0:0:1051::1ec6:a000,443
2a03:b0c0:3:f0:0:1:fa7e:f000,443
2a00:c98:4005:100:0:3:0:5,443
2605:e440:f::2:2d5,8443
2a09:0:9::1:122,443
2a03:b0c0:3:f0:0:1:f959:b000,443
2a05:f480:1800:3765:5400:6ff:fe8e:db1d,443
2001:41d0:305:2100::1:3aab,8443
2a03:b0c0:0:1051::26cc:8000,443
2a0b:4142:123b::2,8443
2a03:b0c0:3:f0:0:2:b34:a000,443
2a0b:4142:c71::2,443
2a03:b0c0:3:f0:0:1:f95b:2000,443
2a03:b0c0:2:f0:0:1:47d4:4001,443
2a03:6f02::e9a8,443
2a05:f480:1800:3b42:5400:6ff:fe94:712d,443
2001:bc8:6005:129:208:a2ff:fe0c:4126,443
2a12:bec4:1bb0:43b::2,443
2a13:36c0:1ff:1241::1,443
2a05:541:173:8::1,443
2a03:b0c0:3:f0:0:1:fb58:d000,443
2001:41d0:304:400::434a,443
2a03:b0c0:3:f0:0:1:f84a:1000,443
2a0d:6c2:26:3df::,443
2a0b:4142:a1b::2,8443
2a12:bec4:1bb0:25cd::2,8443
2a03:b0c0:3:f0:0:1:e1cc:d000,443
2a03:b0c0:3:f0:0:1:fc42:e000,443
2a03:b0c0:3:f0:0:1:f829:a000,443
2a0b:4142:305::2,443
2a03:b0c0:3:f0:0:2:9dc0:9000,443
2a05:f480:1800:3b56:5400:6ff:fe54:c44e,8443
2a0c:5d00:3004::197e:89bb,443
2a0d:6c2:26:2a2::,443
2a03:b0c0:3:f0:0:1:f025:f000,443
2603:c020:801c:2cd1:0:9dee:33a2:f687,443
2a06:fcc0:a::1ee,443
2a09:0:8000:22a::a,443
2a03:b0c0:0:1051::1ec6:3000,443
2a12:bec4:1ac0:ab9::,2087
2a03:b0c0:3:f0:0:1:f959:4000,443
2a0b:4142:26f::2,8443
2a03:b0c0:3:f0:0:1:fc64:0,443
2a03:6f02::1:4d2b,8443
2a03:b0c0:3:f0:0:2:29a0:5000,443
2a01:7e01::f03c:93ff:fe5a:9f99,443
2a03:b0c0:3:f0:0:1:f95b:3000,443
2a03:b0c0:3:f0:0:1:fa2c:8000,443
2a0b:4142:676::2,443
2a02:6b40:2000:b7f::1,2087
2a00:17d8:100::1ee1,443
2a03:b0c0:3:f0:0:2:855:5000,443
2a03:b0c0:3:f0:0:1:f9f0:d000,443
2a01:7e02::f03c:95ff:fea8:4f,443
2a03:b0c0:0:1051::2580:d000,443
2a03:b0c0:3:f0:0:1:faa4:f000,443
2a12:bec4:1bb0:1c79::2,443
2a0b:4142:9d4::2,443
2a03:b0c0:3:f0:0:1:f9f0:8000,443
2a0d:6c2:27:210::,443
2a13:36c0:1ff:1361::1,443
2a02:6b40:2000:3ad6::1,443
2605:e440:1::5:83,8443
2a03:b0c0:3:f0:0:2:3b31:9000,443
2a0b:4142:11c8::2,8443
2a0c:480:112::1,443
2603:c027:c000:be00:0:31f0:a5c7:3062,443
2a00:c98:4005:111:0:e:0:7,443
2a00:c98:2010:a00f:0:2:0:2,443
2a03:b0c0:3:f0:0:1:fce0:8000,443
2a13:7dc0:2000:1f4::1,8443
2a03:b0c0:1:e0:0:1:33d0:4001,443
2a03:b0c0:3:f0:0:1:fce0:2000,443
2a03:e340:0:2::387,443
2a01:7e01::f03c:93ff:feb2:fb,443
2a02:6b40:2000:b9a::1,443
2a03:b0c0:3:f0:0:1:fa7f:5000,443
2a0b:4142:f68::2,443
2a03:b0c0:3:f0:0:1:f9e3:7000,443
2a03:b0c0:3:f0:0:1:faec:a000,443
2a12:bec4:1bb0:db4::2,443
2a12:bec4:1bb0:10b1::2,8443
2a01:7e01::f03c:93ff:fe4c:5606,443
2a00:c98:400f:115:1c00:9fff:fe00:1119,8443
2a03:b0c0:3:f0:0:1:fa46:b000,443
2a0b:4142:e59::2,443
2a03:b0c0:3:f0:0:2:9dc1:1000,443
2a0d:6c2:17:10f1::,443
2a13:4ac0:20:20:f816:3eff:fe42:6f6a,443
2a03:b0c0:3:f0:0:1:f849:f000,443
2a0b:4142:2f2::2,443
2a02:6b40:2000:3422::1,443
2a01:7e01::f03c:93ff:fe4c:5683,443
2a02:6b40:2000:3353::1,443
2a01:7e01::f03c:93ff:fe4c:5ee8,443
2a01:7e01::2000:49ff:fea6:82c8,443
2a03:b0c0:3:f0:0:2:3789:5000,8443
2a0c:4ac1:4:db::a,443
2a03:b0c0:3:f0:0:1:fc64:4000,443
2a03:6f02::1:53fa,443
2a12:bec4:1bb0:657::2,443
2a01:6f0:ffff:6ae5::1,8443
2a0e:97c0:3ea:166::1,2083
2a03:b0c0:3:f0:0:1:fa45:9000,2053
2a0b:4142:7c2::2,443
2a0b:4142:df::2,443
2a03:b0c0:0:1051::1ec8:d000,443
2a03:b0c0:3:f0:0:1:fc42:d000,443
2a09:0:9::234,2053
2a01:6f0:ffff:d396::1,443
2a0b:4142:265::2,443
2a03:b0c0:3:f0:0:1:f9cf:a000,2053
2a01:7e01::f03c:93ff:feb2:3,443
2a01:7e01::f03c:93ff:fe5a:9fcd,443
2a03:b0c0:3:f0:0:2:7d6f:e000,443
2a03:b0c0:2:f0:0:1:6041:f001,443
2a0c:db40:0:82ae::2,8443
2a00:c98:2030:a03d:0:4:0:2,443
2a01:4f8:c2c:36b8::1,8443
2a03:b0c0:3:f0:0:1:f959:8000,443
2a03:6f02::1:7002,443
2a03:b0c0:3:f0:0:1:fbd4:5000,443
2a03:b0c0:3:d0::fa7:3001,443
2a03:b0c0:3:f0:0:1:f800:2000,443
2a03:b0c0:3:f0:0:1:faa5:2000,443
2a03:b0c0:3:f0:0:2:474c:a000,443
2a12:bec4:1bb0:1bf::2,8443
2a0b:4142:10db::2,443
2a03:b0c0:3:f0:0:1:fa7f:7000,443
2a00:c98:2050:a04d:1::7200,443
2a01:7e01::f03c:93ff:feb2:e4,443
2a03:b0c0:3:f0:0:1:f841:9000,443
2a03:6f02::b60e,8443
2a02:6b40:2000:3732::1,8443
2a07:4680:0:7::655,443
2a01:7e01::f03c:93ff:feb2:e8,443
2a05:f480:1800:35a0:5400:6ff:fe4a:9392,443
2a02:6b40:2000:386e::1,8443
2a00:c98:2010:a010:0:2:0:2,443
2a0b:4142:3da::2,8443
2a01:7e01::f03c:93ff:fe4c:5679,443
2a13:7c00:5:23:f816:3eff:feec:15a,8443
2a03:b0c0:3:f0:0:1:f7ff:6000,443
2a03:b0c0:3:f0:0:1:faa5:3000,443
2a14:7c0:1002:1190::,443
2a02:6b40:2000:347a::1,8443
2a0b:b7c4:1:d92c::1,8443
2a03:b0c0:3:f0:0:1:fa2c:c000,443
2a03:b0c0:3:f0:0:1:f841:3000,443
2a03:b0c0:3:f0:0:1:f7ff:7000,443
2a01:7e02::2000:d0ff:feb1:c41c,443
2a03:b0c0:3:f0:0:1:fa46:7000,443
2a0b:4142:687::2,443
2a0b:4142:c66::2,443
2a0c:4ac1:15:bc::a,443
2600:3c17::2000:e7ff:fea7:a0fd,443
2a03:b0c0:2:f0:0:1:2704:f001,443
2a05:d014:fc9:4300:1226:2d9c:7db1:88c6,443
2a03:b0c0:3:f0:0:2:aba9:8000,443
2a03:b0c0:3:f0:0:2:2fa5:b000,443
2a02:6b40:2000:149a::1,443
2a01:7e01::f03c:93ff:fe5a:9fa3,443
2a02:6b40:2000:1747::1,443
2a03:b0c0:3:f0:0:2:94de:0,443
2605:e440:1::1:bd,443
2a01:4f8:1c18:c29a::1,8443
2a05:d014:17af:ed00:867a:57c1:96af:ae45,443
2a03:b0c0:0:1051::1ec2:7000,443
2a01:4f8:c2c:41dd::1,443
2a03:b0c0:3:f0:0:1:faa5:4000,443
2a03:b0c0:3:f0:0:2:7a13:5000,443
2a02:6b40:2000:3224::1,443
2a01:4f8:1c1b:251a::1,443
2a0d:6c2:26:21e::,8443
2a01:4f8:1c1b:14a2::1,2087
2a03:e340:0:2::23b,443
2a03:b0c0:3:f0:0:2:3b31:c000,443
2a03:b0c0:3:f0:0:1:f7ff:4000,443
2a01:7e01::2000:2eff:fe3e:cccb,443
2a03:b0c0:3:f0:0:1:fb58:e000,443
2001:bc8:1640:76e7:dc00:ff:fe6a:dc55,8443
2a01:4f8:1c18:6027::1,8443
2605:e440:1::3:87,8443
2a02:6b40:2000:304d::1,443
2a00:c98:400f:111:1c00:52ff:fe00:b4f,443
2a05:541:103:12::1,443
2a02:6b40:2000:26fb::1,443
2a0e:97c0:711:269::1,2053
2a03:d9c2:100:111f::a,443
2a01:4f8:1c1f:83ab::1,2053
2a03:b0c0:3:f0:0:1:f9e3:5000,443
2a01:4f8:1c18:3732::1,443
2a03:b0c0:3:f0:0:1:97dd:a000,443
2a0b:4142:25e::2,443
2a02:6b40:2000:3c3b::1,443
2a03:b0c0:3:f0:0:2:572f:6000,443
2a03:b0c0:3:f0:0:1:f95b:7000,443
2a01:4f8:1c1b:d2b::1,443
2a00:17d8:100::4131,443
2a0b:4142:3fc::2,443
2a0b:4142:680::2,443
2a03:b0c0:3:f0:0:1:f959:9000,443
2a01:4f8:1c1b:cb78::1,8443
2a03:b0c0:3:f0:0:2:13ef:f000,443
2602:fc16:2:6af::23e4,443
2a05:d014:1cd7:bc00:5200:62f6:5cef:3c6f,443
2a0a:c802:6:1::27,8443
2a12:bec4:1ac0:4bd::,443
2a0d:6c2:26:1055::,443
2a01:4f8:1c1b:bae8::1,8443
2a01:4f8:c0c:fe29::1,443
2a03:b0c0:3:f0:0:1:f7ff:a000,443
2a12:bec4:1bb0:5bc::2,443
2a01:7e01::f03c:94ff:fe5c:42bc,443
2a01:7e01::f03c:93ff:feb2:a0,443
2a03:b0c0:3:f0:0:1:fc42:f000,443
2a01:4f8:1c18:6a20::1,2087
2001:41d0:20a:900::222e,443
2a03:b0c0:3:f0:0:1:fd65:d000,443
2a02:6b40:2000:220b::1,8443
2a06:a880:4:e4d::1,443
2a12:bec4:1bb0:411::2,443
2602:fc16:2:66d::8357,443
2a03:b0c0:3:f0:0:2:e49:5000,443
2a01:4f8:1c1b:630::1,8443
2602:f988:84::5a8d:ce50,8443
2a0d:6c2:17:9d3::,443
2a01:4f8:c0c:e72c::1,443
2a12:bec4:1bb0:1ff7::2,443
2a03:b0c0:3:f0:0:1:fa45:e000,443
2a03:b0c0:3:f0:0:1:f849:d000,443
2a14:7c0:1002:1010::,443
2a01:4f8:1c16:3aa7::1,443
2a01:4f8:c0c:20a5::1,443
2a01:4f8:1c1a:3015::1,443
2a05:f480:1800:34ba:5400:6ff:fe98:a29c,443
2a01:4f8:1c1c:ae01::1,443
2a02:6b40:2000:dad::1,443
2001:41d0:ab01::4:0:217,2053
2a0b:4142:906::2,443
2a02:6b40:2000:353a::1,8443
2a03:b0c0:3:f0:0:1:fbd4:4000,443
2a06:a880:4:ad1::1,8443
2a03:b0c0:3:f0:0:1:faa5:7000,443
2a03:b0c0:3:f0:0:1:f7ff:3000,443
2a0d:6c2:17:117::,2053
2a0a:4cc0:c2:f4a:8828:4cff:fe23:32fa,443
2a01:4f8:1c0c:52d3::1,8443
2a01:4f8:1c18:b5ca::1,2053
2a03:b0c0:3:f0:0:1:fb59:3000,443
2603:c020:8017:1500:df10:8f8a:d484:d994,443
2a01:4f8:1c1b:14a3::1,2053
2a02:6b40:2000:1d52::1,2053
2a02:6b40:2000:3909::1,443
2a0b:4142:aff::2,443
2a03:b0c0:0:1051::2376:a000,443
2a01:4f8:1c19:cf39::1,2053
2401:3bc0:100f:236:46a1:7715:453c:dfe0,443
2a03:b0c0:0:1051::1ebe:b000,443
2a02:6b40:2000:2cd1::1,443
2a01:4f8:1c1b:1b82::1,443
2a0e:97c0:3e3:239::1,443
2a01:4f8:1c18:4e3::1,8443
2a01:4f8:1c18:faa8::1,443
2a01:4f8:1c1b:827::1,443
2a0e:97c0:3ea:18d::1,443
2a03:c7c0:5d:1:def::1,443
2a01:4f8:c0c:2cf7::1,443
2a03:b0c0:3:f0:0:1:faa5:6000,443
2a01:4f8:c2c:c577::1,443
2a03:b0c0:3:f0:0:1:fa7f:2000,443
2a02:6b40:2000:29c5::1,443
2a0b:4142:9e::2,443
2a03:b0c0:3:f0:0:1:f95b:6000,443
2a03:b0c0:3:f0:0:2:2f90:3000,443
2a02:6b40:2000:2d34::1,8443
2a01:4f8:1c19:e5f1::1,2083
2a03:b0c0:3:f0:0:1:fd65:a000,443
2a03:b0c0:3:f0:0:1:faec:8000,443
2a03:c7c0:a2:1:def::1,443
2a12:bec4:1bb0:1d7::2,443
2a03:b0c0:3:f0:0:2:29a0:a000,443
2a0b:4142:3de::2,443
2a03:b0c0:3:f0:0:1:fa2c:b000,443
2a03:b0c0:3:f0:0:1:e1cc:6000,443
2a03:b0c0:3:f0:0:1:f025:4000,443
2a0f:5f40::3129,443
2a03:b0c0:3:f0:0:1:97dd:e000,443
2a01:7a7:2:3343:216:3cff:fe0e:e4e8,443
2a02:6b40:2000:ce2::1,443
2a0b:4142:6e9::2,443
2a03:b0c0:0:1051::2752:4000,443
2a12:bec4:1bb0:1681::2,2053
2a03:b0c0:3:f0:0:2:ce8:d000,443
2a03:b0c0:3:f0:0:1:97dd:3000,443
2602:fb54:1800::193,8443
2a0b:4142:379::2,443
2602:fb54:1e00::1de,2087
2a01:4f8:1c1c:74d2::1,443
2605:e440:f::2:2c1,8443
2a12:bec4:1bb0:158c::2,443
2a01:4f8:1c1b:1527::1,443
2602:fc16:2:19c::8e2d,443
2a0b:4142:7b2::2,443
2a03:6f02::a2b4,2053
2a02:6b40:2000:37a8::1,8443
2a0a:4cc0:c2:d823:58bb:feff:fec6:655,8443
2a12:bec4:16fc:a84f::1,2053
2a0a:4cc0:c2:3fbc:38ca:a8ff:feec:d5af,443
2a03:b0c0:3:f0:0:1:fa45:d000,443
2a06:fcc0:a::19c,443
2a01:4f8:1c1b:1cfc::1,443
2a03:b0c0:3:f0:0:1:f959:3000,443
2a0a:4cc0:c2:df97:b8e3:27ff:fe7e:3730,8443
2a03:b0c0:3:f0:0:2:e49:4000,443
2a02:6b40:2000:3191::1,443
2a12:bec4:1bb0:25f3::2,443
2a0b:4142:87b::2,443
2a0d:6c2:26:340::,8443
2a05:d014:1912:b300:5693:5fa8:8f0c:bba8,443
2a03:b0c0:3:f0:0:1:f011:7000,443
2a0d:6c2:17:71b::,443
2a02:6b40:2000:1d5e::1,8443
2a03:b0c0:3:f0:0:1:f841:4000,443
2a03:b0c0:3:f0:0:2:29a0:3000,443
2a03:b0c0:3:f0::809b:1000,8443
2a03:b0c0:3:f0:0:2:cbc:3000,443
2605:e440:f::2e5,443
2a0a:4cc0:c2:6801:2898:28ff:fe07:dd1e,8443
2a03:b0c0:3:f0:0:1:f011:3000,443
2a0d:6c2:26:6e3::,8443
2a03:b0c0:3:f0:0:1:95b1:0,443
2a03:b0c0:3:f0:0:1:f523:5000,443
2a03:b0c0:3:f0:0:1:fa45:1000,443
2a03:b0c0:3:f0:0:1:f958:f000,443
2a01:4f8:1c18:bfce::1,443
2a0b:4142:109::2,8443
2a01:4f8:c2c:442a::1,443
2a03:b0c0:3:f0:0:1:f011:5000,443
2a01:4f8:1c19:8f7e::1,8443
2a03:b0c0:3:f0:0:1:fa7f:0,443
2a03:b0c0:3:d0::13de:4001,443
2a0b:4142:12d7::2,443
2a03:b0c0:0:1051::1e99:c000,443
2a02:6b40:2000:13b6::1,443
2a0a:4cc0:c1:9b20:c42d:a8ff:fef2:1786,443
2a03:b0c0:3:f0:0:1:f025:6000,443
2a01:7e01::f03c:93ff:fe5a:9fc7,443
2a01:4f8:1c19:cedb::1,443
2a12:bec4:1bb0:24e7::2,443
2a03:b0c0:3:f0:0:2:7a13:b000,443
2a01:4f8:1c18:3a6b::1,8443
2a01:4f8:1c19:f7be::1,443
2a03:b0c0:3:f0:0:2:ebec:2000,443
2a01:4f8:1c16:e303::1,443
2a04:c300:c00::350,8443
2603:c020:801c:ec45:0:8083:66c7:6ed5,443
2a03:b0c0:3:f0:0:1:f958:8000,443
2a01:4f8:1c19:b1ef::1,443
2a0b:4142:842::2,8443
2a01:7e01::f03c:93ff:fecf:32dd,443
2a12:6e40:eff3:0:c12a:2101:e4f6:98e5,443
2a01:4f8:1c1c:f9ee::1,443
2a03:b0c0:3:f0:0:1:f025:8000,443
2a03:b0c0:3:f0:0:1:f849:9000,443
2a03:b0c0:3:f0:0:2:3b31:d000,443
2a03:b0c0:3:f0:0:1:fa2c:9000,443
2a03:b0c0:3:f0:0:2:3b31:f000,443
2a03:b0c0:3:f0:0:2:29a0:1000,443
2a01:4f8:1c18:1643::1,443
2a01:4f8:1c1a:b89e::1,2053
2a01:7e02::2000:fff:fede:10df,2053
2a12:bec4:1bb0:1f05::2,443
2a0b:4142:c7b::2,443
2a01:4f8:1c18:64c9::1,443
2a03:b0c0:3:f0:0:1:f959:6000,443
2a0b:4142:65::2,8443
2a12:bec4:1bb0:547::2,443
2a01:4f8:1c1a:3b4e::1,443
2a03:b0c0:3:f0:0:1:faec:9000,443
2a03:c7c0:a1:1:def::1,443
2a03:b0c0:0:1051::2580:c000,443
2a03:b0c0:1:e0::e604:b001,443
2602:fc16:2:213::375d,443
2a0b:4142:208::2,443
2a01:4f8:1c1b:e80e::1,443
2a10:1fc0:11::d0da:87ce,443
2a00:c98:4005:40a:0:2:0:2,443
2a01:4f8:1c19:97d6::1,443
2a01:4f8:1c1f:a03d::1,443
2a03:b0c0:3:f0:0:1:e1cb:a000,443
2a03:b0c0:3:f0:0:2:ebc:a000,443
2a01:4f8:1c1a:555c::1,443
2a00:c98:400f:117:1c00:3cff:fe00:13c6,443
2a14:ae00:b:26::a,443
2a00:c98:400f:115:1c00:faff:fe00:104a,443
2a03:b0c0:3:f0:0:1:fd75:e000,443
2a03:b0c0:3:f0:0:2:2fa5:5000,443
2a09:6382:4000:5:45:155:169:170,443
2a01:4f8:1c1a:cc::1,2087
2a03:b0c0:3:f0:0:2:2fa6:8000,443
2a01:4f8:1c19:c0c3::1,443
2a03:b0c0:2:f0:0:1:cab:8001,443
2a03:b0c0:3:f0:0:1:f9f0:9000,443
2a0e:97c0:711:d6::1,443
2a0a:4cc0:c1:c382:d49f:30ff:fed0:5853,8443
2a02:6b40:2000:3610::1,443
2a03:b0c0:3:f0:0:2:ce8:6000,443
2a01:4f8:1c18:7cca::1,443
2001:470:1f15:262::3,8443
2a03:b0c0:3:f0:0:2:b34:f000,443
2a03:b0c0:3:f0:0:1:fde5:c000,443
2a03:b0c0:3:f0:0:1:fa2c:a000,443
2a01:4f8:1c18:e566::1,443
2a03:b0c0:3:f0:0:2:e49:2000,443
2a10:c944:321::433,443
2a01:4f8:1c19:7c2a::1,443
2a0a:4cc0:c2:a2cd:68f9:1fff:fe7c:e05e,443
2a01:4f8:1c16:bcc5::1,8443
2a0d:6c2:17:565::,443
2a03:b0c0:3:f0:0:1:fbd3:f000,443
2a03:b0c0:3:f0:0:1:f726:d000,443
2a03:b0c0:2:f0:0:1:9aad:6001,443
2a12:bec4:1bb0:1581::2,8443
2a03:b0c0:3:f0:0:1:fa1a:f000,443
2a0a:4cc0:c1:199c:74f3:2fff:fe45:7c4a,443
2a03:b0c0:3:f0:0:1:f849:8000,443
2a03:b0c0:3:f0:0:2:e49:1000,443
2a01:4f8:1c1b:13bf::1,8443
2a03:b0c0:2:f0:0:1:68e1:3001,443
2a03:b0c0:3:f0:0:1:fa45:b000,443
2a0a:4cc0:c2:16b6:5831:c9ff:fe35:d16e,2087
2a01:4f8:c0c:943e::1,443
2a01:4a0:4b:0:103:0:1437:da6,443
2a03:b0c0:3:f0:0:1:fdde:2000,443
2a02:6b40:2000:23e6::1,443
2a0a:c802:6:1::3a,443
2a01:4f8:c2c:2691::1,2053
2a0e:97c0:3e3:1e1::1,443
2a00:c98:400f:106:1c00:80ff:fe00:5b1,8443
2a00:12d8:700e:0:1ae:34a6:f381:e14,443
2a0a:4cc0:c1:fc02:b84d:89ff:fe20:433,443
2a02:6b40:2000:28b9::1,443
2602:fc16:2:149::8b72,2053
2a03:b0c0:3:f0:0:1:fa45:7000,443
2a01:4f8:1c1c:d556::1,443
2a06:a880:4:1b02::1,8443
2a02:6b40:2000:3c41::1,443
2a01:4f8:1c18:59d::1,8443
2a00:11c0:47:33ac::,8443
2a03:b0c0:3:f0:0:2:3871:4000,443
2a06:a880:4:189::1,443
2602:fc16:2:672::376e,443
2a03:b0c0:3:f0:0:1:9279:b000,443
2a03:f80:32:92eb::1,443
2603:c027:c002:74cf:0:482a:6f79:b076,443
2a01:4f8:1c1f:bc8f::1,8443
2602:fc16:2:552::5be6,443
2a0e:97c0:3e3:3aa::9,8443
2a01:4f8:1c16:c859::1,8443
2a09:bac5:280a:246e::3a1:3d,2083
2a03:6f02::1:4a6f,443
2602:fa59:5:475::1,443
2a12:bec4:1bb0:1eb9::2,8443
2a03:b0c0:0:1051::2e61:f000,443
2a01:4f8:1c1e:659e::1,443
2a03:b0c0:3:f0:0:1:f841:7000,443
2a09:cd41:f:4306::1,8443
2605:e440:1::1:b0,443
2602:fc16:2:2bd::23b5,443
2a03:b0c0:3:f0:0:2:ebc:6000,443
2a01:4f8:c0c:db6f::1,443
2a03:b0c0:3:f0:0:1:fc42:c000,443
2a01:4f8:1c1b:89b::1,443
2a01:4f8:1c19:5720::1,8443
2a0a:4cc0:c2:412b:84bb:a3ff:fe9f:bc36,443
2a01:4f8:1c1b:bb7d::1,443
2a01:4f8:1c1a:a86c::1,8443
2a03:b0c0:3:f0:0:1:f841:a000,443
2a0a:79c0:1001::56,443
2a03:b0c0:3:f0:0:1:fa46:2000,443
2a03:b0c0:3:f0:0:2:7a13:d000,443
2602:fb54:1801:225::a,8443
2a03:b0c0:3:f0:0:2:fc7:c000,443
2a01:4f8:c2c:4853::1,443
2a01:4f8:1c1a:3644::1,443
2a01:4f8:1c1a:fbf::1,8443
2a01:4f8:1c19:11f5::1,443
2a03:b0c0:3:f0:0:2:29a0:e000,443
2a01:7e01::f03c:93ff:feb2:12,443
2a0a:4cc0:c1:d623:6820:e2ff:fe6f:b42e,8443
2a01:4f8:141:41ea::2,8443
2a01:4f8:1c1c:e734::1,443
2a0c:2502:0:5da:604c:c78:15ea:d8b0,443
2a03:b0c0:2:f0:0:1:5f95:d001,443
2a0a:51c1:9:1d3::a,443
2a0a:c802:7:1::18,443
2a03:b0c0:3:f0:0:2:ddb1:e000,443
2a03:b0c0:3:f0:0:1:f9cf:d000,443
2a03:b0c0:3:f0:0:1:fddd:f000,443
2a01:4f8:1c19:3841::1,443
2a0e:97c0:3ea:8ad::1,443
2a01:4f8:1c1b:1dee::1,2083
2602:fc16:2:543::37e8,443
2a03:b0c0:3:f0:0:2:29a0:6000,443
2001:19f0:6c00:1a55:5400:5ff:fe04:ff7b,8443
2a03:b0c0:3:f0:0:2:572f:8000,443
2a03:b0c0:3:f0:0:2:2f90:2000,443
2a00:c98:2d00:a004:0:1:0:4,443
2a0b:7140:5:1:5054:ff:fe05:419f,443
2a01:4f8:1c18:5515::1,443
2a03:b0c0:3:f0:0:2:2fa5:9000,443
2001:41d0:ab02::4:0:46,2053
2a0d:6c2:26:3ba::,443
2a12:bec4:1821:3a::b,443
2a01:4f8:1c18:52d9::1,443
2a05:f480:1800:22d6:5400:6ff:fe51:87f7,443
2a0a:4cc0:c2:7efb:b4af:b7ff:fe32:b050,443
2a0e:97c0:3ea:69b::1,2053
2a03:b0c0:3:f0:0:2:208:5000,443
2a03:b0c0:3:f0:0:1:fa7f:4000,443
2a0f:85c1:b36:7b::1,443
2a06:a880:4:17fd::1,443
2a14:7c0:1002:12c::,8443
2a0a:4cc0:c1:5224:a894:68ff:feb5:571e,8443
2a0a:4cc0:c0:12e0:b45b:4bff:fe43:d9fa,443
2a01:4f8:1c1b:89be::1,443
2a03:b0c0:3:f0:0:2:ebc:8000,443
2a01:4f8:c2c:8a72::1,443
2a01:4f8:1c19:4211::1,8443
2a03:b0c0:3:f0:0:1:f525:f000,443
2a0a:4cc0:c1:c3fd:5493:58ff:fe98:bac0,8443
2a0a:4cc0:c1:92af:68f7:91ff:fe02:734,443
2a03:b0c0:3:f0:0:2:b34:d000,443
2a01:4f8:272:4cec:14::a,443
2a0d:6c2:17:4d1::,443
2a0a:4cc0:c2:2140:9470:3fff:fe28:84cf,443
2a03:b0c0:3:f0:0:1:f523:6000,443
2a03:b0c0:3:f0:0:2:ce8:c000,443
2a01:4f8:1c18:5d28::1,443
2a01:4f8:c2c:f79e::1,8443
2a0a:4cc0:c0:169:444a:d6ff:fe84:5db4,443
2a03:b0c0:3:f0:0:2:474c:7000,443
2a01:7e01::f03c:92ff:fef7:627b,443
2a01:4f8:1c1b:2199::1,443
2a0a:4cc0:c0:153:6442:3cff:fe0a:3e9a,443
2a01:7e01::f03c:93ff:feb2:64,443
2a0d:6c2:26:1010::,443
2a03:b0c0:3:f0:0:1:fa2c:f000,443
2a03:b0c0:3:f0:0:1:95b0:8000,443
2a03:b0c0:3:f0:0:1:9279:a000,443
2a01:4f8:1c1c:f4f::1,443
2a01:7e01::f03c:93ff:fe5a:9f2f,443
2a01:4f8:1c18:6638::1,443
2a01:4f8:1c16:c999::1,443
2a03:b0c0:3:f0:0:1:9279:d000,443
2a01:4f8:1c18:d5f2::1,443
2a00:1169:110:2e60::,443
2a01:7e01::f03c:93ff:fe4c:5e58,443
2a03:b0c0:3:f0:0:1:faec:5000,443
2a01:7a7:2:31f7:225:90ff:feea:f7b0,2053
2a03:b0c0:3:f0:0:1:fce0:6000,443
2a12:bec4:1821:153::a,443
2001:41d0:404:100::3bf5,443
2001:19f0:6c01:1886:5400:6ff:fe21:76e6,443
2a03:6f00:8::cf,443
2a0a:4cc0:c0:623e:2835:4ff:fe25:1d3d,443
2a12:bec4:1ac0:187::,443
2a0a:4cc0:c0:e4dd:9492:4fff:fe3a:7ce6,8443
2a0a:4cc0:c2:539c:54ec:6eff:fe8c:2b63,443
2a01:4f8:1c17:5e95::1,443
2a0a:4cc0:c2:784e:8431:53ff:fef0:314a,443
2a0a:4cc0:c3:d3:1817:2bff:fe7f:40d,443
2a0a:4cc0:c3:a82:28f8:baff:fe56:126,2053
2a0c:db40:0:840c::2,443
2a03:b0c0:3:f0:0:1:e32a:e000,443
2605:e440:9::2:69,2053
2a03:b0c0:3:f0:0:2:b5b3:e000,443
2a0a:4cc0:c0:b4df:e40c:22ff:fe5c:6189,443
2a01:4f8:1c1c:6bb8::1,443
2a00:1911:1:b3e5:be4e:d234:5d70:28,8443
2a13:7dc0:2000:7::1,443
2a02:6b40:2000:26b2::1,8443
2a0e:97c0:711:155::1,443
2a01:4f8:1c18:feff::1,8443
2a03:b0c0:3:f0:0:2:474c:5000,443
2a0a:4cc0:c2:b6d7:488c:f7ff:fefb:a1c7,8443
2600:3c1a::2000:cff:feb5:81e0,2053
2a12:bec4:1821:627::a,443
2a00:c98:400f:107:1c00:aff:fe00:6e6,8443
2a01:4f8:201:54a3::2,2053
2a01:4f8:1c1b:27d4::1,443
2a0a:4cc0:c1:9e9a:68d9:86ff:feed:a910,443
2a0a:4cc0:c0:a13d:c80e:3aff:fe82:ba69,443
2a0a:4cc0:c2:6f62:4c1:14ff:fe47:633b,8443
2a01:4f8:1c1f:ba71::1,443
2a01:4f8:1c19:8f6::1,443
2a01:8640:1c::8a7:33cf,443
2a0a:4cc0:c2:153b:467:e7ff:fe7b:3997,8443
2a05:d014:3a0:8700:f4c6:3e93:4dd8:bffb,443
2a01:4f8:1c1a:af3a::1,2083
2a0a:4cc0:c2:6ab7:280b:e2ff:fe96:2271,443
2a13:4ac0:28:0:f816:3eff:fe36:8679,443
2a03:b0c0:3:f0:0:2:572f:a000,443
2a03:b0c0:3:f0:0:2:13f0:0,443
2a0a:4cc0:c2:28ae:54b6:3dff:fefc:afe1,8443
2a03:b0c0:3:f0:0:1:fa45:3000,443
2a01:4f8:1c18:3f47::1,443
2a01:8640:1b::6353:697f,443
2a03:b0c0:3:f0:0:2:474c:9000,443
2a00:c98:400f:118:1c00:6bff:fe00:14c4,2053
2a03:b0c0:3:f0:0:2:208:1000,443
2a01:4f8:172:3c8a::2,8443
2a03:b0c0:3:f0:0:2:df0:5000,443
2a03:b0c0:3:f0:0:1:f9e3:9000,443
2a01:4f8:c2c:ce8c::1,443
2a0a:4cc0:c1:965a:74cb:64ff:fe73:acaf,443
2a03:b0c0:3:f0:0:1:e1cb:d000,443
2a0a:4cc0:c2:6d9c:642f:8aff:fec2:515,443
2a03:6f02::2ea,2053
2a03:b0c0:3:f0:0:2:e49:6000,443
2a03:b0c0:3:f0:0:1:9855:e000,443
2a0c:2500:571:ffb:f935:ed9c:6751:df51,443
2a0a:4cc0:c2:46fc:285e:d1ff:fe2a:865,443
2a01:4f8:c2c:f1ec::1,443
2a00:c98:400f:107:1c00:1aff:fe00:76e,8443
2a0a:4cc0:c1:79ba:c8e7:f9ff:febf:475f,8443
2a03:b0c0:3:f0:0:2:855:7000,443
2a03:b0c0:3:f0:0:2:aeba:7000,443
2a01:4f8:1c1b:1c08::1,443
2a03:b0c0:3:f0:0:1:f958:b000,443
2a12:bec4:1bb0:26c::2,443
2001:41d0:404:200::7696,443
2a03:b0c0:3:f0:0:2:df1:5000,443
2a06:de01:1f01:333:ffff:ffff:ffff:ffff,2087
2a03:b0c0:3:f0:0:1:f9e3:4000,2083
2a0d:6c2:17:9cc::,443
2a0a:4cc0:c0:a734:870:8fff:fece:a54d,443
2a01:4f8:1c1b:9e52::1,2053
2a03:b0c0:3:f0:0:1:942d:4000,443
2a06:fcc0:a::1b7,443
2a0a:4cc0:c3:70d:785e:a2ff:feda:9a65,8443
2a03:b0c0:3:f0:0:2:ce8:b000,443
2a03:b0c0:3:f0:0:2:3b31:e000,443
2a01:4f8:c014:5d57::1,443
2a01:4f8:1c18:df6c::1,443
2a0a:4cc0:c1:6ef:580b:3ff:fe26:daf0,443
2a03:b0c0:3:f0:0:2:855:1000,443
2a03:b0c0:0:1051::32fb:5000,443
2a01:4f8:1c1b:ed9::1,2083
2a05:d014:aa3:f400:c4a9:843e:10ad:7f25,443
2a03:b0c0:3:f0:0:2:208:9000,443
2a01:4f8:1c1b:4bf::1,443
2a03:b0c0:3:f0:0:1:f025:0,443
2001:41d0:801:2000::7d64,8443
2a01:4f8:c014:a7a1::1,8443
2a01:4f8:1c16:263a::1,443
2a01:4f8:1c1b:18e5::1,443
2a03:b0c0:1:e0:0:1:2b62:c001,443
2a0f:e7c7:14e:17::1,443
2a0d:6c2:26:11b5::,443
2a03:b0c0:3:f0:0:2:c525:d000,443
2a03:b0c0:3:f0:0:2:adfc:6000,443
2a03:6f00:8::2ae2,443
2a0b:4142:90a::2,8443
2a05:d01c:4b5:4000:9b02:8d9f:2199:4139,443
2603:c020:8010:7600:0:34:bc1f:b47f,443
2a01:4f8:1c1b:2869::1,2053
2a01:4f8:1c1e:8346::1,443
2a01:4f8:c015:8c85::1,2096
2605:e440:48::238,8443
2a01:4f8:1c18:c8df::1,443
2a01:4f8:1c18:9573::1,443
2a03:b0c0:0:1051::1ebe:d000,443
2a03:b0c0:3:f0:0:2:299f:f000,443
2a12:9080:3:40::a,443
2a03:b0c0:3:f0:0:1:f84a:0,443
2a01:8640:1d::98b6:d945,443
2a0c:b847:ffff:150::a,443
2a03:b0c0:3:f0:0:2:13f0:2000,443
2a03:b0c0:3:f0:0:2:cbc:a000,443
2a03:b0c0:0:1051::1ec8:3000,443
2a14:7c0:1002:1218::,443
2a12:bec4:1460:5de::2,2053
2a03:b0c0:0:1051::323e:b000,443
2605:e440:1::2:c3,443
2a01:4f8:1c1b:cd95::1,443
2a06:a880:4:f31::1,443
2400:8d60:4::5ef1:28a,8443
2a03:b0c0:3:f0:0:1:fc43:3000,443
2a01:4f8:1c1b:e10d::1,8443
2602:fc16:2:1da::2634,443
2a01:4f8:c014:d95e::1,2083
2a03:b0c0:3:f0:0:2:aea8:a000,443
2a0b:4142:548::2,443
2a01:4f8:c015:6699::1,443
2a03:b0c0:3:f0:0:2:9dc0:d000,443
2a01:4f8:1c18:1b94::1,443
2a13:4ac0:20:5:f816:3eff:fee0:ce60,443
2a0d:6c2:26:6b2::,443
2a01:4f8:1c1b:2654::1,2083
2a13:4ac0:20:c:f816:3eff:fe5b:9802,443
2a01:4f8:1c1b:231c::1,2053
2a01:4f8:1c1b:14d7::1,443
2a03:b0c0:3:f0:0:2:2f90:0,443
2a01:4f8:1c16:8d8b::1,443
2a0d:6c2:17:ce7::,443
2a01:7e01::f03c:93ff:feb2:f6,443
2a06:1700:4:22f::9be9:b80e,443
2a03:b0c0:2:f0:0:1:6aae:1,443
2a03:b0c0:3:f0:0:1:faa5:1000,443
2a0a:4cc0:c2:7341:244a:feff:fee9:58a6,443
2a01:4f8:c015:7e2b::1,443
2a03:b0c0:0:1051::3243:4000,443
2a03:b0c0:3:f0:0:2:29a0:c000,443
2001:41d0:701:1100::d2a1,443
2602:fa59:1:2bb::1,443
2a03:b0c0:3:f0:0:1:fddd:e000,443
2a12:9080:9:1e::a,443
2a00:1169:111:c1f0::,443
2a01:4f8:1c1a:87f0::1,443
2a01:4f8:c013:824a::1,443
2a03:b0c0:3:f0:0:1:faa5:0,443
2a13:4ac0:28:9:f816:3eff:fec5:16e5,8443
2a01:4f8:c014:527d::1,443
2a03:6f00:8::d20,443
2a01:4f8:c17:662c::1,443
2a03:b0c0:3:f0:0:2:cea9:e000,8443
2a0a:4cc0:c1:2d72:788e:e3ff:fe5b:98e9,8443
2a0a:4cc0:c2:76d6:c854:d0ff:fee7:a9f3,443
2a00:11c0:47:31e9:74b6:69ff:fefe:7acf,8443
2a01:4f8:1c1a:7d2d::1,443
2a03:b0c0:3:f0:0:2:b34:e000,443
2a01:4f8:1c18:e78c::1,443
2a01:4f8:150:7465::2,8443
2a05:541:131:6::1,443
2a03:b0c0:3:f0:0:2:7a13:a000,443
2a0d:6c2:26:66a::,443
2a13:4ac0:28:7:f816:3eff:fe5b:8dc2,443
2a12:bec4:1821:3a6::a,8443
2a03:b0c0:3:f0:0:2:cbc:4000,443
2a01:4f8:c17:8aa0::1,8443
2a03:6f00:8::1a04,443
2001:41d0:ab01::4:0:24d,2053
2a01:4f8:1c1e:c510::1,443
2a0d:6c2:26:10c5::,443
2a03:b0c0:3:f0:0:1:fce0:0,443
2a01:7e01::f03c:93ff:fe4c:5e8d,443
2a03:b0c0:3:f0:0:1:9856:1000,443
2a01:4f8:c014:c0fb::1,8443
2a03:b0c0:3:f0:0:2:c1d4:f000,443
2a01:4f8:1c19:ccb5::1,443
2a03:b0c0:2:f0::ecbd:9001,8443
2603:c026:c10a:501:0:33e8:2eec:3180,443
2602:fa59:1:215::1,443
2a03:b0c0:3:f0:0:1:f726:e000,443
2a0a:4cc0:c0:8d54:986c:94ff:fe59:b533,443
2a12:bec4:1bb0:308::2,443
2a0d:6c2:26:1059::,8443
2001:41d0:404:200::111e,8443
2a01:4f8:c010:66ce::1,443
2a03:b0c0:3:f0:0:2:9dc1:3000,443
2a01:4f8:10b:3757::2,443
2a03:b0c0:3:f0:0:1:f011:6000,443
2602:fb54:1801:1ec::a,443
2600:3c17::2000:5cff:fe7f:44ef,443
2a03:b0c0:3:f0:0:1:fdde:5000,443
2a03:6f02::f129,443
2a01:4f8:c013:74b::1,443
2a03:b0c0:3:f0:0:1:f024:e000,443
2a03:b0c0:3:f0:0:1:fce0:4000,443
2001:41d0:404:200::45ec,2053
2a01:4f8:1c1c:79a3::1,443
2a01:4f8:c17:eb49::1,8443
2a03:b0c0:3:f0:0:1:f025:2000,443
2a05:d014:d9a:2000:9bf:4d5e:a15a:ebba,443
2a14:1e00:1:52f::227,443
2a01:4f8:1c1f:b950::1,443
2a03:b0c0:3:f0:0:1:fdb0:d000,443
2a03:b0c0:3:f0:0:1:e1cc:5000,443
2a01:4f8:1c1b:2c3e::1,8443
2a12:bec4:1bb0:147b::2,8443
2401:3bc0:100f:237:5054:ff:fe46:7edb,443
2a01:4f8:c012:3542::1,443
2a02:c207:2305:1834::1,8443
2a03:6f00:8::1590,443
2a0a:4cc0:c0:f878:e42d:91ff:feee:72e3,443
2a03:b0c0:3:f0:0:1:9695:a000,443
2a13:7dc0:2000:cb::1,8443
2a03:b0c0:3:f0:0:1:fc63:e000,443
2a03:b0c0:3:f0:0:1:f726:b000,443
2a0a:4cc0:c2:45f1:1805:ebff:feed:9166,443
2a03:b0c0:3:f0:0:2:cbc:8000,443
2a03:b0c0:3:f0:0:1:f841:8000,443
2a01:7e01::f03c:93ff:fe5a:9fc9,443
2001:41d0:701:1100::a62d,2053
2a01:4f8:c014:d0e6::1,8443
2a03:b0c0:3:f0:0:2:2f90:8000,443
2001:41d0:701:1100::d0ad,443
2a03:6f00:8::bd5,8443
2a0d:6c2:17:60c::,443
2a01:4f8:1c17:69c9::1,443
2a01:4f8:c010:e71::1,2053
2a0d:6c2:17:76f::,443
2a03:b0c0:1:e0:0:1:40b5:3001,443
2a01:4f8:c010:6690::1,443
2001:41d0:404:200::3fb6,443
2a03:b0c0:3:f0:0:2:13f0:4000,443
2a01:4f8:c013:de16::1,443
2a03:b0c0:3:f0:0:2:cc57:6000,443
2a12:bec4:1821:724::a,443
2a03:b0c0:3:d0::1204:3001,443
2a03:b0c0:3:f0:0:1:e1cc:1000,443
2a0a:4cc0:c2:3544:a49f:e1ff:febd:6604,443
2a03:b0c0:3:f0:0:1:f525:7000,443
2001:1c00:4c1d:bd00:8aa2:9eff:fe58:4726,443
2a03:b0c0:3:f0:0:1:fd65:6000,443
2a01:4f8:c015:5a82::1,443
2a0a:4cc0:c3:1c4:48ea:8ff:fe96:8b47,2053
2a01:4f8:1c18:1ec8::1,443
2a01:4f8:c17:a951::1,8443
2602:f988:84:afb::f17,443
2a03:b0c0:3:f0:0:1:8690:8000,443
2a03:b0c0:3:f0:0:2:474c:8000,443
2a03:b0c0:3:f0:0:1:fdb1:8000,443
2001:41d0:701:1000::3ebb,443
2a0a:4cc0:c2:9a40:845a:12ff:fe70:3533,2096
2a01:4f8:c012:60f0::1,8443
2a04:3542:1000:910:308f:d2ff:fe05:2144,443
2a03:b0c0:3:f0:0:1:f7ff:2000,443
2a01:7e01::f03c:93ff:fe4c:568f,443
2a01:4f8:1c1b:437::1,443
2a13:4ac0:28:18:f816:3eff:fe31:252f,443
2a01:4f8:c17:7ef7:de6e::2,443
2a0a:4cc0:c1:d77a:c4ef:5cff:fe5b:2fc4,8443
2a01:4f8:c013:aa68::1,8443
2a01:8640:1:13::6357:ae7b,443
2a03:b0c0:3:f0:0:2:838b:a000,8443
2a03:b0c0:3:f0:0:1:f829:c000,443
2a01:4f8:1c19:e3cb::2,443
2a01:4f8:1c19:6ee2::1,8443
2001:41d0:701:1100::9f4c,443
2a01:4f8:1c1b:1caa::1,2083
2a03:b0c0:3:f0:0:1:97dd:6000,443
2a12:bec4:1bb0:af6::2,443
2a01:7a7:2:3343:216:3cff:fe71:b858,8443
2001:41d0:404:200::34ad,8443
2a03:b0c0:3:f0:0:1:f558:0,443
2a02:c207:3019:5283::1,8443
2001:41d0:701:1100::127b,2053
2a12:8d02:2100:24b:26a3:f0ff:fe45:5a4d,8443
2a01:4f8:c013:2bbe::1,443
2a02:c207:2300:2440::1,443
2a01:7e01::f03c:93ff:fee1:6c82,443
2a02:c207:2346:3323::1,443
2a01:4f8:c17:1e71::1,443
2a03:b0c0:3:f0:0:2:b5d9:6000,443
2a12:9080:4:a3::a,443
2a01:7e01::f03c:93ff:fe4c:56b3,443
2a03:b0c0:3:f0:0:2:7a13:8000,443
2a01:4f8:c015:412::1,443
2a01:7e01::2000:33ff:fe27:30ba,443
2a01:4f8:c012:406b::1,443
2a01:4f8:c014:6c1a::1,8443
2001:41d0:701:1100::6b97,443
2a03:b0c0:3:f0:0:1:fd66:3000,443
2a01:4f8:c17:2f7a::1,443
2a02:c207:2335:1204::1,8443
2a03:b0c0:3:f0:0:1:95b1:1000,443
2a01:4f8:c012:c727::1,2053
2a03:b0c0:3:f0:0:2:3b31:a000,443
2a0c:59c0:12::1f1,443
2602:fc16:2:278::39a2,443
2a01:4f8:c010:443::1,443
2a00:c98:400f:115:1c00:22ff:fe00:10b6,443
2001:41d0:701:1100::33c,443
2a13:7c00:11:1:f816:3eff:fe1d:86fc,443
2a12:bec4:1bb0:1173::2,443
2a03:b0c0:3:f0:0:2:df0:e000,443
2a03:b0c0:2:f0:0:1:e524:6001,8443
2a03:b0c0:3:f0:0:1:fd65:3000,443
2a03:b0c0:3:f0:0:2:7a13:4000,443
2a12:bec4:1bb0:1c8e::2,443
2a01:4f8:1c19:49bd::1,443
2a01:4f8:c010:4cfe::1,443
2001:41d0:701:1100::7694,8443
2a03:b0c0:0:1051::1ec0:1000,443
2a14:1e00:1:531::,443
2a01:4f8:c0c:4e31::1,443
2a0a:4cc0:c0:ad1e:d8f6:c0ff:fe58:9667,8443
2602:fcc0:5555:24ee::1,443
2a03:b0c0:3:f0:0:1:fd76:0,443
2a0d:2787:1b:1335::a,443
2a03:b0c0:1:e0:0:1:2aa1:1001,443
2a13:7c00:4:32:f816:3eff:febd:5786,443
2a01:4f8:c014:4f93::1,443
2a02:c207:2283:3909::1,443
2a03:b0c0:3:f0:0:2:4c1c:9000,443
2a03:b0c0:1:e0:0:1:341b:c001,443
2a03:b0c0:3:f0:0:1:fd65:7000,443
2a03:b0c0:1:e0:0:1:3b6e:e001,443
2a0d:2407:212:8e::a,443
2a13:7c00:4:10:f816:3eff:fe68:74a,443
2a01:4f8:c015:376c::1,443
2a03:b0c0:1:e0:0:1:2b2a:c001,443
2a03:b0c0:3:f0:0:1:fe14:e000,443
2001:41d0:404:200::7cbb,443
2a03:b0c0:3:f0:0:1:f011:a000,443
2a01:7e01::f03c:93ff:feb2:15,443
2a01:4f8:c014:e3b::1,443
2a03:b0c0:1:e0:0:1:37fc:c001,443
2a14:1e00:1:ab::1,443
2a05:541:173:7::1,443
2a01:4f8:c014:9223::1,443
2a03:b0c0:3:f0:0:2:2fa5:a000,443
2a03:b0c0:3:f0:0:2:9dc0:e000,443
2a01:4f8:c015:cbd1::1,8443
2a02:c207:2294:2850::1,443
2001:41d0:701:1100::bb9e,8443
2a14:1e00:1:906:761d:d98a:b11c:76d2,443
2a01:4f8:2190:2200::2,443
2a0a:4cc0:c1:51e9:b498:33ff:fe55:8769,443
2a12:9080:7:6f::a,443
2a12:9080:7:78::a,443
2001:41d0:701:1100::3e4d,8443
2a02:c207:3020:1204::1,443
2a01:4f8:c015:527::1,443
2001:41d0:700:1bb5::1,443
2a03:b0c0:3:f0:0:1:a582:4000,443
2a03:b0c0:3:f0:0:2:fc8:0,443
2a03:b0c0:3:f0:0:2:572f:b000,443
2a0a:4cc0:c0:cc68:1867:c8ff:fefd:760e,443
2a03:b0c0:3:f0:0:1:9695:8000,443
2a01:4f8:c014:d328::1,443
2a03:b0c0:3:f0:0:2:2fa5:6000,443
2a03:b0c0:3:f0:0:1:bdb3:e000,443
2001:470:6c:70::2,443
2a03:b0c0:3:f0:0:2:855:4000,443
2a01:8640:1d::40f7:3b57,443
2a03:b0c0:3:f0:0:1:e1cb:9000,443
2a02:2350:a:103:f816:3eff:feba:8c39,443
2001:41d0:701:1100::b355,443
2001:41d0:f00:5600::ae84:f83b,8443
2a01:4f8:c013:2d71::1,443
2a0b:4142:689::2,8443
2001:41d0:701:1100::b416,2053
2a01:4f8:c2c:edb1::1,443
2001:41d0:700:1452::e9f:6f47,443
2a0c:59c0:12::be,443
2a03:b0c0:3:f0:0:1:e97d:3000,443
2a0f:6284:62:d16f::1,8443
2a01:4f8:c014:7c1a::1,443
2a01:4f8:231:4c65::2,443
2a01:4f8:1c18:ee47::1,443
2a03:b0c0:3:f0:0:2:3b31:8000,443
2001:41d0:701:1100::57e8,8443
2a03:b0c0:1:e0:0:1:3ef3:8001,443
2a03:b0c0:3:d0::17c1:6001,443
2a02:c207:2325:5905::1,2053
2a0d:5600:1d:22:0:1:2673:dab3,8443
2a02:c207:2317:8128::1,443
2a12:9080:0:2c::a,443
2a01:4f8:1c1e:51a9::1,443
2a01:4f8:1c18:cc2e::1,2053
2a01:4f8:1c17:d81d::1,443
2a03:b0c0:3:f0:0:1:a582:3000,443
2a12:8d02:2100:146:26a3:f0ff:fe46:22,443
2605:e440:f::4:105,443
2a01:4f8:c015:5a35::1,2083
2a00:c98:400f:114:1c00:92ff:fe00:e56,8443
2a01:4f8:c014:6c66::1,8443
2a03:b0c0:3:f0:0:2:572f:9000,443
2a03:b0c0:3:f0:0:1:f557:8000,443
2a01:4f8:1c17:c0f6::1,2053
2a03:b0c0:3:f0:0:1:e1cb:b000,443
2a13:4ac0:28:16:f816:3eff:fef4:a935,443
2a03:b0c0:0:1051::1ec5:9000,443
2a05:d014:aa3:f400:74c7:e7fb:6fc:7cf0,443
2a02:c207:2337:4169::1,8443
2a01:4f8:c012:cde1::1,8443
2001:41d0:701:1100::fb1,443
2a0a:4cc0:c1:1509:d896:a7ff:feb2:cbd8,443
2a14:1e00:1:2a::2,8443
2a02:c207:2251:2039::1,2053
2001:41d0:305:2100::12e0,443
2a0c:8a41:2100::11f,443
2600:3c1a::2000:94ff:fed4:1737,8443
2a03:b0c0:3:f0:0:1:fde5:b000,443
2a01:4f8:c015:8e4e::1,2053
2a01:4f8:1c19:718b::1,2087
2a03:b0c0:1:e0:0:1:2b62:f001,443
2a12:bec4:1bb0:777::2,8443
2a07:d884:100::268,2053
2a03:b0c0:3:f0:0:1:f522:e000,443
2a0a:4cc0:c1:cd9b:7482:f9ff:fed4:83fd,8443
2a01:4f8:c010:42f7::1,2087
2a02:c207:2300:3577::1,443
2a01:7e01::2000:2aff:fe30:a4ed,443
2a03:b0c0:3:f0:0:1:9e72:d000,443
2a01:4f8:c013:17ba::1,443
2a03:b0c0:3:f0:0:1:fdde:3000,443
2a03:b0c0:3:f0:0:2:fc7:f000,443
2001:41d0:701:1100::48bb,443
2a03:b0c0:1:e0:0:1:2aa0:f001,443
2a01:4f8:1c16:3091::1,443
2a02:c207:3005:1965::1,443
2a01:4f8:1c17:cc07::1,443
2a01:8640:11:1::cf79:bac8,443
2a09:bac5:27bd:28d2::411:33,443
2605:e440:9::2f0,8443
2a03:b0c0:3:f0:0:2:9dc1:0,443
2001:41d0:701:1100::1037,8443
2a02:c207:2342:6874::1,8443
2a13:4ac0:28:13:f816:3eff:fe5e:6b29,8443
2a03:6f02::1:55c6,443
2a03:b0c0:1:e0:0:1:33d0:5001,443
2a0a:4cc0:c1:ac76:85a:7dff:fef3:2f5b,8443
2a01:4f8:1c1b:2abb::1,443
2a01:4f8:c014:6ffc::1,443
2a01:4f8:c012:d29a::1,443
2a03:b0c0:3:f0:0:1:9856:5000,443
2a14:1e00:1:1b3::1,8443
2a12:9080:3:90::a,8443
2a03:b0c0:1:e0:0:1:2ef4:1,443
2a01:4f8:1c1a:926f::1,443
2a01:4f8:1c19:49f7::1,443
2a12:8d02:2100:136:26a3:f0ff:fe45:14a7,443
2a02:c207:2320:511::1,443
2a02:c207:3020:117::1,8443
2a01:4f8:221:35d7::2,443
2a01:4f8:1c1b:853::1,443
2a01:4f8:222:288f::2,8443
2a01:4f8:c015:48bf::1,443
2602:fc16:2:4fa::6489,2053
2a03:b0c0:1:e0:0:1:2169:e001,443
2602:fc16:2:4dc::28ac,443
2a03:b0c0:3:f0:0:1:fe14:b000,443
2a02:c207:2331:6728::1,443
2602:fb54:1800::83,8443
2a0a:4cc0:c0:15bd:e40a:beff:fecb:1460,8443
2a03:b0c0:2:f0:0:1:b90e:2001,443
2a01:4f8:1c19:604b::1,443
2a03:b0c0:1:e0:0:1:2134:c001,443
2a01:4f8:c015:b894::1,443
2a0b:4142:112d::2,8443
2a02:c207:3019:3839::1,443
2a02:c207:2331:8800::1,443
2a02:c207:2338:7511::1,2087
2a01:4f8:1c18:1039::1,8443
2a02:c207:2342:2124::1,443
2a01:4f8:1c1b:2d9f::1,443
2001:41d0:404:200::2552,2053
2a02:c207:2350:4393::1,8443
2a02:c207:2320:8057::1,443
2a02:c207:2337:9267::1,443
2a03:b0c0:3:f0:0:1:f727:0,443
2a01:4f8:c2c:90ae::1,8443
2a01:4f8:c0c:9cc1::1,8443
2001:41d0:701:1100::44a4,8443
2a01:4f8:c17:a93b::1,443
2a0c:db40:0:811d::2,8443
2a03:b0c0:1:e0:0:1:2b63:3001,443
2a0f:94c0:201:1::1f2,8443
2a02:c207:2311:4237::1,8443
2a0a:4cc0:c1:c6f::2,443
2607:8700:9300:57ee::2,443
2a01:4f8:1c1b:cf92::1,443
2a01:4f8:1c18:f5eb::1,8443
2a01:48a0:4301:9b::,443
2a03:b0c0:3:f0:0:1:6258:f000,8443
2a02:c207:2339:2138::1,8443
2a00:11c0:47:1b63:64d8:19ff:feec:72,8443
2a12:bec4:1480:a9::2,8443
2a03:b0c0:1:e0::e604:e001,443
2a01:4f8:1c18:cd2f::1,443
2001:bc8:6005:4:aa1e:84ff:fe73:a019,8443
2a02:c207:2320:1608::1,443
2a01:4f8:c013:b6b0::1,443
2a03:b0c0:3:f0:0:1:6258:e000,8443
2a01:4f8:c014:4bf4::1,443
2a03:b0c0:3:f0:0:2:572f:d000,443
2a03:b0c0:1:e0:0:1:4ed3:1,443
2a02:c207:2311:297::1,8443
2001:41d0:701:1100::c61d,443
2a01:4f8:1c18:2e03::1,443
2a0d:6c2:17:826c::,443
2a01:4f8:1c19:cac4::1,8443
2a02:c207:2341:3606::1,443
2600:3c1a::2000:6bff:fe6a:ad45,443
2a02:c207:2325:4388::1,443
2a03:b0c0:3:f0:0:2:572f:e000,443
2a01:4f8:c010:3cb7::1,443
2a0d:6c2:17:8110::,443
2a02:c207:2322:3529::1,2053
2a0f:f01:206:4f0::,8443
2a0f:f01:205:bb::,443
2a00:bd80:a176:10:68c::1,443
2a0c:8a41:2100::d,443
2a00:1169:11a:49f0::,8443
2a06:a880:4:ee2e::1,2087
2a01:4f8:c015:45a3::1,443
2a02:c207:2317:643::1,443
2a03:b0c0:3:f0:0:2:474c:6000,443
2a01:4f8:c010:4516::1,2053
2a02:6b40:2000:213e::1,443
2a12:bec4:1bb0:1a78::2,443
2a02:27af:8000::c19,443
2a0a:4cc0:c0:72:e8d0:c8ff:feb2:20ce,443
2a00:bd80:a176:10:613::1,443
2a03:b0c0:2:f0:0:1:209e:8001,443
2a01:4f8:1c1e:c685::1,443
2a03:b0c0:1:e0:0:1:2b63:1,443
2a0f:85c1:b73:ae::b,443
2a03:4000:47:288:74e7:30ff:fe79:8bdd,443
2a02:c206:2081:8326::1,443
2a03:b0c0:3:f0:0:1:e1cc:3000,443
2a03:b0c0:1:e0:0:1:2bc3:9001,443
2a03:b0c0:3:f0:0:2:9dc0:b000,443
2a13:adc0::5054:ff:fe3f:4cb8,443
2a02:c207:2319:8644::1,443
2a0a:4cc0:c0:8bed:854:cff:fe3b:3892,443
2a00:da00:f477:6100::1,8443
2a01:4f8:c013:2167::1,2053
2a01:4f8:1c19:6a1c::1,8443
2a00:bd80:a176:10:681::1,443
2a02:c207:2310:5207::1,443
2a03:b0c0:3:f0:0:2:db17:0,443
2a03:b0c0:3:f0:0:1:fd65:2000,443
2602:fc16:2:54a::9572,443
2a01:4f8:c010:5e5b::1,443
2a05:8280:f:4436::1,443
2a01:4f8:1c18:f965::1,443
2607:ff68:12:2e::7,443
2a02:c207:2346:4818::1,8443
2a02:c207:2319:9954::1,2053
2a01:4f8:1c1c:8d9f::1,443
2401:3bc0:100f:221:5054:ff:fe61:3bcd,8443
2a03:b0c0:3:f0:0:2:fc8:2000,443
2a0f:f01:205:1d4::,2053
2a01:4f8:1c1b:4993::1,443
2a03:b0c0:3:f0:0:1:f011:2000,443
2a03:6f02::1:4dfa,443
2a01:4f8:c17:21fc::1,443
2a03:4000:24:9b2:5478:12ff:fe23:5eed,443
2001:41d0:701:1100::7f09,443
2a03:4000:23:cd2:485:bff:fe72:212c,443
2001:41d0:f00:5600::dab2:eff5,8443
2a0a:4cc0:c1:23ce:68f1:b1ff:fef0:ce2e,8443
2602:fc16:2:4af::24b9,2053
2a02:c207:2330:100::1,8443
2a02:c207:2327:4783::1,8443
2a03:b0c0:1:e0:0:1:2b62:b001,443
2a0a:4cc0:c2:dee5:b4ea:6ff:fea2:c75c,2053
2a11:1400:5002:4:e42:a1ff:fe40:a6c,8443
2a05:8280:f:43dd::1,443
2001:41d0:801:2000::38cf,443
2a03:b0c0:3:f0:0:1:fe14:8000,443
2a03:4000:1e:f0c:886:77ff:feec:ef32,443
2a01:4f8:1c1b:61da::1,443
2a00:bd80:a176:10:268::1,443
2a03:4000:38:ba5::,8443
2a01:7e01::f03c:93ff:fe4c:56da,443
2a03:4000:43:4ed:2408:8aff:fea3:887,8443
2a0d:d940:20:5::2,443
2a03:4000:15:1e8:1843:25ff:fe22:a82d,443
2a01:4f8:1c19:a344::1,443
2a01:4f8:1c1b:e9e::1,443
2a0a:4cc0:c1:9d80:e8c1:44ff:febe:fb50,443
2a02:c207:2344:4885::1,8443
2a0d:6c2:26:223::,443
2a01:4f8:1c19:e2fd::1,443
2a00:bd80:a176:10:50e::1,443
2a0f:85c1:b73:641::a,443
2a01:4f8:1c19:9325::1,8443
2a01:4f8:c014:e14::1,443
2a02:c207:2291:2149::1,443
2a01:4f8:c014:ccd1::1,443
2a03:4000:21:d3b:445a:17ff:fe33:7d25,443
2a03:4000:51:3a8:a8f1:b0ff:fe86:7464,443
2a00:bd80:a176:10:5d4::1,443
2a00:bd80:a176:10:4b0::1,443
2a00:bd80:a176:10:61d::1,443
2001:41d0:701:1100::7ea,8443
2a0a:4cc0:40:21dd:3441:d3ff:fe00:10e7,443
2a00:bd80:a176:10:34b::1,443
2a03:4000:50:e80:8885:39ff:feba:c9fe,443
2001:41d0:f00:5600::aa2:6ddc,2087
2a02:c207:2308:6832::1,8443
2a03:6f02::b825,443
2a03:b0c0:3:f0:0:1:fde5:e000,443
2a0c:59c0:12::126,443
2a0a:4cc0:c2:6c2c:980b:22ff:fed8:1819,8443
2a03:4000:51:437:a8ed:13ff:fe6d:89b7,8443
2a0b:4141:820:12b::2,443
2a0c:b641:ce0::d866:3a7e,443
2a0f:f01:206:258::,443
2a00:da00:f22c:100::1,443
2a03:4000:3e:3e5:6863:c6ff:fecb:1bfd,443
2a02:c207:2347:2606::1,443
2a03:4000:4a:de5:d459:d6ff:fe0a:12be,8443
2a03:b0c0:3:f0:0:1:f525:c000,443
2a03:b0c0:3:f0:0:2:c3f5:9000,8443
2a01:7a7:2:3c16:216:3cff:feb8:7edc,443
2a12:9080:7:fa::a,443
2a01:4f8:1c1e:9d5f::1,443
2a03:b0c0:1:e0:0:1:2b8f:2001,443
2a0b:4142:b2b::2,443
2a02:c207:2252:8027::1,443
2a01:367:c204::17:f9,443
2a0b:4140:bafc::2,443
2a03:b0c0:3:f0:0:2:8453:d000,443
2001:41d0:701:1100::6d97,443
2a01:4f8:1c19:16a9::1,8443
2a01:ecc0:200:89f::2,443
2a0f:f01:210:9e::,443
2a03:b0c0:3:f0:0:1:fe14:a000,443
2001:41d0:701:1100::4de3,443
2a03:b0c0:3:f0:0:1:f526:0,443
2a01:7e01::f03c:93ff:feb2:4a,443
2a01:ecc0:4c0:1b4::2,443
2a01:ecc0:40:604::2,443
2001:41d0:701:1100::b431,443
2a01:4f8:c012:d5cb::1,8443
2a02:c207:2303:4762::1,443
2a03:4000:38:4f9:18c4:2dff:fe4c:6149,443
2a00:bd80:a176:10:1c1::1,443
2a02:c207:2330:643::1,443
2a0c:b641:ce0::2f22:7113,443
2a01:e5c0:5b09::2,8443
2a03:b0c0:1:e0:0:1:2b8a:f001,443
2a0f:cdc6:500:19df::2,443
2001:41d0:701:1100::9c9b,8443
2a03:b0c0:3:f0:0:2:aca9:6000,443
2a01:4f8:1c0c:7b65::1,8443
2001:41d0:701:1100::7144,8443
2001:41d0:ab05::4:0:75d,2053
2a0a:4cc0:c2:6060:840e:4ff:fe58:c82d,8443
2a13:4ac0:28:c:f816:3eff:fef1:3945,443
2a03:4000:4f:76::,443
2a03:4000:4f:155:941f:c8ff:fe3f:1944,443
2a0e:6a80:3:e2::,8443
2a0f:cdc6:500:13fb::2,443
2a0b:4140:b611::2,2087
2a02:c207:2345:6445::1,8443
2a01:ecc0:200:1126::2,443
2a00:bd80:a176:10:334::1,443
2a0f:cdc6:500:274a::2,443
2a06:1301:4050:45:148:31:204:0,443
2001:41d0:701:1100::b175,443
2001:41d0:701:1100::8c83,443
2a03:b0c0:3:f0:0:2:93f:d000,443
2a0f:cdc6:500:2cad::2,443
2402:d0c0:21::1030:4fc6,443
2a01:4f8:c17:aaf8::1,8443
2a00:bd80:a176:10:200::1,443
2a01:4f8:c013:c2e5::1,443
2a03:b0c0:1:e0:0:1:396a:f001,443
2a01:ecc0:400:8e9::2,443
2a01:4f8:1c1b:c669::1,443
2a0f:85c1:b73:f4::a,8443
2a01:e5c0:5187::2,443
2a0a:4cc0:c0:31df:64aa:e7ff:fe2e:fb74,8443
2a12:bec4:1480:23d::2,443
2a03:4000:35:961:889:baff:fe34:5373,443
2a0f:cdc6:500:29f7::2,443
2a01:4f8:1c1c:f080::1,443
2a02:c207:2288:5142::1,443
2a01:4f8:c012:2546::1,8443
2a03:4000:49:f1e:9817:27ff:fed0:2bc4,443
2a03:4000:24:9c1:48c9:4aff:fe7b:517,8443
2a01:ecc0:40:190e::2,8443
2a0f:cdc6:500:1c03::2,443
2a01:ecc0:200:1a1::2,443
2001:41d0:701:1100::b7ce,443
2a12:bec4:1480:437::2,8443
2a00:bd80:a176:10:606::1,443
2a12:bec4:1de0:199::2,2087
2a13:7dc0:4000:3d::1,8443
2a12:bec4:1de0:3f4::2,443
2a0f:cdc6:500:67b::2,443
2a0d:d940:1a:6a7::2,443
2001:41d0:701:1100::7b50,443
2a02:c207:2316:6172::1,443
2a03:b0c0:1:e0:0:1:2bc1:c001,443
2a0f:cdc6:500:827::2,8443
2a0d:6c2:17:1175::,443
2a01:ecc0:40:741::2,443
2a01:ecc0:4c0:32a::2,443
2a03:b0c0:1:e0:0:1:4eb9:f001,443
2a01:4f8:c015:fe6d::1,443
2a0f:cdc6:500:2095::2,443
2a01:ecc0:40:11cf::2,2087
2a01:4f8:c014:72c7::2,8443
2001:41d0:701:1100::d7d6,443
2a01:ecc0:40:6d1::2,2053
2a01:ecc0:40:ae4::2,8443
2a01:ecc0:200:1bcf::2,2053
2a0f:cdc6:500:3b7::2,443
2001:41d0:734:444::1,8443
2a0f:cdc6:500:5b0::2,443
2a00:bd80:a176:10:2ba::1,443
2a01:ecc0:40:159f::2,8443
2a0f:85c1:b73:640::a,443
2a0f:cdc6:500:7e4::2,443
2a01:ecc0:4c0:2d4::2,2053
2a01:ecc0:4c0:2d9::2,443
2a0f:cdc6:500:2c74::2,443
2a0f:cdc6:500:e1::2,443
2a02:c207:2313:1741::1,8443
2a03:b0c0:3:f0:0:1:fe14:7000,443
2a0f:cdc6:500:1173::2,2053
2a0f:f01:206:223::,443
2a01:4f8:c013:6b9c::1,443
2a09:bac1:1e20:60::3a0:51,8443
2a02:2479:aa:f000::1,443
2a03:b0c0:0:1051::1ebe:1000,443
2a01:ecc0:400:503::2,8443
2a13:4ac0:28:16:f816:3eff:fe0d:fea9,8443
2a01:ecc0:40:1a2::2,443
2a03:4000:51:81f:c8a3:89ff:fee0:eb86,8443
2a01:4f8:c2c:a05d::1,8443
2a0d:6c2:17:330::,8443
2a00:7b80:452:5000::121,2053
2a0f:cdc6:500:1003::2,443
2a01:ecc0:40:69f::2,443
2a0f:cdc6:500:2ea6::2,8443
2a01:ecc0:40:1a49::2,443
2a12:bec4:1bb0:1665::2,443
2a03:4000:32:8ff:34a7:aff:fe34:87c9,443
2a02:c207:2273:5401::1,443
2602:fa59:8:1f1::1,443
2a0f:cdc6:500:2273::2,443
2a12:bec4:1de0:499::2,8443
2a0f:f01:210:85::,443
2a12:bec4:1de0:471::2,443
2a01:4f8:1c19:45b2::1,443
2a0a:4cc0:40:116:74e9:44ff:fe7a:35c8,443
2a03:b0c0:3:f0:0:1:fd66:0,443
2a02:c207:2297:3521::1,443
2a0b:4140:b039::2,443
2a01:4f8:c015:6d26::1,443
2a03:b0c0:1:e0:0:1:3b6e:b001,443
2a03:4000:1d:8ca:2804:5bff:feb7:6da4,443
2a12:bec4:1da0:20::a,443
2a03:4000:4a:a9:5869:fff:fe05:3685,443
2a0b:4141:820:ebc::2,443
2a01:ecc0:200:1a3d::2,443
2a0f:cdc6:500:1fa::2,443
2a14:7c0:1002:1845::,443
2a00:11c0:5f:42f3:e4fd:24ff:feb5:e784,443
2a01:ecc0:d80:22::2,443
2a0a:4cc0:40:3a4:b806:44ff:fe45:c892,443
2a01:ecc0:4c0:75::2,443
2a03:b0c0:3:f0:0:1:e58b:2000,443
2a0b:4140:418e::2,443
2a01:ecc0:4c0:2f::2,443
2a01:4f8:171:d1d::2,8443
2a0f:cdc6:500:f25::2,443
2a0f:f01:212:b7::,443
2a03:b0c0:3:f0:0:1:fd75:b000,443
2a03:b0c0:0:1051::2f3d:0,443
2a01:ecc0:40:725::2,443
2a01:8640:14:1::decd:d7e2,443
2a03:b0c0:1:e0:0:1:4ed3:2001,443
2a01:4f8:1c18:a62d::1,2053
2a0a:4cc0:40:446:68fc:dff:fe02:436c,443
2a0e:6a80:3:6d4::,443
2a0b:4140:4cc8::2,443
2a01:ecc0:4c0:a7::2,443
2a01:e5c0:53d8::2,443
2a12:bec4:1de0:210::2,443
2a03:4000:2b:1e48:78dd:33ff:fee8:50d6,443
2a0f:f01:205:1cd::,8443
2a0b:4140:40d0::2,443
2a0d:d940:1a:4e8::2,443
2a01:4f8:c014:9194::1,443
2a0e:97c0:180:180::,443
2a0b:4140:4180::2,2053
2a0f:cdc6:500:24fe::2,443
2a00:11c0:5f:450c:64d8:33ff:fe57:d063,2083
2a0b:4141:820:131f::2,443
2a01:ecc0:400:206::2,443
2a0f:cdc6:500:1e61::2,443
2a12:bec4:1de0:1d1::2,2083
2a12:bec4:1ac0:1f1::,443
2a01:ecc0:200:19f::2,443
2a0b:4141:820:16a::2,8443
2a12:bec4:1821:2fe::a,443
2a14:c380:c70:138::a,443
2a01:4f8:c17:a0d0::1,8443
2a0b:4140:4202::2,2053
2a0b:4140:b996::2,2053
2a01:ecc0:40:299::2,443
2a05:541:125:5::1,443
2a01:4f8:c2c:b512::1,2053
2a03:b0c0:1:e0:0:1:24b3:8001,443
2a0b:4141:820:6ae::2,443
2a02:c207:2314:7149::1,443
2a0f:f01:206:53c::,443
2a01:4f8:1c1b:7aee::1,443
2602:fa59:8:2a1::1,443
2a0b:4140:476a::2,443
2a01:ecc0:40:238f::2,8443
2a03:b0c0:3:f0:0:1:9279:8000,443
2a01:4f8:c014:c0be::1,443
2a01:ecc0:200:9a5::2,443
2a0f:cdc6:500:be7::2,8443
2a12:bec4:1de0:21c::2,443
2a01:ecc0:40:736::2,443
2a03:b0c0:3:f0:0:1:e1cc:4000,443
2a01:4f8:c014:a93a::1,8443
2a03:b0c0:3:f0:0:1:8690:7000,443
2a03:4000:39:852:380f:9bff:fe0e:b4ca,443
2a12:bec4:1de0:29c::2,443
2a0f:cdc6:500:2e44::2,8443
2a0a:4cc0:c0:9c60:c8d9:93ff:fe18:79a9,443
2602:fa59:8:212::1,443
2a01:4f8:1c17:de85::1,8443
2a03:b0c0:3:f0:0:2:29a0:d000,443
2a01:ecc0:200:11fc::2,443
2a0a:4cc0:c0:a84f:48f1:a7ff:fe7c:943f,2053
2001:41d0:ab05::4:0:513,443
2a01:4f8:c015:8de6::1,443
2a12:bec4:1de0:5e::2,443
2a12:bec4:1bb0:1ff2::2,8443
2a01:4f8:c014:a718::1,443
2a0d:6c2:17:c22::,443
2a13:7c00:5:17:f816:3eff:fed4:d1ce,443
2a03:b0c0:1:e0:0:1:2ef3:f001,443
2a01:4f8:c013:9e03::1,8443
2a03:b0c0:3:f0:0:1:e1cb:5000,443
2a12:bec4:1de0:5fc::2,8443
2a03:94e0:ffff:185:125:171:0:128,8443
2a12:bec4:1de0:282::2,443
2a0d:6c2:26:476::,8443
2a01:ecc0:480:a5::2,443
2a01:ecc0:40:13a3::2,443
2a03:4000:39:344::10,2087
2a0c:b641:ce0::3ee5:6efe,443
2a0e:d604:1:255::2,443
2a03:f80:49:98aa::1,8443
2001:880:0:24::430,8443
2a0b:4140:f320::2,443
2a12:5740:0:2649::795e,8443
2a12:bec4:1de0:4f0::2,2083
2a12:bec4:1480:1a2::2,443
2a0b:4140:489b::2,2053
2a03:4000:51:4c3:982d:53ff:fefe:a933,8443
2a0b:4140:4c52::2,8443
2a01:7e01::f03c:93ff:feb2:1b,443
2a03:4000:24:e36:64a0:f7ff:fedb:1900,443
2a01:ecc0:200:144f::2,443
2a03:4000:32:23b:e403:e9ff:fee9:b9c6,443
2a02:c207:2327:3752::1,443
2602:fa59:8:2e7::1,443
2001:880:0:21::49,443
2a12:bec4:1de0:3dc::2,443
2a01:4f8:1c1c:15a5::1,443
2a01:e5c0:54ae::2,443
2a03:4000:1e:336:8412:52ff:fefb:6158,443
2a01:ecc0:200:441::2,443
2a01:ecc0:400:1f5::2,443
2a01:ecc0:200:121::2,2053
2a0b:4140:4dd7::2,443
2a05:dfc1:4000:900::a,443
2a00:ccc1:102:150::,443
2a01:ecc0:40:22f8::2,443
2a01:ecc0:400:578::2,443
2a0f:f01:210:ed::,8443
2a05:8280:f:4448::1,443
2a02:c206:2176:7562::1,2053
2a0f:cdc6:500:475::2,443
2a0f:cdc6:500:1819::2,443
2a0f:cdc6:500:1a52::2,8443
2a01:ecc0:200:e51::2,443
2a0f:cdc6:500:140d::2,443
2a12:bec4:1480:4c0::2,443
2a01:ecc0:400:6b7::2,443
2a01:ecc0:200:d34::2,8443
2a01:ecc0:40:a::2,443
2a01:ecc0:40:e14::2,8443
2a03:4000:51:129:a858:7aff:feaa:13c8,8443
2a01:ecc0:200:962::2,8443
2a0f:f01:206:185::,443
2602:fa59:8:355::1,8443
2a12:bec4:1480:12d::2,8443
2a01:7e00::f03c:93ff:fe5a:5f14,443
2a0b:4140:47c0::2,443
2a01:ecc0:40:1af2::2,8443
2a0b:4140:b846::2,443
2a03:b0c0:3:f0:0:1:97dd:5000,443
2a0d:d940:1a:f2a::2,2083
2a0b:4141:820:6f8::2,443
2a0e:6a80:3:780::,443
2a0c:59c0:12::f0,443
2a06:1301:4050:45:148:30:11:0,443
2a01:ecc0:200:13cb::2,443
2a03:b0c0:3:f0:0:1:fe14:f000,443
2a01:ecc0:40:1af9::2,8443
2a03:94e0:ffff:194:32:107:0:150,443
2a02:6b40:2000:3b1a::1,443
2a01:ecc0:200:a67::2,443
2a0e:97c0:180:15::,443
2a0c:4ac1:15:e::a,443
2a01:ecc0:200:c5e::2,443
2a12:bec4:1de0:594::2,443
2a0b:64c0:1::aa,443
2a01:ecc0:40:1083::2,443
2a0d:d940:1a:70e::2,8443
2a0f:cdc6:500:741::2,8443
2a01:4f8:c010:1f18::1,8443
2a0b:4140:4563::2,8443
2a0b:4140:43c7::2,443
2a12:bec4:1480:77::2,8443
2a01:ecc0:200:1b50::2,443
2a02:7a60:1::cf,8443
2a01:ecc0:40:116::2,443
2a01:ecc0:40:622::2,443
2a0d:6c2:17:7b4::,443
2a02:c207:2329:230::1,443
2a03:b0c0:3:f0:0:1:fd65:b000,443
2a0f:cdc6:500:2949::2,443
2a03:4000:2b:f73:d48e:8eff:fe8b:11f0,443
2a0f:cdc6:500:2ef1::2,443
2a01:ecc0:40:1ea5::2,8443
2a0b:64c0:18:0:e8c0:2ff:fe3e:4a11,443
2a01:ecc0:40:a24::2,443
2a0b:4140:f0a1::2,443
2a0f:cdc6:500:2cf3::2,8443
2a12:bec4:1de0:102::2,443
2a01:ecc0:400:4d::2,443
2a0f:cdc6:500:3ae::2,443
2a01:ecc0:40:28a::2,443
2a01:ecc0:40:219::2,443
2a12:bec4:1de0:3e3::2,443
2a02:c206:2213:8475::1,443
2a01:e5c0:5b24::2,2053
2a01:ecc0:40:12f::2,443
2a01:4f8:c015:891b::1,443
2a01:ecc0:200:d3f::2,443
2a0b:4141:820:c96::2,443
2a0b:4140:f2bf::2,2053
2a01:ecc0:4c0:84e::2,443
2a01:ecc0:200:1334::2,443
2a02:c207:2332:2648::1,2096
2a0f:cdc6:500:f2b::2,443
2a0f:cdc6:500:27eb::2,8443
2a09:bac5:27bb:2496::3a5:5f,8443
2a01:ecc0:200:61c::2,443
2a03:4000:1c:1da:6440:64ff:fe9b:b8b4,443
2a0f:cdc6:500:1920::2,443
2a0b:4140:b042::2,8443
2a0f:cdc6:500:10ec::2,443
2001:41d0:701:1100::376f,443
2a0f:cdc6:500:ee9::2,443
2001:41d0:ab05::4:0:554,443
2a0d:d940:1a:63b::2,443
2a01:ecc0:200:1b79::2,443
2a0b:4141:820:c34::2,443
2a01:ecc0:200:1d2b::2,8443
2a0f:cdc6:500:285a::2,443
2a01:4f8:1c1c:5c3::1,8443
2a03:4000:45:227:384a:a4ff:feac:7c0f,443
2a0f:cdc6:500:1ebf::2,443
2a0f:f01:206:6bb::,8443
2a12:bec4:1480:468::2,443
2a02:c207:2326:5877::1,443
2a01:4f8:c2c:9383::1,8443
2a0b:4140:49e2::2,8443
2a01:ecc0:400:973::2,443
2a0b:4140:b99a::2,443
2a0f:cdc6:500:158a::2,443
2a02:c206:2123:7709::1,443
2a0d:d940:1a:f89::2,443
2a0b:4140:45c6::2,8443
2a01:ecc0:40:1d::2,443
2a01:ecc0:4c0:8d9::2,443
2a03:b0c0:1:e0:0:1:2bc1:d001,443
2a01:ecc0:40:e47::2,443
2a01:ecc0:b00:1c9::2,443
2a0d:d940:1a:f99::2,443
2a0f:cdc6:500:11f5::2,443
2001:41d0:701:1100::1f0d,443
2a03:b0c0:3:f0:0:1:fce0:9000,443
2a03:4000:4c:1f6:28f2:c5ff:fe99:1f87,8443
2a01:ecc0:bc0:b1::2,443
2a01:ecc0:400:b61::2,443
2a0f:cdc6:500:16b3::2,2053
2a0f:cdc6:500:1c0c::2,443
2a12:bec4:1480:dc::2,443
2a02:c207:2349:5246::1,443
2a01:ecc0:40:78d::2,8443
2a0f:cdc6:500:ada::2,8443
2a01:ecc0:40:245::2,443
2a0b:4140:491a::2,8443
2a0b:4140:4ee5::2,8443
2a01:ecc0:480:7d::2,443
2a01:4f8:c014:1271::1,443
2a02:c207:2348:3377::1,8443
2a01:ecc0:b40:2::2,2053
2a0f:cdc6:500:2905::2,8443
2a01:ecc0:400:59a::2,8443
2a0f:cdc6:500:1104::2,8443
2602:fa59:8:758::1,443
2a01:ecc0:480:7a::2,443
2a0c:4ac1:15:93::a,8443
2a03:4000:6c:8fe:d4ea:46ff:fec2:8a23,443
2a03:b0c0:3:f0:0:1:e1cc:e000,443
2a01:4f8:1c18:5a82::1,443
2a0f:cdc6:500:d36::2,443
2a01:ecc0:200:537::2,443
2a0b:4140:be88::2,443
2a01:ecc0:400:9c6::2,443
2a01:ecc0:4c0:8f5::2,443
2a03:b0c0:3:f0:0:1:f95b:9000,443
2a01:ecc0:4c0:854::2,8443
2a0f:cdc6:500:c72::2,8443
2a12:edc0:4:6a9d::1,443
2a02:2479:ba:2b00::1,443
2a12:9080:2:38::a,443
2a0f:cdc6:500:1d0c::2,8443
2a00:ccc1:102:d5::,8443
2a12:9080:3:57::a,443
2a03:b0c0:3:f0:0:2:721b:a000,443
2401:c080:1000:30be:5400:6ff:fe7e:3e88,443
2a0b:4140:bae6::2,443
2a01:e5c0:5cb3::2,8443
2a01:ecc0:cc0:c::2,443
2a02:c207:2340:3315::1,443
2a0b:4140:45a5::2,8443
2a0b:4140:43d5::2,443
2a01:ecc0:4c0:3f9::2,443
2a0f:cdc6:500:2c7d::2,443
2001:880:0:8::2fd,8443
2a0f:cdc6:500:1d53::2,443
2407:cdc0:800c::80,443
2a01:e5c0:5190::2,2053
2a01:6f0:ffff:49f7::1,443
2a0f:cdc6:500:2a84::2,443
2a02:6b40:2000:3696::1,8443
2a01:ecc0:40:1ae8::2,8443
2001:41d0:700:6532::c9fe:485c,443
2a0d:d940:1a:1752::2,443
2a0f:cdc6:500:54::33:218,443
2a0a:4cc0:c0:e4af:747e:46ff:fe8c:e8b6,443
2a01:4f8:1c1f:abd6::1,443
2a01:ecc0:b00:19b::2,443
2a01:ecc0:200:826::2,443
2a01:ecc0:400:7fc::2,8443
2a0e:d604:1:1c9::2,443
2a01:ecc0:200:13d2::2,8443
2a04:5201:4::1c7,443
2a01:ecc0:40:1410::2,443
2a0f:cdc6:500:5b2::2,8443
2a01:4f8:1c1b:def::1,2096
2a01:4f8:1c17:c311::1,443
2a01:ecc0:40:6b5::2,443
2a01:ecc0:40:4e3::2,443
2a03:4000:47:f7:58fb:c3ff:fe91:fbb7,8443
2a0d:d940:13:59::2,443
2a0b:4140:f108::2,8443
2a03:4000:21:9fb:1829:35ff:fe1a:47ad,8443
2001:880:0:2:f816:3eff:fecf:df5,443
2a0f:cdc6:500:30e::2,443
2a01:ecc0:200:10f3::2,8443
2a0f:cdc6:500:241f::2,443
2a0f:cdc6:500:17a3::2,8443
2a03:b0c0:3:f0:0:1:942c:e000,443
2605:e440:9::4a,443
2001:19f0:7001:2cd4:5400:4ff:fe7d:54c6,443
2401:c080:1000:27c9:5400:6ff:fe5d:4066,443
2a0d:d940:1a:13d::2,8443
2a0f:b240:19:31::a,443
2401:c080:1000:29b2:5400:6ff:fe64:8a6a,443
2a03:b0c0:3:f0:0:2:9913:4000,443
2a03:4000:4a:5b1:c890:86ff:fe1a:cf46,443
2a01:ecc0:400:486::2,8443
2a01:ecc0:40:5e0::2,443
2a03:4000:3b:ded:94b3:c0ff:fee4:9cd2,443
2a0b:4140:b30a::2,443
2a03:f80:81:a33e::1,8443
2a02:c207:2350:474::1,443
2401:d560:0:107:1c00:82ff:fe00:4e9,2053
2a01:4f8:c013:98f3::1,443
2a0e:97c0:3f4:1::1616,443
2a00:17d8:100::3011,8443
2a01:ecc0:400:7a4::2,443
2602:f8c0:8:1001:be24:11ff:feb4:2b2e,443
2602:fa59:8:487::1,2053
2a03:4000:49:f5e:d8a3:36ff:fe41:5a4d,443
2401:c080:1000:2d7d:5400:6ff:fe6d:10e9,443
2a0c:9a40:8aa1:100b::,8443
2a01:ecc0:40:2377::2,443
2a02:c207:2319:2417::1,8443
2001:19f0:7001:32e7:5400:6ff:fe46:43e1,443
2a05:cfc0:3::1:2301:fb75,443
2a0a:d687:f004::af,443
2a01:ecc0:400:bb7::2,443
2400:8902::f03c:93ff:fef8:ab7b,443
2a01:4f8:c014:f829::1,8443
2a01:8640:1b::21ac:2f83,443
2a03:4000:50:fa2:a8c7:99ff:fe3e:4918,443
2a0b:4140:be2e::2,443
2a0e:6a80:3:bf::,443
2001:19f0:7001:23a1:5400:3ff:feec:6707,443
2a0b:4140:b116::2,443
2a02:c207:2338:6766::1,443
2a03:4000:21:b59:3416:6dff:fee7:9bad,8443
2a03:b0c0:3:f0:0:2:208:8000,443
2600:3c18::2000:3aff:fe07:80b5,443
2a03:b0c0:3:f0:0:1:fd65:c000,443
2a0a:4cc0:c0:a84f:48f1:a7ff:fe7c:943f,443
2001:19f0:7001:35ad:5400:5ff:fe0d:b300,443
2401:c080:1000:2dee:5400:6ff:fe93:b9f6,443
2a02:c207:2313:7890::1,443
2a0f:cdc6:500:bb5::2,8443
2607:ff68:12:5::d0ec:6273,443
2a03:b0c0:3:f0:0:2:2f90:4000,443
2a0b:4140:b317::2,443
2a0f:cdc6:500:88a::2,8443
2400:8902::f03c:94ff:fe16:8f89,8443
2a02:c207:2336:4512::1,443
2001:19f0:7001:1f2e:5400:6ff:fe63:f4f8,443
2401:c080:1000:21aa:5400:6ff:fe37:893c,443
2a0b:4140:bff0::2,443
2a0f:cdc6:500:23d0::2,443
2a0b:4140:b57c::2,443
2a01:e5c0:5dd7::2,443
2a01:4f8:1c17:4d07::1,8443
2a0b:4142:7cb::2,443
2a09:cd45:1:873e::1,443
2a03:4000:38:ba4:743b:c3ff:fef1:656d,443
2a0e:1d80:20:39a1::1,443
2401:c080:1000:2deb:5400:6ff:fe24:2f10,8443
2401:c080:1000:35f1:5400:6ff:fe76:7be8,443
2a01:4f8:c014:199d::1,443
2a03:f80:81:dd63::1,443
2a12:bec0:166:2e1::,443
2a01:ecc0:200:1241::2,443
2a01:ecc0:200:142::2,443
2a01:ecc0:bc0:8::2,443
2a0d:6c2:26:416::,8443
2a01:ecc0:40:1b2f::2,443
2407:cdc0:800c::81,443
2001:19f0:7002:11b4:5400:6ff:fe60:baf3,443
2a0f:b240:19:5c::a,443
2602:f3f2:c4:5f42:9759:4966:5ff1:222,443
2a01:4f8:1c19:8a4f::1,2053
2a01:e5c0:53b4::2,443
2a01:ecc0:40:19d8::2,443
2602:fa59:8:1c5::1,443
2401:c080:1000:33ab:5400:6ff:fe7f:505d,443
2a06:7e00:b2a:1300:23a:b0ff:fe1f:b58a,443
2a01:4f8:1c18:24ee::1,8443
2a01:4f8:c010:6c95::1,2053
2001:19f0:7002:147:5400:4ff:fef1:483b,2053
2a0f:5f45:555::1f4,8443
2a0b:4141:820:ca5::2,443
2a01:4f8:c014:ad7a::1,2053
2a02:c207:2316:2241::1,443
2a0f:cdc6:500:2c68::2,443
2602:fa59:8:5bb::1,443
2602:fa59:8:9c3::1,8443
2a01:e5c0:5af0::2,443
2a0b:4140:f09c::2,8443
2001:19f0:7002:7f6:5400:6ff:fe0a:f7b8,443
2401:c080:1000:2f8a:5400:6ff:fe35:3ec0,443
2403:18c0:1000:1f3:549d:32ff:feb5:ceff,8443
2a06:9801:220:5::a,443
2001:19f0:7001:54a5:5400:6ff:fe6e:9aee,8443
2a01:7a7:2:3343:216:3cff:feb5:b9a3,443
2a12:bec4:1de0:3f::2,443
2600:3c18::2000:4bff:fe8b:f4a0,443
2001:ac8:28:51:0:1:f446:7605,443
2a12:bec0:165:2b0::,443
2407:cdc0:800c::83,443
2a13:edc0:18:27a::a,443
2a01:4f8:1c17:ebc4::1,8443
2a01:ecc0:400:b2c::2,443
2a12:4041:7:17d::a,8443
2a01:e5c0:599d::2,2053
2001:19f0:7002:1001:5400:6ff:fe24:c2cf,443
2401:c080:1000:260a:5400:6ff:fe2a:df2f,443
2602:f3f2:ce:e6a1:4757:1be4:3ecc:c583,8443
2a12:e100:27:1::3,443
2600:3c18::2000:70ff:fec1:c4c1,443
2401:c080:1000:3842:5400:6ff:fe79:2287,443
2602:f7f8:4:18::a,443
2401:c080:1000:3db8:5400:6ff:fe74:677e,443
2a01:4f8:c014:3faf::1,2053
2a05:dfc1:4000:2800::a,443
2a0f:cdc6:500:1f23::2,8443
2a03:b0c0:3:f0:0:2:7a13:c000,443
2a0f:5f45:555::9f,443
2001:41d0:701:1100::cfdc,443
2a0b:4140:bc8c::2,2053
2400:54a0:20c0:300:37::a,443
2001:19f0:7001:3131:5400:6ff:fe8a:186c,443
2a01:4f8:c015:55cb::1,2053
2602:f3f2:cb:9499:c57f:cb11:bfae:ee72,443
2a03:4000:51:3d7:5822:16ff:fe84:e025,8443
2401:c080:1000:3469:5400:6ff:fe9c:1280,443
2600:3c18::2000:f0ff:fe02:98be,443
2a01:e5c0:55bd::2,8443
2600:3c18::2000:68ff:fee4:df51,2053
2a01:e5c0:520b::2,2053
2001:19f0:7002:5d7:5400:6ff:fe5d:257,8443
2a02:c207:2281:1495::1,443
2401:c080:1000:1723:5400:5ff:fef7:57a8,8443
2a0b:4140:f191::2,2053
2a06:a880:3:35e::1,443
2a0d:6c2:17:1357::,443
2401:d560:0:107:1c00:66ff:fe00:56e,443
2a01:e5c0:5f5c::2,443
2a0f:1cc6:b221:1:db04:bb6e:7ea4:98bf,443
2401:c080:1000:3d7f:5400:6ff:fe98:99e,443
2600:3c0e::2000:14ff:fe21:face,443
2401:c080:1000:1315:5400:5ff:feee:e2bd,8443
2a02:c207:2304:2981::1,443
2401:c080:1000:25a0:5400:6ff:fe54:5ea2,443
2a12:4041:7:292::a,8443
2a0b:4140:4d9a::2,443
2a0f:b240:19:9a::a,443
2a01:ecc0:40:24f3::2,443
2a05:cfc0:3::1:f586:8af5,443
2a01:ecc0:4c0:187::2,443
2602:fd6f:1f:2fc::93a,443
2401:c080:1000:38c5:5400:6ff:fe70:fab7,443
2401:c080:1000:2301:5400:6ff:fe7a:d38b,443
2602:f8c0:8:1001:be24:11ff:fe83:239d,443
2401:c080:1000:30b7:5400:6ff:fe8e:1f3d,8443
2602:f3f2:c5:7746:269c:6d47:345e:6058,443
2a01:ecc0:40:f88::2,443
2600:3c18::2000:c3ff:fe21:45bb,443
2401:c080:1000:2fb9:5400:6ff:fe54:3d79,443
2a0e:d604:1:2fa::2,443
2001:19f0:7001:38d5:5400:6ff:fe69:6b78,443
2401:c080:1000:2846:5400:6ff:fe68:5fcf,443
2602:fa59:8:684::1,443
2a0f:cdc6:500:123e::2,443
2a0b:4140:b60c::2,2087
2a0b:4140:b0a8::2,443
2a0b:4140:481c::2,443
2a01:4f8:c015:ce22::1,443
2603:c021:8007:111a::102,443
2a03:f80:81:6fa0::1,443
2001:19f0:7001:2b40:5400:6ff:fe99:9799,443
2001:19f0:7001:3d17:5400:6ff:fe67:1461,443
2a0b:4140:ba8e::2,443
2001:19f0:7001:7bb:5400:6ff:fe1b:e433,443
2a01:ecc0:40:6ac::2,443
2401:c080:1000:2b72:5400:6ff:fe87:c2af,443
2600:3c18::2000:6ff:fef0:5778,443
2a01:7a7:2:3343:216:3cff:feae:eb02,2053
2400:8902::2000:87ff:fe16:50a,443
2001:19f0:7001:5f1c:5400:4ff:fef0:30e1,443
2a0f:cdc6:500:265e::2,443
2a12:bec0:167:12bc::,443
2602:fa4f:b00:1573:4414:b6ad:2198:ff42,443
2600:3c18::2000:36ff:feb8:3d5d,443
2a06:a880:3:7108::1,8443
2a09:bac5:27bc:1282::1d8:78,8443
2400:8902::2000:a9ff:fef1:40fa,443
2401:c080:1000:15f9:5400:6ff:fe61:d4b0,443
2401:a660:1002:129::e49,443
2a02:c207:2293:7994::1,8443
2400:8902::2000:65ff:fe5c:7239,443
2400:8902::f03c:93ff:fe75:7fd1,443
2401:c080:1000:3cc6:5400:6ff:fe86:86cf,443
2603:c021:8024:4c00:0:93ff:506c:4617,443
2a09:bac5:2f1b:2464::3a0:45,2053
2a0f:cdc6:500:63b::2,443
2a0b:4141:820:70b::2,8443
2001:19f0:7002:dd:5400:6ff:fe42:204b,443
2602:fa59:8:67f::1,8443
2a01:e5c0:5409::2,8443
2605:e440:e::1:387,443
2a12:bec0:689:113c::,443
2401:c080:1000:1327:5400:6ff:fe3d:c19f,443
2a02:c207:2294:2894::1,8443
2a01:e5c0:5aee::2,443
2a09:bac5:4304:dc::16:192,443
2400:8902::2000:12ff:fe12:85b6,443
2a01:4f8:c014:6856::1,443
2407:cdc0:800c::84,443
2602:f3f2:c0:2e7d:49aa:cf4:92f:c628,443
2401:c080:1000:3e83:5400:6ff:fe74:e267,443
2602:f3f2:cd:b4ab:4371:250b:2097:ceee,443
2a01:ecc0:200:c1::2,443
2a03:b0c0:3:f0:0:2:9c7f:7000,443
2401:c080:1000:515f:5400:6ff:fe9c:586f,443
2602:fa4f:b00:1313:5bdf:a715:dc97:f815,443
2a01:4f8:c014:12f9::1,2087
2406:da14:3c:b002:ee6e:e07d:440c:5ec6,443
2a09:bac5:4462:dc::16:19e,443
2a01:7e01::f03c:93ff:fe4c:5ecc,443
2a13:edc0:18:38::a,443
2a12:bec0:165:444::,443
2a12:e100:23:2:7b3d:8c1e:5b90:ff6d,443
2a01:ecc0:200:656::2,443
2602:fa4f:b00:b4f7:ba68:4d7c:736d:7355,443
2a03:f80:41:11db::1,443
2602:fa4f:b00:5ba6:d5d8:f594:7e46:9bcf,443
2401:c080:1000:1790:5400:6ff:fe11:2a34,443
2401:c080:1000:2d60:5400:6ff:fe22:f6de,443
2401:c080:1000:125a:5400:5ff:fed2:907c,443
2a0b:4140:b1fc::2,443
2401:c080:1000:20a8:5400:6ff:fe37:88cb,443
2a0f:1cc6:b221:1:419c:c5a7:79a:1180,443
2a0f:cdc6:500:2617::2,443
2a0b:4141:820:ab8::2,443
2001:e42:102:1536:160:16:120:16,443
240d:c000:f06f:8d00:3248:97cc:72e2:0,443
2a0f:1cc6:b222:1:eb5b:ce75:aa75:53c6,443
2401:a660:1001:2be::14e,8443
2a02:29b8:dc01:503:be24:11ff:fe75:1677,443
2a03:b0c0:1:e0::e287:8001,443
2600:3c0e::2000:c2ff:fe2c:d3b6,443
2602:fa4f:b00:a8a9:9e2b:90c8:daa7:78dd,443
2a0a:d687:f004::8,443
2a0f:1cc6:b221:1:ee65:5170:b062:be25,443
2603:c021:8011:937e:0:9a33:e713:ab69,443
2400:8902::f03c:93ff:feb1:3dc5,443
2602:fa4f:b00:4f9c:e87e:e3f7:344e:73b,443
2a09:bac1:3b20:10::16:223,8443
2600:3c18::2000:e8ff:fea3:f30d,443
2602:fa4f:b00:1d65:2ec1:9936:2053:d9ce,443
2a01:ecc0:200:141c::2,443
2603:c021:8007:93ee:16f6:3c5:748b:3594,443
2a0f:5f45:555::202,443
2a02:c207:2012:3290::1,8443
2a0b:4141:820:388::2,443
2a01:4f8:1c19:c4db::1,8443
2001:19f0:7001:3ec3:5400:6ff:fe09:ef0d,443
2603:c021:800f:7725:3e8:eab0:d375:fdcb,2053
2a0a:20c0:f001:81:eaba:7fff:fe15:560e,443
2a01:e5c0:57f1::2,443
2401:c080:1000:3883:5400:6ff:fe79:2e22,443
2001:e42:102:1107:153:121:51:228,443
2603:c021:8018:ba00:0:8aff:be24:89dd,443
2a03:6f02::1:69d0,443
2600:3c18::2000:53ff:fea2:1833,443
2a01:ecc0:200:129d::2,8443
2406:da14:29e:cb00:1345:44c5:58bd:d668,8443
2a03:b0c0:1:e0:0:1:24b3:d001,443
2401:c080:1000:299a:5400:6ff:fe51:7f02,443
2a0b:4141:820:663::2,443
2a0f:cdc6:500:245b::2,443
2406:da14:174c:8c00:a8f1:d817:d713:740a,443
2602:fa4f:b00:4197:199a:c88c:68ff:1fc0,8443
2a14:7586:6109:1::281,443
2001:19f0:7001:395d:5400:6ff:fe00:161e,443
2a13:9500:19d:5a::a,443
2a03:b0c0:3:f0:0:2:4e9a:7000,443
2a02:6b40:2000:1f54::1,443
2603:c021:801e:4f01:0:7171:9a9f:d7c2,443
2001:19f0:7001:1fb3:5400:6ff:fe92:6464,443
2a0f:cdc6:500:1009::2,443
2401:c080:1000:1ac4:5400:6ff:fe3c:c17e,443
2401:c080:1000:3ea4:5400:6ff:fe74:f34a,443
2a12:bec0:165:803d::,443
2603:c021:8013:2700:1a90:7b03:164f:58a4,443
2401:c080:1000:3b09:5400:6ff:fe91:16e1,443
2a01:4f8:1c1b:d020::1,443
2a01:ecc0:40:1997::2,2053
2a0f:cdc6:500:48d::2,443
2a01:4f8:c015:3623::1,8443
2401:d560:0:107:1c00:9aff:fe00:5ab,443
2406:da14:3c:b001:ab2d:a408:2f5:6096,443
2602:fa59:8:2cc::1,443
2602:fa59:8:6f1::1,8443
2603:c021:801f:6b00:0:e211:b1e3:68b8,443
2a01:4f8:c010:293d::1,8443
2a14:7586:6109:1::223,443
2603:c021:8017:b600:0:c634:94ab:57e,443
2a01:e5c0:59f8::2,443
2602:f864:229:1d::a,443
2602:fa4f:b00:863:b518:7e02:e01:ad9c,443
2a01:4f8:c012:290d::1,443
2401:c080:1000:3a4e:5400:6ff:fe71:8c0c,443
2600:3c0e::2000:3ff:fe7f:71af,443
2401:c080:1000:3bd4:5400:6ff:fe99:8ac6,443
2402:c480:3001:1504:1c00:feff:fe00:713,443
2a0b:4140:b836::2,443
2600:3c0e::2000:6aff:fe3a:7186,443
2406:da14:d6c:6900:f076:53b5:1561:bc07,443
2a05:f480:1800:350d:5400:6ff:fe3a:435,443
2406:da14:1918:9000:d69b:ffda:46bd:9ce9,443
2a05:f480:1800:364d:5400:6ff:fe76:30e0,443
2a02:c207:2328:7369::1,8443
2406:da14:1615:6100:8b1f:e823:8e8d:b02f,443
2603:c021:8006:f500:75a1:a79:cbe4:779,443
2603:c021:801f:7f00:0:6f2c:1df1:4ac8,8443
2a0b:4140:b955::2,443
2406:da14:fc6:3d00:2449:ba19:54df:21b6,443
2a01:ecc0:400:b6d::2,8443
2600:3c0e::2000:abff:fe60:2b4a,443
2a13:36c0:1ff:1453::1,8443
2001:41d0:ab05::4:0:724,2053
2401:c080:1000:304c:5400:6ff:fe8f:8926,8443
2406:da14:f2d:1b00:50e0:6921:d8e1:54e0,443
2401:c080:1000:389d:5400:6ff:fe79:876b,443
2605:e440:8::1:3a3,443
2401:c080:1000:25b5:5400:6ff:fe42:4f6c,443
2a01:7e01::f03c:93ff:feb2:16,443
2a0d:d940:1a:2ec::2,443
2a01:4f8:1c18:ca72::1,443
2603:c021:801a:4300:0:fb96:de40:d7f2,2053
2a0a:20c0:f001:81:4a33:7eff:fe37:ca4f,443
2602:f3f2:c6:a00b:324a:3857:8acc:9602,443
2406:da14:3c:b001:af1:bcc6:54b1:cf06,443
2406:da14:3c:b002:a7cf:f9d3:4b1d:e643,443
2a01:ecc0:200:1fe::2,443
2a02:c207:3020:1103::1,443
2a0d:6c2:17:cb7::,443
2001:19f0:6c01:1bed:5400:6ff:fe1f:58e3,443
2a01:ecc0:200:190e::2,443
2406:da14:3c:b000:b17a:5347:546d:c54e,443
2a02:29b8:dd01:202:0:4:0:12,443
2406:da14:1e04:a400:5c96:fdcf:7d40:29f9,443
2406:da14:3c:b001:270f:99b6:9662:e788,443
2a0b:4140:b22d::2,443
2406:da14:1119:a800:10f8:4e08:a6ed:e7d5,443
2602:fa59:8:938::1,8443
2605:e440:a::38b,443
2a0f:cdc6:500:4dc::2,443
2001:470:6c:2c4::2,443
2603:c021:8023:d600:0:741c:42b2:d278,443
2401:c080:1000:3861:5400:6ff:fe79:2d5,443
2401:c080:1000:3e71:5400:6ff:fe74:e366,443
2a0e:97c0:3f4:1::9be,443
2406:da14:1d5b:7700:f32b:b1e3:30ac:c95d,443
2a14:1b84:1000::871,8443
2a0b:4140:4f52::2,8443
2406:da14:100b:f00:bca2:83a5:607c:725f,443
2a0f:f01:208:41a::,443
2a0b:4141:820:fc7::2,8443
2600:3c0b::2000:77ff:fe69:1248,8443
2402:c480:3001:1504:1c00:15ff:fe00:6d8,443
2602:fa59:8:9a4::1,443
2a14:7586:6109:1::14d,443
2a0f:85c1:b73:607::a,443
240d:c000:f06f:8f00:6222:d6e:9e76:0,443
2a0f:9400:7393:1f::68,443
2a0b:4140:43d4::2,8443
2406:da14:3c:b000:477b:f992:75f3:aa86,443
2a0a:4cc0:40:120:8dc:f4ff:fe34:3f53,443
2a03:b0c0:3:f0:0:2:cbc:6000,443
2406:da14:3c:b000:9324:b2f8:cb38:6341,443
2a14:7586:6109:1:be24:11ff:fe5a:6bf2,443
2a01:ecc0:200:10af::2,443
2400:8902::f03c:91ff:fe69:2968,443
2a01:ecc0:40:1693::2,8443
2a01:e5c0:5784::2,443
2401:c080:1000:3f92:5400:6ff:fe94:d29e,443
2401:d560:0:107:1c00:aaff:fe00:59d,443
2600:3c18::2000:13ff:fe84:c3a6,443
2603:c021:8005:fbee:0:10a2:5590:56f1,2083
2406:da14:1b08:6600:5748:7401:35:44a4,8443
2600:3c0e::2000:38ff:feed:8d55,443
2a0f:f01:207:51e::,443
2a12:bec0:164:12b9::,8443
2a0f:cdc6:500:1c17::2,2053
2a0f:cdc6:500:104c::2,443
2607:8700:9300:53a::2,8443
2a0f:f01:208:876::,2053
2a02:c207:2309:793::1,443
2a12:bec0:164:110e::,443
2a01:ecc0:40:33::2,443
2a01:4f8:c0c:b339::1,443
2a01:e5c0:5fcc::2,443
2a05:901:6:1231::,2087
2602:f8c0:8:1001:be24:11ff:fe54:2315,8443
2a0d:d940:1a:f38::2,8443
2a0b:4140:417b::2,443
2a0c:b641:ce0::2de1:b85f,443
2001:1600:13:101::afd,8443
2602:fa4f:b00:e55e:d96c:91de:9bd5:99aa,443
2a05:9406::ea9,2053
2600:3c17::2000:65ff:fe07:e99b,443
2401:c080:1000:1c72:5400:6ff:fe22:33d4,443
2a0f:cdc6:500:1c64::2,443
2a02:c207:2332:8593::1,443
2a05:9406::10e,443
2a0b:4140:b461::2,443
2001:19f0:7001:4c0e:5400:6ff:fe6a:e1d5,443
2a12:bec4:1480:301::2,443
2a14:a087:3:a1::2,443
2a0b:4140:bed5::2,8443
2401:c080:1000:37d9:5400:6ff:fe77:5b9d,443
2406:da14:3c:b001:e:d89d:c7f:1fbc,443
2a01:ecc0:200:3e0::2,443
2a01:e5c0:5fa5::2,443
2407:cdc0:8302:a41f:5a1e:ede4:3280:1035,443
2a05:f480:1800:21f2:5400:6ff:fe92:c645,8443
2602:f3f2:c1:43d:5de:54a7:8a6a:63dc,8443
2001:19f0:7001:ac1:5400:4ff:fe39:38a4,443
2a01:4f8:1c1b:b67::1,443
2400:38e0:1:40d1::ab,443
2a09:bac1:1e20:8::1d8:7f,8443
2a01:4f8:1c1c:8b65::1,2096
2a01:4f8:c013:1583::1,443
2a0a:8c44::78,8443
2a0d:d940:1a:10c::2,2083
2a0f:cdc6:500:1950::2,443
2a0f:cdc6:500:7c7::2,443
2a12:e100:25:3a86:1d90:f3a:117b:8caa,443
2a05:9406::1209,8443
2a03:4000:43:38b:140a:bcff:fe8e:f058,443
2401:c080:1000:137a:5400:6ff:fe1f:9954,2053
2602:fa4f:b00:d468:449a:b42b:22a4:e3cc,8443
2406:da14:fc6:3d00:5b93:b1bf:385a:64e5,443
2a03:b0c0:3:f0:0:2:ce8:f000,443
2a01:ecc0:40:a61::2,2053
2a02:6b40:2000:337f::1,443
2a0b:4140:4b7b::2,443
2a05:9406::929,443
2a0b:4140:b67f::2,443
2a05:9406::42,8443
2a0b:4140:b30f::2,443
2a01:ecc0:bc0:122::2,443
2a0f:cdc6:500:7f7::2,443
2a12:bec0:164:10a1::,443
2a0b:4140:433e::2,8443
2a0f:9400:7393:1f::d8,443
2a01:e5c0:58a7::2,443
2a03:4000:43:e51:b41c:6aff:fe41:15c3,8443
2a12:e100:25:3ab7:c03b:f713:f540:acb9,443
2a14:7586:6109:1::2ba,8443
2406:da14:3c:b002:b859:b400:7c61:ef5,443
2a0b:4140:f434::2,443
2001:1600:18:203::16,443
2605:e440:a::3ce,443
2a0a:8c44::2e8,443
2a0f:f01:208:5ae::,443
2a0f:9400:7393:1f::af,443
2600:3c18::2000:53ff:fe44:cb0e,443
2a05:9406::e01,8443
2a01:ecc0:40:20e::2,443
2400:8902::2000:5fff:fee5:243a,443
2a0f:cdc6:500:25fe::2,443
2a0b:4140:47fc::2,8443
2602:fa4f:b00:55bb:b520:e0ae:f145:62ed,443
2a01:ecc0:40:11::2,443
2406:da14:ea7:be00:4ae7:52cc:6388:fb9b,443
2406:da14:fc6:3d00:3741:20e1:d50b:2a,443
2a03:4000:15:e4d:d43c:4bff:fe95:5275,443
2400:8902::2000:25ff:fee1:c372,443
2a12:4041:7:74::a,443
2001:1600:13:101::6d7,443
2407:cdc0:800c::82,443
2401:c080:1000:2a0e:5400:6ff:fe38:fa1c,8443
2a14:7586:6114:f:be24:11ff:feaa:c68,443
2401:d560:0:106:1c00:dbff:fe00:340,2053
2401:c080:1000:11f8:5400:6ff:fe45:212d,443
2401:d560:0:107:1c00:a5ff:fe00:59f,443
2a01:ecc0:4c0:396::2,443
2401:c080:1000:3441:5400:6ff:fe76:4cda,443
2a0b:4141:820:d3e::2,2053
2406:da14:19e0:2900:c8a9:2ece:5596:8812,443
2a0b:4140:48a2::2,443
2a0f:f01:207:aa::,8443
2a0b:4141:820:eff::2,443
2a14:7586:6109:1::15e,8443
2a0f:b240:19:99::a,443
2a0b:4141:820:1aa5::2,443
2a0f:cdc6:500:24e8::2,8443
2600:3c0e::2000:7ff:fe79:326,443
2406:da14:3a9:3000:3766:e89:925d:ecb5,443
2001:1c00:e996:f900:5292:46d1:ee9d:6734,443
2a14:7981:467:4bc::,8443
2a01:4f8:c013:bbee::1,443
2a03:b0c0:3:f0:0:2:b34:c000,443
2a0f:1cc6:b221:1:5242:8fa8:1be1:8b10,443
2406:da14:3c:b002:a6d4:21c5:2ad7:c5cd,443
2a03:b0c0:3:f0:0:2:ce8:e000,443
2406:da14:3c:b000:eee2:b425:2de8:2500,443
2401:c080:1000:27ca:5400:6ff:fe20:f69a,443
2a0b:4140:beea::2,443
2a0f:f01:208:2e9::,443
2602:fa4f:b00:b9c7:26eb:c738:7188:13d,443
2a01:ecc0:40:a3::2,443
2a0a:8dc0:248::a,443
2a0b:4140:b18e::2,443
2a12:bec0:166:1d0::,443
2a12:bec0:165:3e5::,443
2a0b:4140:b91d::2,443
2001:19f0:6c01:111c:5400:6ff:fe71:fb53,443
2001:19f0:7001:5e65:5400:6ff:fe3b:dafb,443
2406:da14:1b00:fa00:a3d9:ee64:5148:4bfc,443
2a01:e5c0:557a::2,443
2a0b:4141:820:18a7::2,443
2a0d:6c2:17:8c2::,443
2001:1600:16:10::434,443
2600:3c18::2000:20ff:fe1d:2283,443
2602:fa59:8:109::1,443
2a01:ecc0:200:1775::2,443
2602:f3f2:cf:4b83:fe49:1e7d:3975:6cee,443
2a0f:f01:208:3ba::,443
2a0f:9400:7393:1f::d5,443
2a0b:4140:4a78::2,443
2602:f3f2:c1:aeb3:1d47:4104:ba9b:77d7,443
2a12:bec4:1da0:12::a,443
2a01:4f8:1c1b:104a::1,443
2a05:9406::b49,443
2a0f:9400:7393:1f::2,8443
2401:c080:1000:3c14:5400:6ff:fe96:84db,8443
2a0b:4141:820:b11::2,443
2406:da14:3c:b000:a236:fb32:afb8:6c29,443
2602:fa59:8:8fa::1,443
2a05:f480:1800:3707:5400:6ff:fe6f:1641,443
2a03:b0c0:3:f0:0:1:e1cb:f000,443
240d:c000:f06f:8f00:78b2:ab3a:6efe:0,443
2a0f:9400:7393:1f::a6,443
2a13:edc0:25:45::a,443
2001:19f0:7001:33e9:5400:6ff:fe52:965f,443
2a14:7981:467:1fb::,443
2a0f:85c1:b73:604::a,443
2a01:ecc0:40:2211::2,8443
2a06:1301:4050:45:148:28:108:0,8443
2406:da14:3c:b000:b708:65e6:e815:5125,443
2001:41d0:ab00::4:0:16,2053
2a0c:b641:ce0::497e:5324,443
2a02:c207:2330:956::1,443
2401:c080:1000:3407:5400:6ff:fe79:7e4f,443
2a0b:4140:f488::2,443
2401:c080:1000:329e:5400:6ff:fe9a:62c5,443
2a0b:4140:47a0::2,443
2602:fa4f:b00:555c:3e6c:b00d:96cc:cf47,443
2a14:7981:467:6f9::,443
2a03:6f02::1:11bc,443
2600:3c0e::2000:feff:fef7:b915,443
2a12:4041:7:231::a,2053
2602:f3f2:c8:1242:ffa4:f1a1:f728:3652,2083
2401:c080:1000:3e39:5400:6ff:fe88:9013,443
2001:19f0:7002:6bf:5400:6ff:fe52:bb59,443
2605:e440:a::7f,443
2a0f:f01:207:746::,443
2a0f:9400:7393:1f::9,443
2a09:bac5:4303:dc::16:187,443
2a14:7981:467:70a::,443
2a01:ecc0:200:c04::2,2053
2001:19f0:7002:c50:5400:4ff:feaf:87e5,443
2001:1600:18:200::301,443
2406:da14:5:400:95de:e517:6b2:85ff,443
2a01:7a7:2:3c16::1eaf:a57d,8443
2603:c021:8021:f9aa:0:ded5:aa2c:2ce6,443
2a0a:8c44::176,443
2a0b:4140:4236::2,443
240d:c000:f06f:8e00:72a2:346:3460:1,443
2a14:7981:467:347::,2053
2603:c021:800b:c601::7888,443
2401:c080:1000:2d6b:5400:6ff:fe3a:3253,443
2a01:ecc0:40:aaf::2,443
2a0b:4141:820:88b::2,443
2a0f:f01:208:705::,8443
2600:3c0e::2000:5ff:fe0c:4ad2,443
2a03:b0c0:3:f0:0:1:9855:f000,443
2a03:b0c0:3:f0:0:2:fc7:e000,443
2a0b:4142:113a::2,443
2a0b:4141:820:118f::2,443
2a01:ecc0:40:1bc4::2,8443
2406:da14:16:8900:5683:d1ec:68b8:dca7,443
2400:8902::2000:f7ff:feb0:af46,443
2a0f:f01:207:318::,443
2a0b:4141:820:7ec::2,8443
2a03:4000:69:16d:48fd:c5ff:fe99:9b15,443
2401:c080:1000:12b7:5400:6ff:fe1b:8af0,443
2406:da14:68:4d00:1160:d09c:cfe0:4afc,443
2406:da14:1795:1100:ad68:108a:7aa3:d6a7,443
2a03:b0c0:3:f0:0:2:7a13:6000,443
2a0a:8c41::ae,443
2a01:ecc0:bc0:16::2,443
2a0a:8c41::297,443
2602:fa4f:b00:c066:212e:a11e:99de:2166,443
2600:3c0b::2000:3dff:fec4:c488,2053
2600:3c0e::2000:a1ff:fe69:8ce9,443
2a12:bec4:1480:4b9::2,443
2401:c080:1000:144e:5400:6ff:fe26:ca1a,443
2a0b:4141:820:fde::2,443
2a03:b0c0:3:f0:0:1:fce0:5000,443
2a03:4000:17:d5c:4886:6cff:fe42:a93e,443
240d:c000:f06f:8f00:906a:8ff0:4e66:0,443
2a0f:9400:7393:1f::128,443
2400:38e0:1:4014::b,443
2a02:c207:2325:202::1,8443
2001:1600:18:201::72,443
2a03:b0c0:3:f0:0:1:fdb0:f000,443
2a0b:4142:8dc::2,443
2a0f:cdc6:500:b32::2,443
2a14:7981:470:112::,443
2a01:ecc0:200:18d8::2,443
2a02:c207:2297:7946::1,2053
2a03:b0c0:3:f0:0:1:fd66:1000,443
2a06:f902:1:100::89,443
2401:c080:1000:20ba:5400:6ff:fe1d:b187,8443
2a01:e5c0:5e0b::2,443
2a0a:8c44::c1,443
2a0b:4141:820:1600::2,443
2a14:7981:467:683::,443
2406:da14:1b87:cd00:2db:af58:e85e:7ba8,443
2a0f:85c1:b73:140::a,443
2a0f:cdc6:500:1fad::2,443
2a01:e5c0:5bf7::2,443
2a01:ecc0:40:f5::2,443
2406:da14:fc6:3d00:cc4a:973a:422b:f14,443
2a14:7981:467:334::,443
2a07:e01:3:35f::1,8443
2401:c080:1000:310e:5400:6ff:fe77:955b,443
2a0f:f01:208:1e9::,8443
2a0b:4141:820:d47::2,8443
2600:3c0b::2000:9aff:fe62:b2f9,443
2001:41d0:ab00::4:0:d4,443
2600:3c0e::2000:dbff:fe58:f1fc,443
2a03:b0c0:3:f0:0:1:9855:c000,443
2406:da14:fc6:3d00:e836:91b1:9ad3:7020,443
2a0b:4141:820:105b::2,443
2a01:4f8:c015:d57d::1,2053
2a0f:94c0:201:1::237,8443
2a0b:4141:820:1b23::2,443
2a0b:4141:820:1e5::2,8443
2001:19f0:7002:460:5400:6ff:fe68:bca4,443
2406:da14:3c:b000:c306:cea:d656:401,443
2a0f:85c1:b73:4ef::a,443
2a0b:4141:820:18c3::2,443
2a14:7981:467:74e::,8443
2a03:b0c0:3:f0:0:2:e49:7000,443
2a0b:4141:820:e92::2,443
2a01:ecc0:200:163b::2,443
2a0f:f01:208:947::,2053
2a01:e5c0:591e::2,443
2a03:4000:28:b53:b419:a5ff:fe66:e4a3,443
2a05:9403::f09,8443
2a03:4000:59:8b3::,8443
2a0f:f01:208:296::,443
2a03:4000:4e:6b4:d467:44ff:fe74:506a,443
2406:da14:3c:b000:70bc:dd5a:9a20:d21,443
2a02:8071:5352:fe40:f42d:a0e8:151c:4837,8443
2a07:e01:3:28c::1,443
2600:3c0e::2000:5cff:fed6:1bd3,443
2a0a:8c41::85,8443
2a03:b0c0:3:f0:0:2:cbc:9000,443
2400:8d60:17::3a4e:6290,443
2a03:b0c0:3:f0:0:1:a958:d000,443
2a0b:7140:4:1:5054:ff:fed4:acb2,443
2a0b:4141:820:1763::2,443
2a14:7981:467:662::,8443
2a02:c207:2323:5701::1,2096
2a03:4000:54:6ab:3869:8aff:fe53:f966,443
2a12:bec4:16fc:a84f::1,2083
2a03:b0c0:3:f0:0:1:e1cc:8000,443
2a01:7a7:2:3d47:216:3cff:fec4:cac0,443
2a02:2479:75:f00::1,443
240d:c000:f06f:8c00:76d0:1fe2:bad0:0,443
2003:d0:5724:c7d8:7524:ef32:65ed:cdda,443
2a07:e01:3:258::1,443
2401:c080:1000:3aa2:5400:6ff:fe72:5dd3,443
2a05:9403::1319,443
2a0b:4140:468d::2,443
2a14:7981:470:df::,8443
2406:da14:3c:b001:94c:28ad:5d1d:99a9,443
2a14:7981:470:1a1::,443
2a01:e5c0:59bb::2,443
2a03:4000:13:81c:b457:32ff:fe8d:2832,443
2a0b:4140:4736::2,443
2a01:4f8:c015:14e0::1,8443
2a0f:f01:208:466::,443
2a0f:cdc6:500:2ce2::2,443
2a0b:4140:41aa::2,443
2a0b:4141:820:fa4::2,443
2a01:4f8:c015:dac4::1,443
2a03:4000:45:506:433:30ff:feb0:8726,443
2a01:4f8:c015:939f::1,443
2a03:4000:17:2aa:855:46ff:fe14:f047,443
2a0b:4140:b5bf::2,443
2a0a:8c41::7b,443
2a0b:4141:820:1a5a::2,443
2a0b:4140:be2c::2,443
2a05:9403::881,443
2a14:7981:467:7e2::,443
2001:15e8:110:7d00::127,443
2a03:b0c0:3:f0:0:2:2f90:6000,443
2a03:4000:58:a5:9484:27ff:fefd:88b6,443
2a14:7981:467:757::,443
2a0a:8c44::e7,443
2a0b:4141:820:cf9::2,443
2a03:b0c0:3:f0:0:2:572f:5000,443
2a01:4f8:1c1c:cf8d::1,443
2600:3c0e::2000:74ff:fe8c:866e,443
2001:1600:18:200::196,443
2400:8d60:11::8c4d:af,443
2a03:b0c0:3:f0:0:1:9279:9000,443
2a01:ecc0:40:a14::2,443
2a01:e5c0:5ce3::2,2053
2a03:b0c0:3:f0:0:2:ce8:a000,443
2a03:b0c0:3:f0:0:2:855:6000,443
2a0f:f01:207:11d::,443
2001:41d0:701:1100::79ae,443
2a0b:4141:820:1737::2,443
2a0b:4141:820:1091::2,443
2a01:4f8:1c19:b7a5::1,443
2a14:7981:467:27e::,8443
2001:15e8:110:7d00::2cf,443
2a03:b0c0:3:f0:0:1:fe14:6000,443
2a0a:8c41::a2,443
2a0f:f01:208:52e::,443
2a03:b0c0:3:f0:0:2:e49:3000,443
2a01:e5c0:2c41::2,443
2a03:b0c0:3:f0:0:1:f523:0,443
2a0a:4cc0:40:121:a41d:23ff:fe5f:e868,443
2a01:ecc0:40:ed9::2,8443
2a03:4000:6:8edd:c44d:e7ff:fe72:a674,443
2a03:4000:f:e0:68fc:5aff:fecb:d6cb,2083
2a03:b0c0:3:f0:0:1:e97d:4000,443
2a0f:f01:200:b7::,443
2a0b:4141:820:12fd::2,8443
2a03:4000:6:5d3b:74d5:80ff:fe9b:1053,443
2a01:e5c0:568a::2,443
2a01:4f8:1c18:cf67::1,2053
2a03:4000:53:f18:d437:19ff:fe50:bdcf,8443
2a03:b0c0:3:f0:0:2:df1:4000,443
2a02:c207:3019:3058::1,2053
2a14:7981:467:610::1,8443
2a03:4000:6:247c:881b:5aff:fe31:ad6d,8443
2401:c080:1000:4ec9:5400:6ff:fe5d:9eaf,443
2a02:c207:2289:6054::1,443
2a0b:4140:b9c0::2,8443
2a0f:f01:208:536::,443
2a14:a087:3:115::2,8443
2a03:b0c0:3:f0:0:1:fdde:0,443
2a05:541:177:19::1,443
2a0b:4141:820:c8::2,443
2001:15e8:110:7d00::3bb,443
2a01:e5c0:2a82::2,443
2a03:b0c0:3:f0:0:1:f025:e000,443
2a0c:b847:ffff:133::a,8443
2a03:4000:55:c32:883b:d7ff:fe9b:dee,8443
2a01:ecc0:400:527::2,443
2a01:ecc0:4c0:830::2,443
2a0b:4141:820:1a6::2,443
2a01:7a7:2:3d47:216:3cff:fec0:bd45,443
2a03:b0c0:3:f0:0:2:474c:d000,443
2a05:f480:2000:21ba:5400:5ff:feba:69e5,443
2a0f:9400:7393:1f::114,443
2a01:ecc0:200:1d0b::2,443
2a0f:9400:7393:1f::110,443
2a02:2479:10:e500::1,443
2603:c021:8006:ae10:0:13b2:10b7:df6b,443
2a05:f480:2000:29fe:5400:6ff:fe95:184c,2053
2a03:4000:6:1af3:48a1:2cff:fe8d:50d9,443
2a0b:4141:820:7c1::2,443
2a03:b0c0:3:f0:0:1:97dd:9000,443
2406:da14:db1:5500:bae7:20a1:38ad:1d98,443
2a01:e5c0:5f87::2,8443
2a0b:4141:820:1601::2,2053
2a12:5940:1200::2,2083
2a03:b0c0:3:f0:0:2:ed03:b000,443
2a01:e5c0:4174::2,2053
2a05:9403::a79,443
2a01:e5c0:5cae::2,443
2a12:5940:9468::2,443
2a01:4f8:c015:5b59::1,443
2a09:bac1:3b00:10::16:18f,2083
2a0d:6c2:17:471::,8443
2a13:9500:15f::d9,443
2a12:5940:28eb::2,443
2a01:4f8:c015:e5dc::1,443
2a03:b0c0:3:f0:0:2:432a:c000,443
2a0b:4140:42c9::2,443
2a13:9500:15f::46,443
2a0f:f01:207:53b::,443
2a14:7981:467:7e1::,443
2a12:5940:5567::2,8443
2a0b:4140:5874::2,443
2a03:4000:59:e7f:980a:12ff:fe8d:92b2,443
2a03:b0c0:3:f0:0:1:e1cb:c000,443
2a14:7586:6109:1::225,443
2a0f:f01:207:116::,443
2a01:e5c0:4261::2,443
2406:ef80:4:3d25::1,2083
2a03:4000:13:6d5:8499:86ff:fec9:c20b,443
2a0a:4cc0:80:3165:d812:92ff:fee9:820a,443
2a0a:4cc0:80:41d4:68a5:25ff:fe96:ed43,443
2a03:4000:17:d36:6844:80ff:fe10:8fcb,443
2a05:f480:2000:1614:5400:5ff:fee4:e2df,8443
2a05:9406::1219,2053
2a03:b0c0:3:f0:0:2:2f90:9000,443
2602:f3f2:c0:3f80:782c:af15:5550:d00b,443
2a03:4000:10:7e6:c8cd:91ff:fec9:25df,443
2a03:b0c0:3:f0:0:1:9856:0,443
2a12:bec0:164:12aa::,8443
2a0b:4140:d8d8::2,8443
2a12:5940:5142::2,443
2a12:5940:12ed::2,8443
2a03:4000:6:539c:3863:20ff:fe48:fb00,443
2a01:cb0c:f8f:5d00:3b24:c249:83c5:8a68,443
2a01:4f8:c014:f8a3::1,8443
2a0a:4cc0:80:3121:8837:ebff:feb3:94d7,443
2a0a:8c41::70,8443
2a01:e5c0:29e4::2,8443
2a0b:4140:4f19::2,443
2a03:b0c0:3:f0:0:1:e32a:d000,443
2a0b:4140:b5e1::2,443
2a01:e5c0:279f::2,443
2a01:5e0:36:c773::1,8443
2600:3c0e::2000:bbff:fec4:d5aa,443
2a0c:b641:ce0::90cd:7a3c,443
2a12:5940:2954::2,443
2a01:ecc0:40:378::2,443
2a0b:4140:4804::2,443
2a05:f480:2000:27ca:5400:5ff:fe32:d7f,8443
2a0a:4cc0:80:24af:2445:81ff:fedf:eb18,443
2a12:5940:5272::2,8443
2a01:4f8:1c1f:aaad::1,443
2a05:f480:2000:1aad:5400:4ff:fed5:9c4,8443
2a03:b0c0:2:f0:0:1:987c:7001,2053
2a12:5940:1c1b::2,443
2a0a:8c44::96,443
2a01:ecc0:400:4fb::2,443
2406:da14:6e8:a500:fadd:38c8:ecb9:9eff,443
2a03:b0c0:3:f0:0:1:942c:f000,443
2a01:e5c0:4734::2,8443
2a01:e5c0:4fd7::2,8443
2a03:b0c0:3:f0:0:2:29a1:0,443
2a0f:cdc6:500:2339::2,443
2a03:4000:13:f57:74b3:1bff:fe86:6faa,443
2a01:4f8:c17:7c93::1,443
2a0f:cdc6:500:2660::2,8443
2a01:4f8:1c19:37fe::1,443
2406:da14:1c1c:8100:b46c:1e5a:5acf:3b80,443
2603:c021:8010:ddee:6ab0:3d88:751d:c36d,443
2406:da14:9d2:c900:e53a:33b7:5cc9:2081,8443
2a13:7c81:24a::2,443
2001:15e8:110:7d00::1fe,443
2a05:9403::a59,8443
2a12:5940:5aee::2,443
2a01:e5c0:2cce::2,8443
2406:da14:3c:b002:cba4:4a34:6401:51ad,443
2a13:7c82:107:1f::,8443
2a03:4000:6:ac1:2499:eff:fe79:fee3,443
2a12:5940:1a6d::2,443
2a0b:4140:de69::2,443
2a0d:d940:12:f7::2,8443
2605:e440:30::1:213,443
2a0a:4cc0:61:76c:68f5:74ff:feba:6383,8443
2a03:4000:5f:e5e:88cf:1eff:fe6f:cc70,443
2a03:4000:56:df:28f3:d8ff:feef:ab1b,2053
2a14:640:1:cf5::1,443
2a11:3b80:1::4a91,8443
2a0a:4cc0:80:3d1:a436:d6ff:fe27:978e,443
2a09:bac1:3b00:10::16:241,8443
2a0a:4cc0:80:2314:186e:9dff:fe4f:3640,443
2a12:5940:1743::2,443
2a11:3b80:1::45a1,443
2a03:b0c0:3:f0:0:1:fd65:0,443
2401:c080:1000:18df:5400:6ff:fe6c:5af7,443
2a03:4000:5a:782:682e:6dff:fed1:95ab,443
2a13:9500:15f::1b,443
2a0a:4cc0:61:362:c492:6dff:fe41:9fa5,443
2a05:f480:2400:1913:5400:5ff:fe0d:5e83,2053
2406:da14:3c:b000:15f9:74d9:f607:88c4,443
2a0b:4141:820:b25::2,443
2a03:b0c0:3:f0:0:2:df0:c000,443
2a03:b0c0:3:f0:0:2:ce8:9000,443
2a0b:4141:820:c9d::2,443
2a03:b0c0:3:f0::e79b:9000,443
2a01:e5c0:235e::2,8443
2001:1600:13:101::1878,443
2a0a:4cc0:80:231a:b8fb:84ff:fe4b:6000,443
2a12:5940:a74a::2,8443
2a0b:4140:dd92::2,443
2403:71c0:2000:1a51::a,443
2a03:b0c0:3:f0:0:2:db17:2000,443
2a01:e5c0:445b::2,8443
2a01:e5c0:4dab::2,443
2a01:e5c0:2e3b::2,443
2a0b:4140:d87e::2,443
2a0d:d940:1a:9c3::2,8443
2a03:b0c0:3:f0:0:2:13f0:1000,443
2a05:f480:2000:1ce1:5400:6ff:fe41:4a1f,443
2a03:b0c0:3:f0:0:1:f523:7000,443
2a0c:5700:3133:650:72ee:acff:feac:4b31,2053
2a0d:d940:1a:1a21::2,443
2a0a:4cc0:80:8d:e4ca:b4ff:fefa:b3a9,443
2a01:e5c0:2023::2,443
2403:71c0:2000:1196::a,443
2a0d:d940:14:7e::2,443
2a03:f80:ed15:a70::1,443
2a0f:f01:208:378::,8443
2a03:b0c0:3:f0:0:1:95b0:a000,443
2a0f:cdc6:500:ed9::2,443
2400:8d60:10::516f:d469,443
2a0a:4cc0:0:1cbe:d844:80ff:feb5:caa3,2096
2a03:b0c0:3:f0:0:1:e1cc:2000,443
2a11:3b80:1::5c01,2053
2a0a:4cc0:60:58b:c49a:8aff:fe55:63b7,443
2a0b:4140:d5ec::2,8443
2a01:ecc0:40:264::2,443
2a0b:4140:d4dd::2,443
2a12:5940:10cf::2,443
2a0a:4cc0:80:2316:885c:6fff:feb0:a4f,443
2a0b:4141:820:8aa::2,443
2a14:7981:470:1d1::,2087
2a01:e5c0:4d1f::2,8443
2a0d:f302:143:3eb6::1,443
2a0a:4cc0:80:3100:84dd:67ff:fed7:aa92,443
2a01:ecc0:400:4d7::2,443
2a12:5940:2699::2,443
2a01:e5c0:4004::2,2053
2a14:7981:467:2ac::,8443
2a03:4000:2:77a:6488:d4ff:feb3:d3c7,443
2a03:b0c0:3:f0:0:2:aba9:9000,443
2a01:cb19:765:6500:f864:21ff:fe85:fde4,443
2a12:5940:1053::2,443
2a12:5940:2cfc::2,443
2a14:640:1:e8c1::1,2053
2a03:b0c0:3:f0:0:1:fdb1:5000,443
2a01:e5c0:2869::2,443
2a09:bac5:5064:2432::39b:ec,443
2a0a:4cc0:80:2317:5483:44ff:fec9:263e,443
2a0b:4141:820:aa6::2,443
2a0b:4140:d3f1::2,443
2a01:ecc0:400:b40::2,8443
2a12:5940:5b66::2,8443
2a12:5940:5e53::2,443
2a0a:4cc0:100:129:b4bc:e4ff:fe1c:4a53,443
2a03:4000:10:2ec:4ba:25ff:fe75:8598,443
2a0b:4140:b541::2,443
2a01:e5c0:4d11::2,8443
2a03:b0c0:3:f0:0:2:8e83:7000,443
2a0d:d940:1a:c09::2,443
2a0a:4cc0:80:32dc:64b6:a3ff:fe33:7f83,443
2001:41d0:70b:f100::,8443
2a0a:4cc0:1:20d:a4ba:4fff:fe8c:cc33,2053
2a0b:4140:d11c::2,443
2a0b:4140:dfb9::2,8443
2001:41d0:404:200::5a8,443
2a0d:d940:12:107::2,2053
2a12:5940:60aa::2,443
2a01:ecc0:400:6a3::2,443
2a0b:4140:d119::2,443
2401:c080:1000:186e:5400:6ff:fe1d:82fd,443
2a12:5940:285d::2,443
2a03:b0c0:3:f0:0:2:2f90:7000,443
2a02:c207:2303:2759::1,443
2a12:5940:2e16::2,443
2a01:ecc0:400:446::2,443
2a03:b0c0:3:f0:0:1:9279:f000,443
2a0a:4cc0:0:36e:c43c:4ff:fe9b:3d1f,443
2a0b:4140:5091::2,8443
2a0b:4140:df86::2,8443
2a03:b0c0:3:f0:0:2:db4a:9000,443
2a12:5940:2f6d::2,2096
2a02:6b40:2000:2063::1,8443
2605:e440:4::2bf,443
2a0a:4cc0:80:3e47:18d1:ceff:fe2c:3d9b,443
2a07:e01:3:2cb::1,443
2a03:b0c0:3:f0:0:2:ce8:7000,443
2a12:5940:a796::2,443
2a0a:4cc0:80:2315:a4cc:d3ff:fe19:8f6f,443
2a01:e5c0:40a0::2,2053
2a0f:cdc6:500:1362::2,443
2a0d:f302:129:f9c1::1,443
2a03:b0c0:3:f0:0:2:208:6000,443
2a12:5940:5c63::2,443
2a03:b0c0:3:f0:0:2:9dc1:6000,443
2a0b:4141:820:819::2,443
2a02:c207:2352:5230::1,8443
2a12:5940:2a35::2,8443
2a13:9500:15f::17f,443
2a01:ecc0:40:da::2,8443
2a12:5940:5876::2,2053
2a03:b0c0:3:f0:0:1:e49d:e000,443
2a01:e5c0:432d::2,443
2a0b:4140:d231::2,443
2a01:e5c0:423e::2,8443
2a12:5940:20bf::2,2053
2a01:6f0:ffff:f7d8::1,443
2a05:d011:b51:2502:709a:b9fc:f91d:49f,443
2a01:4f8:c010:544c::1,443
2402:c480:3001:1504:1c00:5dff:fe00:8f1,8443
2a0b:4140:bc10::2,443
2a03:b0c0:3:f0:0:2:2fa6:2000,443
2a03:f80:ed15:8c21::1,443
2a01:e5c0:46a9::2,443
2a12:5940:5312::2,8443
2a12:5940:56f7::2,443
2a01:ecc0:40:a26::2,443
2406:ef80:4:1361::1,443
2a01:ecc0:400:6ad::2,8443
2a05:f480:2400:2321:5400:6ff:fe7c:1d2a,443
2403:71c0:2000:134d::a,443
2605:e440:4::3:23a,443
2a0f:f01:207:59c::,443
2a03:b0c0:3:f0:0:1:f025:1000,443
2a11:3b80:1::28a9,8443
2a03:b0c0:3:f0:0:2:ce8:8000,443
2a0d:d940:1a:269::2,443
2a0f:cdc6:500:2a1b::2,443
2a0d:f302:149:4441::1,8443
2a01:ecc0:200:1c4::2,443
2a14:7981:470:3c6::,443
2a01:e5c0:4ee6::2,443
2a01:ecc0:200:1850::2,443
2a0b:4140:d9c1::2,443
2a0f:cdc6:500:2941::2,8443
2a03:b0c0:3:f0:0:1:f557:b000,443
2a0b:4140:d74c::2,443
2a0d:d940:1a:738::2,443
2a12:5940:2235::2,443
2a12:5940:2635::2,443
2602:f8c0:8:1001:be24:11ff:fe30:6647,443
2400:8d60:8::c75f:2261,443
2a03:4000:6:2ad4:84ab:fbff:fe24:325e,443
2a12:5940:16b6::2,2053
2a01:e5c0:471a::2,2053
2a01:ecc0:200:1c59::2,443
2a0d:f302:120:7668::1,8443
2600:3c09::2000:74ff:fe69:1dee,443
2a12:5940:1c35::2,2083
2a05:f480:2000:1f01:5400:6ff:fe6f:93ee,443
2a01:e5c0:4068::2,2053
2a0d:d940:1a:7206::2,8443
2a0f:cdc6:500:be4::2,443
2a03:b0c0:3:f0:0:1:942d:2000,443
2a0b:4140:dab1::2,2053
2600:3c09::2000:bbff:fec4:7246,443
2a0d:d940:1a:f20::2,443
2a14:640:1:97c5::1,443
2a11:3b80:1::811,443
2a12:5940:5441::2,443
2a01:ecc0:400:268::2,443
2400:8d60:16::6f90:16ec,443
2a12:5940:a96d::2,443
2a0d:f302:152:5038::1,8443
2a03:4000:6:c07:d4ec:8fff:fe17:c5de,8443
2001:41d0:ab00::4:0:409,2053
2a0d:d940:1a:cf8::2,443
2a12:5940:16f7::2,443
2a01:ecc0:40:1e3d::2,443
2a0f:f01:207:41a::,443
2a01:ecc0:200:199::2,443
2a03:b0c0:3:f0:0:2:13f0:6000,443
2a0b:4140:48a4::2,443
2a01:ecc0:40:1c97::2,443
2605:e440:3b::2ac,443
2a0b:4141:820:e37::2,443
2a03:4000:6:5d78:a8f0:9cff:fe74:1290,8443
2a01:ecc0:40:8ca::2,443
2a0f:f01:207:27e::,8443
2a01:ecc0:200:1bd::2,443
2a0f:cdc6:500:27f7::2,443
2a0d:d940:1a:2a0::2,443
2a03:b0c0:3:f0:0:1:f525:a000,443
2a0b:4141:820:180b::2,443
2a01:e5c0:4003::2,443
2a03:b0c0:3:f0:0:2:9dc0:8000,443
2a01:ecc0:40:a1f::2,443
2a01:ecc0:40:ccf::2,8443
2a0f:cdc6:500:3097::2,443
2a0d:d940:12:56::2,443
2a0f:f01:208:ba::,443
2a12:5940:aea0::2,443
2a03:b0c0:3:f0:0:2:fc7:b000,443
2a0d:d940:1a:932::2,443
2a01:ecc0:40:1c7f::2,443
2a0d:d940:1a:f02::2,443
2a0d:f302:114:1c4e::1,2053
2a07:e043:1:11a::1,443
2a0d:f302:141:b363::1,8443
2a01:e5c0:5462::2,443
2a11:3b80:1:0:385::1,2053
2a12:5940:5a94::2,443
2a01:ecc0:400:a4b::2,443
2a0b:4140:d448::2,443
2a01:ecc0:40:12d2::2,443
2a0a:6044:6200:2bd::,443
2a01:e5c0:2ab0::2,443
2400:8d60:16::7afe:cb93,443
2a0d:d940:1a:d96::2,443
2a0d:d940:12:6a::2,443
2a0e:97c0:3f4:1::af5,8443
2001:41d0:701:1100::abfb,443
2a12:5940:6116::2,443
2a11:3b80:1::5139,443
2a01:ecc0:40:235d::2,443
2a01:ecc0:200:14a2::2,8443
2602:fa59:8:937::1,443
2a01:ecc0:d00:237::2,443
2a0b:4140:d456::2,8443
2a0f:cdc6:500:2d8a::2,443
2a0d:6c2:17:55c::,443
2a01:ecc0:200:994::2,443
2a03:b0c0:3:f0:0:2:df1:7000,443
2602:fa59:11:89::1,8443
2a0f:cdc6:500:3128::2,8443
2400:d320:2351:4352::1,8443
2a03:b0c0:3:f0:0:2:7d87:2000,443
2400:d320:2348:1754::1,2087
2a01:ecc0:d00:160::2,8443
2a0b:7140:9:1:5054:ff:fe40:49e7,8443
2a0b:4140:deb0::2,443
2a01:ecc0:d00:170::2,443
2a12:5940:5a6f::2,443
2a12:5940:5abb::2,443
2a0b:4141:820:1266::2,443
2a11:3b80:1::64e9,443
2a0c:16c3:500:66f::c978,8443
2a0f:cdc6:500:1d0d::2,443
2a01:ecc0:4c0:7b2::2,443
2a12:5940:5491::2,2053
2a0f:f01:207:35d::,8443
2a12:5940:5078::2,2053
2a03:b0c0:3:f0:0:2:ebc:4000,443
2a01:e5c0:446b::2,8443
2600:3c0e::2000:caff:fe32:b55,443
2a05:fc1:40:33::3,443
2a01:ecc0:40:15de::2,2053
2a0f:cdc6:500:240::2,443
2a0f:cdc6:500:2f32::2,443
2a14:640:1:6418::1,443
2a0f:cdc6:500:10d::2,8443
2a0b:4140:47c4::2,443
2a12:5940:1dc6::2,8443
2a0b:4140:d7b2::2,443
2605:e440:4::177,2053
2403:71c0:2000:1b59::a,443
2a0f:cdc6:500:2a7a::2,443
2a12:5940:3ed0::2,443
2a12:bec4:1485:504::2,2083
2a01:ecc0:4c0:76b::2,443
2a11:3b80:1::84d1,443
2400:d320:2320:2413::1,8443
2a13:7c81:1ea::2,443
2a0f:cdc6:500:1ec5::2,443
2401:c080:1000:4c73:5400:6ff:fe6f:7112,443
2a0f:cdc6:500:30e0::2,443
2a11:3b80:1:0:3b7::1,443
2a0a:6044:6200:29::2,8443
2a11:3b80:1::8011,443
2a03:b0c0:3:f0:0:2:9dc1:2000,443
2a01:ecc0:200:1856::2,443
2a01:ecc0:40:b19::2,443
2a0d:d940:12:b2::2,443
2a0d:f302:119:4027::1,443
2602:fd6f:100:f::a,443
2a12:5940:52fc::2,8443
2a11:3b80:1::28f9,8443
2a01:ecc0:d00:1e3::2,8443
2a12:bec4:19a4:a83::,443
2a0d:d940:1a:4b::2,443
2a0f:cdc6:500:14ef::2,2053
2a12:5940:1f5a::2,2053
2a05:f480:2400:1df3:5400:5ff:fef2:5066,443
2a0f:cdc6:500:1154::2,443
2a01:ecc0:40:355::2,443
2a01:ecc0:40:189a::2,443
2a12:bec4:1ac1:a50::,443
2a12:bec0:164:118e::,443
2001:14ba:a0fe:1300:8aa2:9eff:fe68:53ed,443
2a01:e5c0:4ef8::2,2053
2a0a:3840:8078:22:0:504e:16b2:1337,443
2001:15e8:110:7d00::805,443
2a0f:cdc6:500:2e52::2,443
2001:19f0:7001:3a3:5400:6ff:fe53:f951,443
2605:e440:4::3:375,443
2a0c:16c3:500:2f6::7395,8443
2a01:ecc0:200:1866::2,8443
2a03:b0c0:3:f0:0:2:e49:8000,443
2a01:ecc0:40:1f0d::2,443
2a0b:4140:5137::2,8443
2a0d:d940:14:1b5::2,443
2405:84c0:8011:e900::,443
2a01:ecc0:40:16ef::2,443
2a0f:cdc6:500:3108::2,443
2a14:1e00:1:56b::2,443
2a03:b0c0:3:f0:0:2:572f:c000,443
2a0b:4140:59d5::2,2053
2a12:5940:3fd7::2,443
2a0d:d940:1a:1aba::2,443
2a11:3b80:1::1819,443
2a12:5940:209d::2,443
2a0a:6044:6200:f2::,2053
2a01:ecc0:200:1391::2,443
2a0c:16c3:500:605::8295,443
2a11:3b80:1::39a1,8443
2a12:5940:59b2::2,443
2a05:fc1:40:66::2,443
2a03:b0c0:3:f0:0:1:fde6:1000,443
2a0c:16c3:500:178::de35,443
2a0f:cdc6:500:1528::2,443
2001:15e8:110:7d00::82e,2053
2a01:ecc0:40:bb1::2,443
2605:e440:4::3:12d,8443
2a01:ecc0:40:20ef::2,443
2a01:ecc0:3c0:9d::2,443
2a0a:6044:6200:1c1::,443
2a0d:d940:1a:b0d::2,443
2603:c021:8006:f500:f682:ead2:53c9:195e,443
2a0d:d940:1a:9be::2,8443
2a01:4f8:1c19:231c::1,443
2a01:ecc0:40:e56::2,443
2a0f:cdc6:500:286d::2,443
2602:fa59:11:236::1,443
2a12:5940:1eaf::2,443
2a01:e5c0:4093::2,443
2a03:cfc0:8000:27::c303:df6f,8443
2a01:ecc0:200:dd3::2,8443
2a01:ecc0:200:286::2,443
2a01:ecc0:40:1b3a::2,443
2a0b:4140:de59::2,2083
2a01:e5c0:2571::2,443
2a03:4000:6:1eff:2852:98ff:fe9e:6951,443
2a0f:f01:208:451::,443
2a0f:cdc6:500:2ab6::2,8443
2a03:b0c0:3:f0:0:1:fce0:7000,443
2a01:ecc0:b00:1e::2,443
2a0b:4140:ddb6::2,443
2a12:bec4:1485:25d::2,443
2a01:ecc0:3c0:16c::2,2053
2a0b:4140:d3df::2,443
2a0f:cdc6:500:27af::2,443
2a01:ecc0:40:953::2,443
2a01:e5c0:2910::2,443
2a03:b0c0:3:f0:0:2:ebc:5000,443
2a01:ecc0:40:15e9::2,443
2a01:e5c0:2025::2,8443
2a01:ecc0:400:711::2,443
2a01:ecc0:b00:164::2,443
2a01:ecc0:40:1b2a::2,443
2a0b:4140:da9e::2,8443
2405:84c0:8011:a500::,443
2a0f:f01:207:329::,443
2a0b:4140:52d0::2,443
2a01:e5c0:293b::2,8443
2a01:ecc0:200:1a8b::2,443
2a0f:cdc6:500:21e0::2,443
2a01:e5c0:2bcf::2,443
2600:3c0e::2000:45ff:fe4a:8ca3,443
2a00:5c20:200:16:8647:9ff:fe2f:6143,8443
2a03:b0c0:3:f0::1512:e000,443
2a0d:d940:12:9d::2,8443
2a0f:cdc6:500:e82::2,443
2a00:bd80:a176:10:543::1,443
2a03:b0c0:3:f0:0:2:572f:7000,443
2a01:ecc0:40:aa1::2,443
2a12:bec4:1485:503::2,2083
2a0d:6c2:17:46b::,443
2a0b:64c0:18:0:1:1:830b:ed48,8443
2a14:a087:3:6d::2,443
2a0f:cdc6:500:810::2,443
2a0f:cdc6:500:13dd::2,443
2a03:4000:6:2d58:8494:72ff:fef0:c83e,8443
2a0b:4141:820:a40::2,8443
2a0b:4140:5cd9::2,443
2400:8d60:8::db7a:b,443
2a01:ecc0:400:26b::2,443
2a12:bec4:1ac1:10::,443
2a01:8640:6:18::a93c:9f38,443
2a11:3b80:1::1c91,443
2a12:5940:293d::2,443
2407:79c0:7bea:a9dc::1,443
2603:c022:6:c700:0:762b:597a:360b,443
2a13:d200:5:6a::1,443
2a11:3b80:1::3661,8443
2a12:5940:9494::2,443
2a12:bec4:1ac1:84::,443
2a11:3b80:1::8039,443
2a12:bec4:1485:55d::2,2083
2a13:d200:5:18c::1,8443
2400:ddc0:c001::1b1,443
2a0c:16c3:500:518::473b,443
2a0a:6044:6200:93::2,443
2a0a:3840:8078:27:0:504e:1b38:1337,443
2a01:e5c0:4da9::2,443
2a01:e5c0:4b56::2,2053
2a12:bec4:1485:4f2::2,443
2a0a:3840:8078:19:0:504e:1332:1337,443
2a12:bec4:1485:21d::2,443
2602:fa59:11:120::1,443
2a0b:4140:b112::2,443
2a12:bec4:1ac1:814::,443
2a12:5940:2ce0::2,443
2a12:5940:5e65::2,443
2a12:bec4:1ac1:26f::,8443
2402:6b00:ec12:c500:211:32ff:fed4:9524,443
2a01:e5c0:4018::2,8443
2a03:b0c0:3:f0:0:1:95b0:c000,443
2a0f:f01:200:c1::,8443
2a0d:d940:1a:74d9::2,443
2a11:3b80:1::3811,443
2a01:ecc0:40:11b2::2,443
2a0b:4141:820:958::2,2053
2a12:5940:2234::2,443
2a0a:3840:8078:25:0:504e:19d0:1337,443
2a12:bec4:1ac1:8d0::,443
2a03:b0c0:3:f0:0:2:edbe:6000,443
2a03:4000:5f:1e2:a4da:b9ff:fe63:9fc8,8443
2a12:bec4:1485:4d6::2,2083
2a03:b0c0:3:f0:0:2:9dc1:4000,443
2a0a:3840:8078:24:0:504e:18ef:1337,2053
2a01:e5c0:4a61::2,443
2a0d:6c2:12:1e4::,443
2a05:fc1:40:272::2,443
2a03:b0c0:3:f0:0:2:ee6e:1000,443
2602:fa59:11:600::1,443
2a03:b0c0:3:f0:0:2:acfc:7000,443
2a0b:4141:820:7b0::2,443
2a01:e5c0:4068::2,443
2a14:640:1:be0d::1,443
2a01:e5c0:4012::2,8443
2a0d:d940:1a:7028::2,443
2a0d:d940:1a:d12::2,443
2a01:ecc0:40:1e5e::2,8443
2a01:e5c0:2280::2,2083
2a14:7580:b04a::a,8443
2a0a:3840:8078:24:0:504e:18f8:1337,2053
2a12:bec4:1ac1:493::,8443
2a0b:4140:db00::2,443
2a0d:d940:1a:daa::2,443
2a12:bec4:1ac1:90a::,443
2001:8e0:40:2:250:56ff:feb1:1d5e,443
2a0b:4140:538c::2,443
2a12:5940:2387::2,443
2a12:bec4:1485:185::2,443
2a01:4f8:1c1b:67bc::1,443
2a01:ecc0:40:11d5::2,443
2a0f:cdc6:500:112d::2,443
2a0d:d940:1a:187b::2,443
2a0b:4141:820:2fd::2,443
2a01:4f8:c010:3dc4::1,8443
2a13:d200:5:1ab::1,8443
2a0d:d940:1a:729b::2,443
2a0b:4140:5a9e::2,443
2a12:bec4:1485:535::2,443
2a0e:dc0:6:8ba1::1,443
2a01:ecc0:400:8b8::2,443
2a01:ecc0:4c0:383::2,443
2a0b:4140:d579::2,8443
2a03:b0c0:3:f0:0:1:97dd:d000,443
2a01:ecc0:40:314::2,443
2a0c:16c3:500:289::5e9c,443
2a01:ecc0:200:9b::2,443
2a13:d201:3:87::1,443
2a12:bec4:1ac1:689::,8443
2a0b:4140:dd1e::2,2087
2a0b:4140:44ed::2,443
2a0e:dc0:6:12b7::1,443
2a01:ecc0:200:1a6e::2,8443
2a01:ecc0:200:1212::2,443
2a11:3b80:1::7689,443
2a0d:c740:2c:2e06::1,443
2a05:fc1:40:2d1::12,2083
2a12:bec4:1ac1:552::,2083
2a12:bec4:1ac1:70f::,8443
2a12:5940:53b6::2,8443
2a01:ecc0:400:86::2,8443
2a0d:6c2:17:b3c::,8443
2a0f:cdc6:500:255::2,443
2602:fa59:8:7b5::1,2053
2a03:b0c0:3:f0:0:2:29a1:1000,443
2a12:bec4:1ac1:b8::,443
2400:8d60:8::a372:f82,443
2a12:bec4:1485:4d1::2,2083
2a12:bec4:1ac1:2f9::,443
2a05:fc1:40:234::2,2053
2a12:bec4:1485:55e::2,2083
2a12:bec4:1485:502::2,2083
2a0b:4140:d4c9::2,443
2a11:3b80:1::8761,443
2a03:b0c0:3:f0:0:1:95b0:e000,443
2a01:ecc0:400:b1b::2,443
2a12:bec4:1485:4c0::2,443
2a03:b0c0:3:f0:0:1:fd75:5000,443
2a12:5940:a7f4::2,8443
2a12:bec4:1485:542::2,443
2a12:bec4:1ac1:13f::,8443
2a10:ab80:3fd:cf::2,443
2a0a:3840:8078:27:0:504e:1b86:1337,443
2a01:ecc0:40:1df5::2,8443
2a0b:4140:da2a::2,8443
2a11:3b80:1::15c9,443
2a0d:d940:1a:dab::2,443
2a12:5940:2197::2,8443
2a0f:cdc6:500:1e60::2,443
2a09:31c0:beef::91,8443
2602:fa59:8:24::1,8443
2a13:d201:0:d5::1,8443
2a12:5940:9165::2,443
2a12:bec4:1ac1:869::,443
2a09:bac1:3b00::2ff:58,443
2a01:7a7:2:3343:216:3cff:fe25:389f,8443
2a0c:16c3:500:264::2d76,443
2a12:bec4:1ac1:48d::,8443
2a0c:16c3:500:263::36ab,443
2a0d:c740:2c:3e28::1,443
2a0c:16c4:500:9a::894a,443
2603:c023:12:747e:0:6487:7c1d:429,443
2400:8902::2000:e5ff:fe97:b44a,443
2a01:ecc0:b00:160::2,8443
2a11:3b80:1::209,8443
2a0c:16c4:500:32e::4e32,443
2a12:5940:2aaa::2,8443
2a03:b0c0:3:f0:0:1:f557:9000,443
2a03:b0c0:3:f0:0:1:fce0:1000,443
2a0a:4cc0:80:234f:c401:43ff:fe17:a7b9,443
2a12:5940:1dd2::2,443
2a12:5940:1995::2,443
2a11:3b80:1::5e09,443
2a12:bec4:1485:3e4::2,443
2a0b:4140:db9c::2,443
2a03:4000:7:653:1460:5aff:fe97:3757,443
2a03:b0c0:3:f0:0:2:299f:e000,443
2a01:e5c0:4d0f::2,8443
2a0c:16c3:500:5b4::9326,443
2a01:ecc0:200:119d::2,8443
2a03:b0c0:3:f0:0:1:f025:3000,443
2a0b:4140:52d1::2,443
2a0a:4cc0:80:231d:d48a:c5ff:fed6:3902,443
2a01:ecc0:40:1ac5::2,443
2a05:541:141:3f::1,8443
2a0a:4cc0:80:2319:142c:f9ff:fecd:e57a,443
2a01:ecc0:200:6f::2,443
2a12:bec4:1485:257::2,2083
2a12:5940:5069::2,8443
2a0f:cdc6:500:1d::2,8443
2400:8d60:8::f8cf:e340,443
2a0b:4140:106c::2,443
2a12:bec4:1ac1:7ed::,8443
2a01:ecc0:40:18e5::2,443
2401:c080:3800:2ebe:5400:6ff:fe8c:fda2,8443
2a0d:d940:12:10f::2,443
2a12:bec4:1485:2fb::2,443
2a11:3b80:1::23d1,443
2a01:e5c0:4678::2,443
2400:ddc0:c001::1a3,443
2a0a:3840:8078:31:0:504e:1f75:1337,443
2a0b:4140:d88a::2,443
2a0e:d600:0:170::2,8443
2a12:5940:5b2e::2,443
2a12:bec4:1ac1:9b7::,8443
2a12:5940:146f::2,443
2a00:bd80:a176:10:535::1,8443
2a01:e5c0:5fd6::2,443
2a01:ecc0:4c0:641::2,8443
2a03:b0c0:3:f0:0:2:29a0:8000,443
2a05:541:141:2e::1,8443
2a01:ecc0:40:930::2,8443
2a12:5940:1736::2,8443
2a12:bec4:1ac1:1ae::,2087
2a0a:3840:8078:19:0:504e:13b9:1337,443
2a01:e5c0:4d07::2,8443
2a01:e5c0:4ebd::2,443
2a0c:16c4:500:1c1::2a63,8443
2a0d:d940:1a:703d::2,443
2a03:b0c0:3:f0:0:2:94dd:f000,443
2a01:ecc0:40:e5::2,443
2a0b:4140:db2c::2,443
2a12:5940:2557::2,443
2a03:b0c0:3:f0:0:1:97dd:7000,443
2a14:640:1:352a::1,443
2a12:5940:2546::2,443
2a12:5940:98aa::2,8443
2400:8d60:8::43d3:1dce,8443
2a01:e5c0:45e2::2,443
2a0f:cdc6:500:218::2,443
2a12:bec4:1ac1:913::,443
2a0f:cdc6:500:17d1::2,443
2a0f:cdc6:500:3017::2,443
2406:da14:1d80:7700:d64:fdc7:2c1b:9e76,443
2a0f:cdc6:500:32b0::2,443
2a0c:16c4:500:1eb::8ad9,443
2a03:cfc0:8004::4:8e,443
2a0b:4140:104e::2,443
2a01:ecc0:40:f80::2,443
2a0e:dc0:6:8c44::1,443
2a0f:cdc6:500:278b::2,443
2a03:4000:8:f74:c472:deff:fe68:2c4b,443
2a03:f80:45:e513::1,8443
2a0a:3840:8078:30:0:504e:1e9d:1337,443
2a01:ecc0:40:1488::2,443
2a05:541:141:16::1,8443
2a03:b0c0:3:f0:0:2:93f:f000,443
2a14:640:1:7e1::1,8443
2a12:bec4:1485:543::2,8443
2a0d:6c2:17:b4b::,443
2400:8d60:9::1fc7:76b2,443
2a03:b0c0:3:f0:0:1:f557:f000,443
2604:86c0:f001:1f:1c::1,443
2a11:3b80:1::8869,443
2a13:d200:5:49e::1,443
2a12:bec4:1ac1:386::,8443
2a01:ecc0:200:9a7::2,443
2a01:ecc0:40:2a9::2,443
2a05:fc1:40:8f::3,443
2a03:b0c0:3:f0:0:1:9e0e:7000,443
2a02:c207:2337:7680::1,443
2a03:4000:2:c09:64f4:66ff:fe05:f0b0,443
2401:c080:3800:3171:5400:6ff:fe99:fbba,443
2a12:bec4:1ac1:22e::,443
2a03:b0c0:3:f0:0:2:db16:f000,443
2a03:b0c0:3:f0:0:1:f025:a000,443
2401:c080:3800:21d5:5400:6ff:fe73:5402,443
2a12:bec4:1ac1:69f::,443
2a00:4b40:1000:5:37:9:171:189,443
2a0f:cdc6:500:2c84::2,443
2a11:3b80:1::1de1,2053
2a01:ecc0:4c0:430::2,443
2a13:d200:5:3ad::1,443
2401:c080:3800:220e:5400:6ff:fe90:af51,443
2603:c023:17:3a00:0:e9cb:2723:bea1,443
2a01:e5c0:2e8a::2,8443
2a0c:16c4:500:597::5e2b,2087
2a10:480:1::109c,443
2a03:b0c0:3:f0:0:1:95b1:2000,443
2a12:bec4:1485:4e7::2,443
240d:1a:9fa:1500:cf8:1c37:e804:73b3,443
2a13:4ac0:20:2e:f816:3eff:fea8:4eb0,443
2a01:ecc0:200:1e5::2,443
2a12:5940:2bd7::2,443
2a03:4000:57:906:4441:2bff:fe4b:e089,443
2401:c080:3800:26a3:5400:6ff:fe08:ba27,443
2a11:3b80:1::64c1,443
2a11:3b80:1::6219,443
2a12:5940:2b81::2,2087
2a01:e5c0:4a14::2,2053
2a0f:cdc6:500:177f::2,443
2a0b:4141:820:10ec::2,443
2a0d:d940:14:bc::2,8443
2605:e440:c::211,443
2a11:3b80:1::1e49,443
2a13:d200:5:48::1,8443
2a11:3b80:1::5831,443
2602:fa59:11:d7::1,443
2a04:3541:8000:1000:f841:feff:fefb:23a6,443
2a0c:16c3:500:647::a485,8443
2a0b:4140:d0b3::2,443
2400:ddc0:c001::211,443
2401:c080:3800:2097:5400:5ff:feeb:9e0b,443
2600:3c0e::2000:69ff:fe27:b0b6,443
2a0b:4140:541d::2,8443
2a0f:f01:208:452::,443
2603:c025:c001:618b:1d0a:8744:7b32:8f24,443
2a12:5940:338c::2,8443
2401:c080:3800:2c6f:5400:5ff:fee0:5f22,443
2a12:bec4:1ac1:248::,2053
2400:8d60:8::339a:5191,443
2a0b:4141:820:933::2,443
2a03:b0c0:3:f0:0:1:e1cc:7000,443
2a12:5940:5878::2,8443
2603:c023:0:90ee:0:31b0:f591:f7bd,443
2603:c023:17:520:0:ba76:421d:d6e7,443
2a0c:16c4:500:5a::8c2a,443
2a0f:cdc6:500:1372::2,443
2001:ce8:77:a::fa4a:2,443
2603:c023:10:457e:c50f:e446:729e:defa,443
2401:c080:1000:52c5:5400:6ff:fe9c:f6a1,443
2a01:ecc0:40:277::2,8443
2a01:ecc0:200:12bb::2,443
2a03:b0c0:3:f0:0:2:ae22:0,2053
2a03:4000:6:5f3c:9463:42ff:fecc:a8e7,2053
2a12:5940:a18b::2,443
2401:c080:1000:2aad:5400:6ff:fe4f:afd7,443
2a0b:4140:df9d::2,2053
2a0f:f01:207:39c::,443
2a01:4f8:c17:e681::1,443
2401:c080:3800:2435:5400:6ff:fe50:1f09,443
2a01:ecc0:40:1e44::2,2087
2a11:3b80:1:0:2ca::1,443
2a0b:4140:5e25::2,443
2603:c023:6:1720:6ab6:c3fd:704b:4111,443
2a0d:d940:14:102::2,443
2400:8d60:8::ffad:90a0,443
2a01:e5c0:4851::2,443
2401:c080:3800:25c8:5400:5ff:fe7a:62c,443
2a01:4f8:c0c:34a::1,443
2602:fa59:8:77c::1,443
2401:c080:3800:350d:5400:6ff:fe72:3a6a,443
2a01:e5c0:4266::2,443
2a00:bd80:a176:10:528::1,8443
2401:c080:3800:37f8:5400:6ff:fe55:d2eb,443
2a01:ecc0:200:f::2,443
2a12:5940:50a6::2,443
2a11:3b80:1:0:211::1,8443
2a0c:16c4:500:46e::e74d,443
2605:e440:39::1:18a,8443
2a01:e5c0:4567::2,8443
2a12:5940:1206::2,443
2a03:b0c0:3:f0:0:2:cd39:8000,443
2a0b:4140:11d4::2,443
2a11:3b80:1::6819,443
2406:da14:3c:b000:d5b3:7b4b:fa55:fefc,443
2401:e9e0:3000::77,443
2a05:541:113:24::1,443
2a04:3544:8000:1000:dceb:63ff:fe5a:7fe5,443
2a03:b0c0:3:f0:0:2:ed87:2000,443
2a12:5940:5bf8::2,8443
2a10:480:1::10af,443
2a03:b0c0:3:f0:0:2:13ef:d000,443
2a01:e5c0:4592::2,8443
2a12:5940:22b0::2,443
2602:fa4f:a30:7394:b7bd:57f4:8357:7687,443
2a0e:dc0:6:9998::2,2087
2a12:5940:13db::2,2053
2a01:ecc0:200:15c::2,443
2a12:5940:5b55::2,443
2a13:d201:3:45::1,443
2a01:ecc0:40:9fc::2,443
2a0f:cdc6:500:98::2,443
2400:8905::2000:39ff:fe0c:b2b4,443
2603:c023:3:2a00:e839:ade8:8c55:8380,443
2a12:5940:506d::2,8443
2a0b:4140:dfea::2,443
2a12:bec0:165:28c::,443
2a05:fc1:40:2e7::2,443
2a05:fc1:40:8f::2,443
2a14:a084:f2fe::2,443
2a01:ecc0:200:786::2,443
2a03:b0c0:3:f0:0:1:f025:b000,443
2a03:4000:59:ea3:848d:6aff:fe8e:a9c0,443
2a00:19a0:3:d3:0:252e:d3b0:1,8443
2a03:b0c0:3:f0:0:1:f557:d000,443
2a01:e5c0:49a7::2,8443
2a0f:cdc6:500:2ef9::2,443
2a05:f480:1800:353a:5400:6ff:fe59:2102,8443
2605:e440:4::3:376,8443
2a01:e5c0:2b86::2,2053
2a01:e5c0:46e2::2,2053
2a13:4ac0:8:0:f816:3eff:fe4a:d059,443
2607:8700:3100:1e61::2,443
2a12:5940:63f8::2,443
2a14:a084:f333::2,443
2a0b:4141:820:1ae7::2,443
2a0b:4141:820:6e4::2,2083
2a12:5940:50f7::2,443
2a11:3b80:1::11c9,443
2a0a:4cc0:0:1e49:7816:c6ff:febb:ae66,443
2a0a:3840:8078:23:0:504e:17a5:1337,443
2400:8d60:8::7c6d:8f53,443
2a0b:4140:d494::2,2053
2a07:7c80:502::fec6,443
2a05:fc1:40:3a::16,2053
2602:fa4f:a30:bb8e:1676:439c:fbaa:8086,443
2a01:ecc0:4c0:3b::2,443
2603:c023:0:c12:2551:1093:fd21:33c6,443
2a14:a084:f3e6::2,443
2a09:bac1:3b60::252:9b,443
2a0b:4140:dfa0::2,2083
2603:c023:8:9000:133c:e491:c918:5765,443
2a03:b0c0:3:f0:0:1:9e66:e000,443
2401:c080:3800:392e:5400:6ff:fe27:6cfa,443
2401:c080:3800:222e:5400:6ff:fe5d:c78,443
2a02:27ae:8000::259,443
2a01:e5c0:4c4e::2,443
2a12:5940:5708::2,443
2a12:5940:a93a::2,443
2607:8700:3100:b90c::2,443
2a0b:4140:db56::2,443
2a11:3b80:1::2a59,8443
2a01:239:443:db00::1,2053
2a00:19a0:3:d2:0:252e:d2c1:1,8443
2a09:bac1:3b00::252:18,443
2a12:bec4:1485:1a8::2,443
2a01:ecc0:400:6a6::2,443
2a01:e5c0:4384::2,443
2a02:27ae:8000::1b1,443
2400:8d60:8::9efc:b916,8443
2a01:239:2da:a700::1,8443
2a12:5940:20c3::2,443
2a0b:4141:820:494::2,443
2a0d:d940:12:c1::2,443
2a01:239:46a:fa00::1,443
2a12:5940:1a56::2,8443
2a14:a084:f541::2,443
2602:fa4f:b00:3d2b:b103:7c94:1bd4:989b,8443
2401:c080:3800:35d9:5400:6ff:fe58:a48d,443
2a0d:d940:12:b3::2,443
2a11:3b80:1::2d71,443
2a14:a084:f2a0::2,443
2a14:a084:f289::2,443
2a0a:6044:6200:108::2,443
2a14:a084:f1a9::2,443
2a05:f480:2400:141d:5400:5ff:febd:5876,443
2a01:ecc0:40:cab::2,443
2400:8d60:8::c0b0:b2b4,443
2a12:5940:225c::2,443
2a11:3b80:1::26c9,443
2a01:ecc0:200:1303::2,443
2a14:a084:f120::2,443
2a12:5940:53e0::2,443
2a09:bac1:3b40::2ff:66,2083
2400:ddc0:c001::251,443
2603:c023:c:8011:0:58bb:d109:e1ba,2053
2a01:ecc0:200:790::2,443
2a14:a084:f3de::2,2053
2001:ac8:29:96:0:1:c552:aa8b,443
2a02:27ae:8000::f11,443
2a03:4000:6:3e6:94c2:5bff:fe43:dc11,443
2a03:cfc0:8000:7::5fd6:3574,8443
2a05:5504:1::ed01:1,443
2a01:ecc0:a:3e::2,443
2a0f:cdc6:500:c91::2,443
2a11:3b80:1::7da9,443
2a11:3b80:1::25a1,443
2a05:d016:217:1b02:8609:1485:7a71:ca57,443
2a14:a084:f37a::2,443
2a0b:4140:123c::2,2053
2a14:a084:f3cb::2,443
2406:8c00:0:3447:133:18:105:95,443
2400:8905::2000:f7ff:fefa:303e,443
2a02:8071:5120:9100:b6b5:2fff:fed9:f8fe,8443
2a03:b0c0:3:f0:0:2:aeba:8000,443
2a0d:d940:12:fa::2,443
2603:c023:14:5e01:0:c423:dc79:fa77,443
2a01:239:496:ad00::1,443
2a03:4000:35:e6:d8be:80ff:fee2:b6b,8443
2a11:3b80:1::4501,443
2a12:5940:56df::2,443
2a0a:4cc0:61:413:a480:9ff:fe19:af55,443
2603:c023:c:5a75:b769:eb78:3d8f:6c55,443
2401:c080:3800:3c7e:5400:5ff:fefd:94ec,8443
2a01:239:3b7:3500::1,8443
2a00:6d40:72:101::4df,443
2a0f:cdc6:500:31ac::2,443
2a14:a084:f29f::2,443
2603:c023:b:6d00:0:ed20:385d:465c,443
2a01:e5c0:21b8::2,443
2a05:d016:8ab:5e00:3541:bcc5:e7e6:66b5,443
2a12:bec4:1485:1e5::2,443
2a05:d016:16b:5800:338a:aa77:e8dc:2a28,443
2a12:5940:655b::2,443
2a14:640:1:c46::1,443
2a01:ecc0:40:feb::2,443
2a11:3b80:1::5889,443
2a0f:cdc6:500:25c1::2,443
2401:c080:3800:3aba:5400:6ff:fe9a:2d3f,443
2a0f:cdc6:500:28aa::2,443
2a14:a084:f5ab::2,443
2400:8905::2000:acff:feb4:6b56,443
2605:6400:30:fd12:aac2:5917:a3d2:a083,8443
2a11:3b80:1::70a1,443
2a03:b0c0:3:f0:0:2:db6b:b000,443
2a12:4141:fb00:1800::a,443
2a03:b0c0:3:f0:0:1:95b0:b000,443
2a0a:3840:8078:18:0:504e:1235:1337,443
2a01:239:2a5:4500::1,8443
2a09:bac5:27bf:2496::3a5:2e,8443
2401:e9e0:3000::8,443
2001:ac8:29:98:0:1:10fa:44d9,443
2a01:239:2b8:df00::1,8443
2a13:d200:5:283::1,443
2a00:6d40:72:100::27b,443
2400:8d60:8::5cac:7e46,443
2a11:3b80:1::8801,443
2a01:e5c0:2c68::2,443
2a12:bec4:1ac1:45f::,443
2a13:d200:5:48b::1,443
2a0d:d940:1a:c07::2,443
2001:a62:5db:3080::1,443
2a01:e5c0:27af::2,443
2a12:5940:1061::2,443
2a00:6d40:72:100::385,443
2a00:6d40:72:101::52e,443
2a05:f480:3800:138b:5400:6ff:fe91:f974,443
2a01:ecc0:200:1662::2,443
2a00:6d40:72:100::7a6,443
2a11:3b80:1::3199,443
2a14:a084:f3ea::2,8443
2a0b:4140:a788::2,443
2a0a:d687:f005::3b,443
2a14:a084:f169::2,443
2602:fa59:11:5df::1,443
2a12:5940:231f::2,443
2a13:4ac0:8:0:f816:3eff:fe92:c778,2053
2a01:4f8:1c18:a3dd::1,443
2a01:ecc0:200:19e7::2,8443
2a01:239:422:2c00::1,443
2a01:270:9a71::1,8443
2a01:e5c0:4a04::2,443
2a06:1700:2:484::1098:132e,443
2a05:fc1:40:ad::3,8443
2a11:3b80:1::63d9,8443
2a01:ecc0:b00:c8::2,2053
2a09:bac5:42f1:1e14::2ff:92,443
2a0b:4140:ddd6::2,8443
2a03:4000:6:e24b:149d:cbff:fe82:9fc5,443
2a11:840:1:1b:216:3eff:fee4:2acc,8443
2a01:4f8:c014:206a::1,443
2406:da14:1ec3:b700:c280:1b15:70b6:5f42,443
2a14:1e00:1:d66::,443
2a0f:cdc6:500:20ad::2,8443
2001:41d0:ab0a::4:0:171,2053
2400:8905::2000:82ff:fe8f:39df,8443
2a0a:4cc0:0:5e:d4d1:b8ff:fe26:6415,443
2602:fa59:11:45b::1,443
2a01:8640:a::a419:be16,443
2603:c023:14:7b01:0:a501:f728:488d,443
2401:ce20:c:efe:a4af:d4d8:c4f4:9b15,443
2a11:3b80:1::4869,443
2a03:d780:0:732::5103:4846,443
2a12:5940:1c04::2,2083
2a0f:9400:7393:1f::9a,8443
2a11:3b80:1:0:1b6::1,8443
2a01:239:3a6:8d00::1,443
2a04:3541:8000:1000:248d:3fff:fe9f:1eab,443
2a12:5940:5def::2,443
2600:3c0e::2000:79ff:fe24:a310,443
2a11:3b80:1::6b91,443
2401:ce20:c:dd7:1c97:167f:3264:a599,443
2602:fd6f:80::6b,443
2602:fa59:11:21::1,443
2401:c080:1000:2531:5400:6ff:fe52:c4bc,443
2a12:5940:3d41::2,8443
2a01:e5c0:218b::2,2053
2a03:4000:66:dca:c828:13ff:fed2:cf6a,443
2a0f:cdc6:500:2742::2,443
2a14:1e00:1:798::2,8443
2a01:f500:f0:c00::b,2053
2a0e:97c0:3f4:1::1b9,443
2602:fa59:11:1b::1,8443
2a0d:f302:154:8857::1,443
2a13:d201:0:aa::1,443
2a03:b0c0:3:f0:0:2:208:3000,443
2a14:1e00:1:f41::5,443
2a11:3b80:1::26c1,443
2a13:d200:5:261::1,2053
2a0f:f01:208:335::,2053
2a01:239:435:fa00::1,443
2a0b:4140:d419::2,2053
2a01:f500:f0:2c00::a,2053
2a13:d200:5:1e9::1,2096
2a01:ecc0:200:126d::2,443
2a13:4ac0:8:0:f816:3eff:fecf:1238,8443
2a0f:cdc6:500:86e::2,443
2a03:4000:6:b9d1:14c6:f4ff:fe1c:6b69,443
2a01:e5c0:223a::2,443
2a12:a303:11a:34::a,8443
2a03:f80:36:53f3::1,443
2401:e9e0:4000::e2,8443
2403:ad80:89:4c00:15:0:e90c:f5f7,8443
2403:ad80:89:4c00:14:0:c19f:f671,443
2a12:5940:61f4::2,443
2a03:b0c0:3:f0:0:1:e1cb:8000,443
2600:3c0d::2000:30ff:fe75:c531,443
2a03:b0c0:3:f0:0:2:9dc0:c000,443
2403:ad80:89:4c00:15:0:3712:5b0e,443
2a01:ecc0:4c0:317::2,443
2a10:f2c0:aaa8:3737::1,443
2a12:a301:2001::10b9,443
2a05:d016:697:ba00:b70d:d3fe:be0d:7730,443
2a0c:16c3:500:349::b94e,443
2400:8905::f03c:94ff:fee5:748a,443
2a12:a301:2006::102c,443
2403:ad80:89:4c00:15:0:24cb:2d95,443
2a09:bac1:1e60:8::411:1f,2083
2a00:da00:f475:a000::1,443
2a04:3545:1000:720:209e:aff:fe2a:6a52,443
2a0b:4140:5b73::2,443
2a10:f2c0:aaa8:3b9f::1,443
2a01:ecc0:40:25c6::2,443
2402:c480:3000:1514:1c00:62ff:fe00:59f,443
2a10:f2c0:aaa8:3363::1,443
2602:fd6f:110::2e,443
2602:fd6f:100:34::a,443
2a01:239:4e4:ae00::1,8443
2602:fd6f:80::31,443
2a04:3540:1000:310:108c:55ff:fee4:b24,443
2a01:239:468:7b00::1,443
2605:e440:47::304,8443
2a01:ecc0:200:1b75::2,8443
2a10:f2c0:aaa8:603d::1,443
2a01:ecc0:400:68a::2,443
2a11:3b80:1::4ca9,443
2a04:3540:1000:310:8817:f1ff:fe3a:5824,443
2a12:4047:7633:a9a7::1,443
2602:fd6f:80::a8,443
2a0b:4141:820:da6::2,443
2a01:ecc0:40:18ff::2,443
2a12:a303:11a:58::a,443
2607:8700:3100:31b0::2,443
2a01:8640:a::68fa:b627,443
2a04:3545:1000:720:dcc7:1cff:fefa:1ec3,443
2a14:1e00:1:21a::,443
2602:fd6f:110::142,443
2a02:2455:1827:1800:419:f6e5:a522:f710,443
2a04:3540:1000:310:1030:d2ff:fecc:45ea,443
2a0f:cdc6:500:7a3::2,443
2607:8700:3100:1265::2,2096
2a03:b0c0:1:e0:0:1:4eb9:a001,443
2a13:d200:5:67::1,443
2600:3c0d::2000:5eff:fe72:c7f6,443
2a0f:cdc6:500:3199::2,443
2401:e9e0:4000::10f,2083
2403:ad80:89:4c00:15:0:aaf7:8cb,443
2a01:e5c0:2f37::2,2053
2a01:e5c0:4017::2,443
2600:3c0d::2000:3ff:fe35:3d8d,443
2a03:b0c0:3:f0:0:1:fd65:8000,443
2a11:3b80:1::2601,8443
2a14:640:1:cf5::1,8443
2a01:ecc0:40:6cf::2,443
2a13:d201:3:4b::1,443
2a12:5940:349b::2,8443
2a05:541:113:98::1,443
2a03:f480:1:2e::75,8443
2a13:4ac0:8:0:f816:3eff:fe5f:4b0,443
2a04:3545:1000:720:9848:ceff:fe99:5978,8443
2403:ad80:89:4c00:15:0:c2e6:8384,443
2001:15e8:110:7d01::82,443
2a04:3540:1000:310:94cb:8aff:fecb:5ee8,443
2a0d:280:0:5:1111::24,443
2a12:a301:2003::10f8,443
2a0c:5d00:3002::1:61ad:31f2,443
2607:8700:3100:cf00::2,443
2a12:5940:2471::2,8443
2a02:d107:f00a:8001:0:2:0:74,8443
2a03:b0c0:3:f0:0:1:e1cc:0,443
2a03:4000:6:1e3a:8843:51ff:feb3:5045,8443
2a0d:6c2:24:804c::,443
2a04:3540:1000:310:e839:40ff:fe5e:3db9,443
2a01:96e0:0:545:1::641,2087
2a14:1e00:1:781::,2096
2a12:bec0:164:1006::,443
2403:ad80:89:4c00:14:0:aba2:7050,443
2a0d:c740:2c:87de::1,443
2a04:3540:1000:310:847e:c9ff:fee3:36a5,8443
2a12:a301:2013::10d2,443
2a12:a301:2002::1021,443
2001:ce8:147:dd15:714d:774b:18dd:9eeb,443
2a09:bac5:42f2:174b::252:9f,443
2a01:ecc0:4c0:1b::2,443
2a0b:4140:d513::2,8443
2a0a:8c42::237,443
2a03:f480:1:3::60,443
2a01:ecc0:40:1906::2,8443
2a12:a301:2011::10a0,443
2a03:f480:1:a::15,8443
2a04:3545:1000:720:1030:d2ff:fecc:69d7,443
2a0a:8c42::1c,443
2403:71c0:2000:1844::a,443
2a0d:6c2:24:436::,443
2a02:27ab:8000::1261,8443
2a0a:8c42::df,443
2a0b:4140:5579::2,8443
2a12:bec4:1480:62::2,443
2a12:a301:2011::10d8,2053
2602:fd6f:110::6d,443
2a03:f480:1:c::d4,8443
2a00:6d40:72:101::765,443
2a12:5940:2f14::2,443
2a12:b3c0:3:5::1,443
2a03:f480:1:26::be,8443
2a12:5940:34be::2,443
2a00:6d40:72:101::e4,443
2a03:f480:2:3::90,443
2a04:3545:1000:720:64e3:a8ff:feb7:c,443
2a13:d200:5:2ec::1,443
2401:e9e0:4000::ac,443
2a02:27ab:8000::14e1,8443
2a12:a304:4:2f2::a,443
2a0a:8c42::1fe,443
2a03:f480:1:1a::79,443
2a01:e5c0:50cc::2,443
2a03:f480:2:5::f1,8443
2a0c:5d00:2002::a2cc:6b00,443
2a12:a301:2003::1024,443
2a12:a304:4:813::a,443
2a0d:6c2:24:2ac::,443
2a02:27ab:8000::d99,8443
2a02:c207:2347:2004::1,8443
2a12:a301:2009::1090,443
2a0d:6c2:24:35d::,2053
2a02:27ab:8000::b81,8443
2a0d:6c2:24:a04::,443
2a0c:5d00:2002::1635:858,443
2a03:f480:1:15::1d,443
2a0a:9300:1:bc3::1,443
2a11:840:59:1b::f09d:61bd,443
2a02:27ab:8000::469,443
2a05:9404::1849,2053
2a0a:9300:1:392::1,443
2a02:27ab:8000::ad9,8443
2a12:a304:4:3c9::a,443
2a0a:4cc0:61:f13:48d5:e4ff:fef3:8846,443
2a0a:9300:1:a54::1,8443
2a0d:6c2:24:1e3::,443
2602:fa59:11:e7::1,443
2a02:27ab:8000::1269,8443
2a02:27ab:8000::1b81,443
2a0c:5d00:2002::a65:30ca,443
2a0d:6c2:24:a3::,443
2a0c:5d00:2002::848a:682f,443
2a12:a301:2012::1007,443
2a03:f480:1:7::d1,8443
2a12:5940:574c::2,443
2a0c:5d00:3002::1:5202:10a7,8443
2a00:6d40:72:101::4a6,443
2a0d:6c2:24:549::,443
2602:fa4f:a30:6540:64e6:d458:1ffa:af39,443
2a0c:5d00:3002::1:c246:f459,8443
2a0d:6c2:24:2f7::,8443
2602:fa4f:a30:8bc5:c378:27d1:93a0:2427,443
2603:c021:801f:11a1:0:6d34:1434:c832,443
2a03:f480:1:24::44,8443
2a0c:5d00:2002::efdd:840e,443
2a05:9404::1199,443
2a00:6d40:72:27e3::1,443
2a0a:9300:1:15e5::1,443
2a0a:9300:1:1214::1,443
2a04:3540:1000:310:4c3e:19ff:fe0a:3ff8,443
2a12:b3c0:3:56::1,443
2a01:ecc0:200:cb::2,443
2a0c:5d00:3002::adc:3e2e,443
2a0c:5d00:2002::97df:64fb,8443
2a05:9404::661,8443
2a0a:8c42::249,443
2a01:239:438:f00::1,443
2a0d:6c2:24:c0a::,443
2a03:b0c0:3:f0:0:2:fc7:a000,443
2a0c:5d00:2002::abab:e494,443
2a0c:5d00:3002::1:ef57:ca61,443
2a14:1ec7:f710:b861::1,443
2605:e440:4::3:117,443
2a0d:6c2:24:9aa::,443
2a11:6100:0:1caf::,443
2a0a:9300:1:5e::1,443
2a0a:8c42::1e4,443
2a03:f480:1:3::bd,443
2a0c:5d00:3002::7575:334e,443
2a0c:5d00:3002::1:db5c:2e24,443
2a02:c207:2322:294::1,443
2a0c:5d00:3002::1:5505:e0a9,8443
2a03:f480:1:c::95,8443
2a0a:3840:8078:23:0:504e:17d0:1337,443
2a03:f480:1:26::64,443
2a0a:9300:1:f91::1,443
2a0c:5d00:2002::97a6:9c46,443
2a02:27ab:8000::699,8443
2a0c:5d00:3002::1:7f9f:c941,443
2a0c:5d00:2002::b2c2:3c52,8443
2a0c:5d00:3002::1:cfa8:4c86,443
2a05:9404::1b11,8443
2a03:f480:3:2::29,443
2a0c:5d00:3002::1:2ee9:e941,8443
2a0c:5d00:3002::1:24a6:eb2b,8443
2a00:6d40:40:6af9::1,443
2400:d320:2331:6946::1,443
2a01:ecc0:40:74f::2,443
2a03:f480:1:21::94,2083
2a05:9404::1209,443
2a0a:9300:1:1884::1,8443
2a03:f480:2:8::4d,443
2a0d:6c2:24:5ef::,443
2a12:a301:2001::103e,443
2a03:f480:1:24::17,2053
2a14:1ec7:f710:82c::1,8443
2a03:f480:1:15::9b,443
2a01:e5c0:442e::2,443
2a0a:9300:1:a17::1,8443
2a03:f480:1:25::17,443
2400:2410:8781:4f00:486c:dc5a:81b9:554e,443
2a0a:9300:1:e14::1,443
2a0a:9300:1:aea::1,443
2a05:9404::1af9,443
2a0c:5d00:3002::1:848b:53ba,443
2a0c:5d00:2002::b2aa:3769,443
2a03:f480:1:25::67,8443
2a14:1ec7:f710:d232::1,443
2a03:f480:1:1a::13,8443
2a0b:4140:d1b9::2,443
2a04:5201:2::a28,443
2a0c:5d00:2002::a05c:4445,443
2a03:f480:1:27::d1,443
2a0a:9300:1:b49::1,443
2a0d:6c2:24:6c6::,443
2a0c:5d00:3002::1:4438:9fad,443
2a0c:5d00:3002::1:1daf:6e33,8443
2a05:9404::1b21,2053
2a0a:9300:1:962::1,8443
2a13:4ac0:8:2:f816:3eff:feb5:9bf1,443
2a0a:9300:1:10df::1,8443
2a01:239:3a4:a500::1,8443
2a0c:5d00:2002::40ca:ff34,443
2a0c:5d00:2002::5a6b:fc22,443
2602:fd6f:80::2,443
2a0c:5d00:2002::72a4:7b4a,443
2a13:4ac0:8:0:f816:3eff:fe99:233b,2053
2403:ad80:89:4c00:14:0:c6f4:ace7,443
2605:e440:26::9a,8443
2a0c:5d00:2002::a05c:8276,8443
2a12:a301:2006::1031,2053
2a0a:9300:1:dbf::1,443
2a02:27ab:8000::b81,443
2a0c:5d00:2002::a05c:a473,443
2a03:b0c0:3:f0:0:2:cd39:7000,443
2a02:c207:2308:3233::1,443
2a0a:9300:1:1231::1,443
2a0a:9300:1:f84::1,443
2a12:bec4:1483:254::2,8443
2a0a:9300:1:17c9::1,443
2a03:f480:1:11::2,443
2a0c:16c0:510:85a::829c,443
2001:19f0:b800:1ae3:5400:6ff:fe9a:bc79,8443
2a0d:6c2:24:81b1::,443
2a01:239:344:7f00::1,443
2a0d:6c2:24:c1::,443
2a0a:9300:1:752::1,8443
2a03:f480:1:a::1f,443
2a0c:16c0:500:30:216:3cff:fe3f:7329,443
2a0a:9300:1:18f8::1,443
2a0c:5d00:3002::1:eac9:3fe2,443
2a0c:5d00:2002::a05c:fa5d,443
2a12:bec4:1ac1:557::,443
2a0c:5d00:3002::1:bfc5:247,443
2a03:f480:2:5::2b,8443
2a0b:4140:59a5::2,443
2a01:8640:f::5f91:1b61,443
2a0c:16c0:515:d70::4e9b,443
2a0c:5d00:3002::1:7445:b648,443
2a0a:9300:1:659::1,443
2a0a:9300:1:1106::1,443
2a0c:5d00:3002::1:b99e:ca39,443
2a0c:16c0:510:c28::7e94,443
2a0d:6c2:24:844::,8443
2a0c:5d00:3002::1:efe7:f8a8,443
2a0a:9300:1:8ad::1,443
2a11:6100:0:1242::,443
2a03:f480:2:5::57,8443
2a02:8429:8115:bf01:20c:29ff:fe61:739,8443
2a0c:5d00:3002::1:eeb3:769c,443
2a13:7c00:10:25:f816:3eff:fe3b:2812,8443
2a0c:5d00:3002::1:7eeb:3e32,8443
2a0c:5d00:3002::1:8494:97b2,2053
2a0c:16c0:520:7fb::9e6a,443
2a0d:6c2:24:5e2::,443
2a12:5940:32e1::2,443
2a0a:9300:1:548::1,443
2a13:7c00:6:17:f816:3eff:fe13:7947,2053
2a0c:5d00:2002::a05c:f7d9,443
2a0a:9300:1:bed::1,443
2a0d:6c2:24:3f::,443
2a13:adc0:1:0:5054:ff:fe41:2bc5,2087
2a0a:9300:1:2f9::1,443
2a03:f480:2:9::dc,443
2a0c:5d00:3002::1:289b:b277,443
2a0c:16c0:505:57b::85a7,443
2a0c:5d00:3002::1:2732:4665,443
2403:ad80:88:489d::1135,443
2a0c:16c0:510:cd6::78a5,443
2a0c:5d00:3002::1:ddef:c1a7,8443
2a0a:9300:1:241::1,443
2a0d:6c2:24:768::,443
2a03:f480:1:27::8e,443
2a0a:9300:1:52c::1,443
2a0c:16c0:520:261::5c24,443
2a09:cd42:f:42ab::1,443
2a03:f480:2:5::66,443
2a0c:16c0:510:1af::6a85,8443
2a12:5940:1450::2,443
2a03:b0c0:3:f0:0:2:fc7:d000,443
2a0c:5d00:3002::e040:2a81,443
2a12:a304:4:96c::a,8443
2a13:7c00:6:38:f816:3eff:fe13:facf,443
2a0c:5d00:3002::1:1845:6969,8443
2a0c:5d00:2002::7a15:ce06,8443
2a0a:8c40::23f,443
2001:1600:18:202::bb,443
2a01:8640:a::46b3:7b48,443
2400:d320:2326:9399::1,443
2a0a:9300:1:18dc::1,443
2a12:5940:28b9::2,443
2a0c:16c0:505:6fe::b276,2053
2a12:a301:2006::1012,2053
2a10:c943:100::107,8443
2a03:f480:1:d::76,443
2605:e440:47::3bf,443
2a0d:6c2:24:a25::,443
2a13:d200:5:121::1,8443
2a0a:9300:1:11b9::1,8443
2a02:27ac::1749,2083
2a0d:6c2:24:b8e::,443
2a0c:16c0:515:652::9a4b,443
2a02:2880:3:6:f419:63ff:fe03:250f,8443
2a10:1fc0:8::4a21:4f54,443
2a0c:16c0:505:949::539d,443
2a0c:16c0:505:62c::a39b,443
2a0c:16c0:510:a6b::cead,8443
2a03:f480:1:19::c5,443
2a0c:16c0:515:ce8::7ae8,443
2a0c:5d00:3002::1:e0b7:5aa7,443
2a03:f80:372:ed45::1,443
2a03:f480:1:6::87,2083
2a0a:9300:1:1039::1,443
2a0c:16c0:515:563::8cda,2053
2a0c:16c0:515:497::b546,443
2a0c:5d00:3002::1:ca3e:767a,443
2a0c:5d00:3002::1:5b8b:4237,443
2a0a:9300:1:1210::1,443
2a0c:5d00:3002::241a:4fac,8443
2a0c:5d00:2002::da41:c3fa,443
2a04:5201:2::428,8443
2001:41d0:601:1100::5052,443
2a01:e5c0:43c5::2,443
2a0c:16c0:510:7c::476c,443
2a0c:5d00:3002::1:67ea:8252,8443
2a0c:5d00:3002::1:a06b:eb7b,443
2a0c:16c0:520:1be::b425,443
2a0c:5d00:2002::6d72:9834,443
2001:41d0:601:1100::7274,443
2a0c:16c0:510:353::ae98,443
2a01:e5c0:45d7::2,443
2a13:4ac0:8:2:f816:3eff:fef8:d2a5,8443
2a0c:16c0:510:1055::ab2d,443
2a0a:9300:1:175c::1,443
2a0c:16c0:520:7c7::29d5,8443
2a01:ecc0:40:1ba4::2,443
2a0d:d940:1a:287::2,8443
2a03:f80:372:cd51::1,443
2a0c:16c0:505:5e2::a358,8443
2a10:c943:100::57c,443
2a0c:5d00:3002::cb4b:8592,2053
2a0c:16c0:505:c13::ad24,443
2a0c:16c0:505:6f0::5e62,8443
2a12:5940:31c1::2,8443
2a10:c943:100::664,443
2a0a:9300:1:2be::1,443
2a13:7c00:10:16:f816:3eff:fe8f:44de,443
2a0c:5d00:2002::21f0:2c20,8443
2a0c:16c0:515:842::c47e,443
2a03:f480:2:9::7f,443
2a0a:8c40::231,8443
2a0c:5d00:3002::dc84:6536,443
2a0c:5d00:3002::1:4c5d:33d,443
2a0c:5d00:2002::4cac:e8ce,443
2a13:7c00:10:11:f816:3eff:fe7a:d566,443
2a0c:5d00:2002::5aee:9ce2,8443
2a13:adc0:1:0:5054:ff:fe36:9b25,443
2a0c:16c0:515:3f8::3ba8,8443
2a01:239:478:fc00::1,443
2a0c:5d00:3002::1:33bc:6173,443
2a12:bec4:1483:ee::2,443
2a11:3b80:1::5699,443
2a0c:5d00:3002::9eeb:afad,2053
2a0c:16c0:510:d2c::378b,443
2a12:a301:2008::10aa,443
2a0a:9300:1:250::1,443
2a0b:4140:d93f::2,443
2a0c:16c0:510:9fb::2be3,8443
2a12:a301:2005::10fe,443
2a13:7c00:6:35:f816:3eff:fe39:765a,443
2a0c:16c0:505:a27::db38,443
2a0c:16c0:505:903::b3a6,443
2a0c:5d00:3002::1:1102:2d13,8443
2a13:7c00:6:26:f816:3eff:fea1:6a0c,443
2a0c:16c0:510:a45::67ba,443
2a0c:16c0:510:88c::a526,8443
2a12:bec4:1483:6ba::2,8443
2a01:96e0:0:545:1::25c,443
2a0c:5d00:3002::1:8455:dc9a,443
2a13:7c00:6:8:f816:3eff:fe08:a434,443
2a0a:9300:1:b6b::1,8443
2a0c:16c0:520:6a0::369c,443
2a0a:9300:1:268::1,443
2a0a:9300:1:68e::1,443
2a12:bec4:1483:4c::2,8443
2a0c:16c0:510:c1e::a49c,8443
2a13:7c00:6:32:f816:3eff:fe37:15a4,443
2a0c:16c0:505:27f::9b5c,443
2a12:a304:4:43f::a,443
2403:71c0:2000:19e6::a,443
2a03:f480:1:24::98,443
2001:41d0:601:1100::2de7,8443
2a01:ecc0:40:117::2,443
2a0c:16c0:520:382::654e,443
2a02:27ac::9d9,443
2a0a:9300:1:19d8::1,443
2a0c:16c0:505:f4::d8b2,443
2a0c:16c0:520:865::b28c,443
2a0c:5d00:3002::1:e9b:2da6,443
2a0c:16c0:505:3c5::bc85,443
2a0c:5d00:3002::a4d6:f68e,443
2a0a:8c40::b3,443
2a0c:5d00:3002::1:18ad:43f7,443
2a0c:5d00:2002::c72e:6326,443
2a12:bec4:1483:159::2,443
2a0c:16c0:520:1e2::7ce3,443
2a0a:8c40::26d,2087
2a0c:16c0:515:248::de73,443
2403:71c0:2000:1324::a,443
2a03:4000:60:733:84ae:31ff:fe26:ed80,2087
2a11:3b80:1::2959,443
2a0a:9300:1:360::1,443
2a13:7c00:6:26:f816:3eff:fed9:2382,443
2a13:7c00:6:33:f816:3eff:fe34:8982,443
2a13:7c00:6:6:f816:3eff:fea4:928c,443
2a13:7c00:6:109:f816:3eff:fe9a:2669,8443
2a0c:5d00:3002::1:bc20:e82b,443
2a13:7c00:10:12:f816:3eff:fe5a:24a7,443
2a13:7c00:10:1:f816:3eff:fec9:9dfe,8443
2a13:7c00:6:34:f816:3eff:feb4:fe13,443
2a13:4ac0:8:0:f816:3eff:febc:f951,8443
2001:41d0:a800:1f00::f574:e3d2,8443
2a0a:8c40::3e0,443
2a0a:8c40::291,443
2a13:7c00:6:39:f816:3eff:fe45:971d,443
2a0c:16c0:515:ad7::7db8,443
2a0b:7140:1:1:5054:ff:fe8a:253,443
2a0c:16c0:500:30:216:3cff:fee0:48ae,443
2001:41d0:601:1100::69f2,443
2a13:7c00:10:7:f816:3eff:fe4e:6bbc,443
2a07:4680:0:5:f816:3eff:fe09:bb04,443
2a0a:9300:1:a7d::1,443
2a12:bec4:1483:837::2,443
2a13:7c00:10:2:f816:3eff:feda:d918,443
2a0c:5d00:3002::1:5962:95b2,443
2a13:7c00:6:43:f816:3eff:fead:a581,443
2a0c:16c0:505:25d::45ab,443
2a10:c943:100::64e,443
2a0c:16c0:510:a34::279c,443
2a01:ecc0:400:7b1::2,443
2a12:bec4:1483::2,443
2a0c:5d00:3002::1:32c5:8aae,443
2a03:f80:48:d32c::1,8443
2a07:9280:0:4::1d,443
2a13:7c00:10:14:f816:3eff:fee6:c538,443
2a14:1e00:1:37d::1,443
2a13:7c00:10:21:f816:3eff:fec5:4cea,443
2a13:7c00:6:15:f816:3eff:fe79:c070,8443
2a0c:16c0:505:447::bce9,443
2a0c:16c0:510:b9f::b42a,2053
2a0a:8c40::13b,8443
2406:17c0:0:6::14c4:706e,443
2a10:c943:100::44c,443
2a13:7c00:10:1:f816:3eff:febb:589b,2053
2001:41d0:601:1100::3577,8443
2a13:7c00:10:20:f816:3eff:fef2:a621,443
2a13:7c00:6:47:f816:3eff:fe93:5f72,443
2a0a:9300:1:4c9::1,443
2a13:7c00:6:5:f816:3eff:feb8:eb1d,443
2a13:7c00:10:21:f816:3eff:fe69:1e52,2053
2a0c:16c0:500:30:216:3cff:fed7:364e,443
2a13:7c00:6:37:f816:3eff:fe28:6a5f,443
2a0d:6c2:24:4f0::,443
2602:fd6f:80::6e,8443
2a13:7c00:6:49:f816:3eff:fe4c:f430,443
2a13:7c00:10:16:f816:3eff:fec1:4813,443
2a13:7c00:6:51:f816:3eff:fe05:d1d2,443
2a13:7c00:6:101:f816:3eff:fed3:a827,443
2a02:8106:210:3700:2d69:87a7:d9e5:ef85,443
2a13:7c00:6:53:f816:3eff:fe28:c315,443
2a0c:16c0:510:41e::c7e4,443
2a0c:16c0:510:1f::2d56,443
2a12:bec4:1483:7da::2,443
2a13:7c00:6:42:f816:3eff:feab:b519,8443
2a13:7c00:10:7:f816:3eff:fe36:22b6,443
2a03:f80:372:f35e::1,443
2a03:f80:420:cf23::1,443
2a0c:16c0:500:30:216:3cff:fe82:bc8f,443
2a0c:5d00:3002::ca1d:3558,8443
2a0c:16c0:510:79f::bac3,443
2a13:7c00:10:13:f816:3eff:feb4:4ee,443
2a0c:16c0:510:5b6::28e4,443
2a13:7c00:6:55:f816:3eff:fe26:c6c,443
2a13:d200:5:cd::1,8443
2a0c:16c0:520:563::d38c,443
2a0d:6c2:24:945::,8443
2a13:7c00:6:3:f816:3eff:fe68:7cea,443
2a0c:16c0:510:c4b::267a,443
2a12:bec4:1ac1:88::,443
2a0c:16c0:505:76c::b74d,443
2a0f:cdc6:500:2162::2,8443
2a11:3b80:1::2b29,443
2a0c:5d00:2002::592d:2b4,443
2a0d:6c2:24:6c0::,443
2a0c:16c0:510:78d::59b2,443
2a12:a301:2008::c,443
2a0c:16c0:510:1a5::94de,443
2a13:7c00:10:8:f816:3eff:fe9c:9cdc,8443
2a0c:16c0:515:b22::8ad5,443
2a03:f480:1:26::50,8443
2a0a:9300:1:573::1,443
2a0a:9300:1:645::1,443
2a13:7c00:6:9:f816:3eff:fe22:3887,2053
2a02:27ab:8000::14d1,8443
2a10:c943:100::398,443
2a13:7c00:6:41:f816:3eff:fe69:fb6b,443
2a0c:16c0:510:61c::d84e,8443
2a0c:5d00:2002::4cad:5b31,443
2a0a:9300:1:a77::1,443
2a0c:16c0:520:67b::d42c,8443
2a0e:dc0:2:dede::1,443
2a0c:16c0:515:b19::9c53,443
2a0d:6c2:24:264::,443
2a0c:5d00:3002::ba1c:c85e,443
2605:e440:17::3ce,443
2a0c:16c0:510:11f::c5ab,443
2a13:7c00:6:40:f816:3eff:feff:6d43,443
2a0d:6c2:24:40::,8443
2a0c:5d00:2002::c8bc:7f34,8443
2a04:3542:8000:1000:f841:feff:fefb:5a4,443
2a13:4ac0:8:0:f816:3eff:fe98:7e77,443
2a0c:5d00:3002::97:a9a9,2053
2a13:7c00:6:3:f816:3eff:fe21:edc,443
2a0c:5d00:3002::b561:1b91,443
2a13:7c00:6:49:f816:3eff:feba:bb2c,443
2a13:7c00:6:47:f816:3eff:fe56:320d,443
2a0c:16c0:515:a84::eb3c,443
2001:41d0:601:1100::90a9,443
2a13:7c00:10:11:f816:3eff:fe4c:5e80,443
2a0d:6c2:24:61e::,8443
2a0a:9300:1:d03::1,443
2a0c:5d00:3002::1:9882:159e,8443
2a13:7c00:6:22:f816:3eff:fe8c:27e1,443
2a0a:8c40::253,443
2a12:5940:2267::2,443
2a0a:9300:1:743::1,443
2a11:3b80:1::57d9,443
2a13:7c00:6:24:f816:3eff:fecf:91ed,443
2a0a:9300:1:6e3::1,443
2a0a:9300:1:a7::1,443
2a0a:9300:1:7a0::1,443
2a0c:16c0:500:30:216:3cff:fe06:b24d,443
2a13:7c00:6:35:f816:3eff:fe6d:d230,443
2a13:7c00:6:102:f816:3eff:fe2a:2f51,443
2a13:7c00:6:21:f816:3eff:fe1b:b18,443
2a0d:6c2:24:1e4::,8443
2001:1b28:9:12:72:162:15:25,8443
2a13:7c00:6:35:f816:3eff:fe7f:f57f,443
2603:c023:14:5e01:0:3a16:9102:dd57,443
2a13:7c00:6:54:f816:3eff:fe36:cabb,443
2a0d:6c2:24:8012::,443
2a03:f480:1:1a::c,443
2a0e:dc0:2:d972::1,443
2a01:e5c0:290f::2,8443
2a13:7c00:6:3:f816:3eff:fea6:8348,8443
2a0d:6c2:24:d56::,443
2a0c:16c0:510:ecd::2b6e,443
2a01:ecc0:a:22::2,2083
2a0c:16c0:510:d46::de85,2053
2a0c:5d00:3002::1:e7e0:eb29,443
2a01:e5c0:2547::2,443
2a01:ecc0:200:ad0::2,8443
2a13:7c00:6:26:f816:3eff:fe11:a5de,443
2a0c:5d00:3002::1:453b:a72b,443
2a0c:5d00:2002::85eb:5aab,443
2001:41d0:601:1100::9515,443
2a13:7c00:6:22:f816:3eff:fed3:d593,443
2a13:7c00:10:3:f816:3eff:fea0:5def,443
2a13:7c00:6:11:f816:3eff:fe3b:9b6c,443
2a0c:5d00:2002::445b:dc51,443
2a0a:9300:1:16aa::1,443
2a0d:6c2:24:596::,443
2a13:7c00:6:45:f816:3eff:feef:c019,443
2a0c:5d00:3002::1:32d:97ed,443
2a0b:4141:820:18fa::2,443
2a05:7cc0:0:185:80:128:80:1,443
2a0c:5d00:3002::1:4613:5ca7,443
2a0c:5d00:3002::1:7d1b:1a21,443
2a13:7c00:6:9:f816:3eff:fe07:8015,443
2a13:7c00:6:36:f816:3eff:fe23:a7f6,443
2a04:5201:2::a18,443
2a03:f480:1:26::36,8443
2a0a:9300:1:d03::1,8443
2a0a:9300:1:12fa::1,443
2a0c:5d00:2002::f09e:d279,443
2a05:7cc0:0:185:80:128:24:1,8443
2a0c:5d00:2002::fac2:74ef,443
2a0c:16c0:510:fb7::7ab6,443
2a0c:5d00:2002::571e:f1c,443
2001:41d0:601:1100::6ce0,443
2a05:7cc0:0:185:80:129:84:1,443
2a12:bec4:1483:d0::2,443
2a02:750:23:5::5,8443
2a13:7c00:10:2:f816:3eff:fe5e:b86,443
2a13:7c00:6:55:f816:3eff:fea4:91a9,443
2a03:f480:1:24::5,8443
2a0c:16c0:515:23f::54e6,443
2a13:7c00:6:56:f816:3eff:fe27:eb05,443
2a0c:16c0:510:b57::3b49,443
2a13:d201:7:3e::1,2053
2001:41d0:601:1100::2aa5,443
2a0a:9300:1:e4c::1,443
2a13:7c00:6:57:f816:3eff:fe82:b22c,443
2a0a:8c40::13f,443
2a0c:5d00:3002::1:c2b8:624d,443
2a04:5201:2::94,443
2a0c:16c0:500:30:216:3cff:fe54:4fe1,8443
2a0a:9300:1:16d::1,443
2001:41d0:601:1100::3a7,8443
2a0d:6c2:24:5d3::,443
2a13:4ac0:8:4:f816:3eff:fee1:3d39,443
2a0c:16c0:510:91c::725a,2053
2a0a:9300:1:e36::1,443
2a13:7c00:6:34:f816:3eff:fe6d:9e30,443
2001:41d0:601:1100::5f4a,443
2a13:d201:7:79::1,443
2a12:5940:5b2c::2,443
2a0c:16c0:505:329::462b,443
2a06:1700:1:1f3::3c9f:7665,2053
2a13:7c00:6:44:f816:3eff:fe31:5c7,443
2a02:27ac::1f41,443
2a0c:5d00:3002::71c6:8d61,443
2a0a:8c40::15b,443
2a0c:16c0:505:83c::27e4,8443
2a0c:5d00:2002::3b97:befa,443
2a12:a301:2001::10d2,443
2a13:7c00:6:15:f816:3eff:fe05:4f04,443
2a0c:5d00:2002::da09:437a,443
2a0c:16c0:510:f99::b8ca,443
2a0c:5d00:3002::1:8365:2934,8443
2a04:5201:2::408,443
2a0c:5d00:2002::b982:f659,443
2a0a:9300:1:c7f::1,443
2a05:7cc0:0:185:34:52:147:1,443
2a05:7cc0:0:185:80:128:20:1,443
2a13:7c00:6:49:f816:3eff:fe42:6084,443
2a0c:5d00:3002::1:eb2b:ccec,443
2a12:5940:5429::2,443
2a12:bec4:1ac1:54b::,2083
2a0c:16c0:505:334::2acd,8443
2a0c:5d00:2002::4d0a:90a4,443
2a0c:16c0:505:4fd::9b67,443
2a04:5201:2::7bb,8443
2a11:3b80:1::4dd1,443
2a0c:16c0:505:3c6::6ecb,443
2a0c:16c0:520:406::a32b,8443
2001:41d0:601:1100::50d,443
2400:8d60:10::2300:fed5,443
2a0c:16c0:520:3f0::d685,443
2a0c:16c0:500:30:216:3cff:feeb:6ea6,443
2a0c:5d00:3002::1:c867:6a02,443
2a00:6d40:72:101::f7,443
2a13:7c00:6:2:f816:3eff:fe96:6ee1,443
2a0a:9300:1:63b::1,443
2a03:f480:1:27::f8,8443
2a06:1700:1:214::d1d7:e9e,443
2602:fa4f:a30:bb3a:ee06:c9c0:5b2:c512,2083
2a01:8640:a::d0c2:382a,443
2a0c:16c0:505:608::7de5,443
2001:41d0:601:1100::1642,2053
2a0a:9300:1:c25::1,443
2a13:7c00:6:2:f816:3eff:fec2:3036,443
2a0c:16c0:500:30:216:3cff:fe4c:43fa,443
2a02:27ac::1ac1,443
2a13:adc0:1:0:5054:ff:fef8:e0b,8443
2a0c:16c0:505:678::9b82,443
2a03:f80:381:404b::1,443
2a0c:16c0:510:733::5de8,443
2a0c:16c0:510:b21::6d25,443
2a0c:16c0:510:ca0::4a3c,443
2a03:f80:358:cbb0::1,443
2a02:27ac::1741,8443
2a0c:5d00:2002::189:1ba4,8443
2a13:7c00:6:18:f816:3eff:fee5:e01c,443
2a0c:16c0:520:60b::63bc,8443
2a01:ecc0:1000:ce1::2,443
2a0c:16c0:510:9ba::9a47,8443
2a11:3b80:1::6761,443
2a11:3b80:1::2731,443
2a01:ecc0:6000:113f::2,443
2a0a:8c40::332,2053
2a0c:16c0:515:71e::c67a,8443
2a0f:cdc6:500:2209::2,443
2a12:5940:30ae::2,443
2a11:3b80:1::7de9,443
2a13:7c00:6:28:f816:3eff:fe34:e2aa,8443
2a03:f480:1:a::35,443
2a0c:5d00:3002::1:a329:5141,443
2a0c:16c0:510:91d::72a3,443
2a06:1700:1:212::6705:dbb7,443
2a0c:16c0:500:30:216:3cff:fec5:6142,443
2a11:3b80:1::62f1,8443
2a06:1700:1:1af::f9d3:2064,443
2a03:f80:420:c3f5::1,443
2a01:ecc0:6000:1c6::2,443
2a01:ecc0:5000:41f::2,443
2a13:7c00:6:1:f816:3eff:feae:dc32,443
2a0c:16c0:510:5f6::3d8a,443
2a06:3900:4000::a,443
2a11:3b80:1::76e1,443
2a0c:5d00:3002::1:3108:680e,443
2a12:bec4:1bd0::60,443
2a01:ecc0:4c0:263::2,443
2a13:7c00:6:22:f816:3eff:fee3:31c,8443
2a0c:5d00:3002::d0bf:794c,443
2602:fa4f:a30:b356:f70a:7cc3:fac8:427c,443
2a01:ecc0:6000:412::2,443
2a01:ecc0:6000:82c::2,443
2a01:ecc0:1005:4600::2,443
2a01:ecc0:6000:cb1::2,443
2603:c025:4004:2b01:0:2a5f:ee70:370b,443
2a01:ecc0:1000:c2c::2,443
2a06:1700:1:2ee::586e:7c58,443
2a11:3b80:1::42d1,443
2a0c:16c0:505:893::2943,443
2001:41d0:601:1100::250a,443
2a01:ecc0:6000:e4a::2,443
2a01:ecc0:c80:284::2,443
2a0e:dc0:2:db42::1,443
2a13:7c00:6:28:f816:3eff:fead:794,443
2001:41d0:601:1100::1675,8443
2a0c:5d00:2002::d8ba:49f,443
2a0c:16c0:520:28f::9d2c,8443
2a09:bac5:31cd:286e::407:1a,8443
2a12:bec4:1483:6e4::2,443
2a01:ecc0:6000:bc5::2,443
2a01:ecc0:5000:105::2,443
2a10:c943:100::86a,2053
2a01:ecc0:5000:7d::2,443
2a01:ecc0:500:91e::2,443
2a01:ecc0:5000:ab5::2,8443
2a01:ecc0:5000:cc4::2,443
2a0c:5d00:2002::6bbe:fc5c,443
2400:d320:2300:6267::1,443
2a01:ecc0:540:184::2,8443
2a01:ecc0:c80:142::2,443
2a11:6100:0:14d6::,443
2a11:3b80:1:0:39::1,443
2a11:3b80:1::84e9,443
2400:d320:2338:8978::1,8443
2a0a:8c40::69,2053
2001:41d0:602:dc6:0:ff:fe60:c2be,2053
2a13:7c00:6:21:f816:3eff:fedb:c036,443
2a12:bec4:1483:2be::2,8443
2a11:3b80:1::8371,443
2a0c:5d00:2002::5065:c819,443
2a0c:5d00:3002::1:5ade:80f9,443
2a01:ecc0:6000:f00::2,443
2a01:ecc0:6000:b8::2,443
2001:41d0:601:1100::938d,443
2a01:ecc0:1001:9500::2,443
2a01:ecc0:c80:1a3::2,443
2a11:6100:0:5da0::,443
2a0c:5d00:3002::1:74f1:703f,443
2a12:bec4:1483:246::2,443
2a11:3b80:1::2fa9,443
2a01:ecc0:5000:78b::2,8443
2a01:ecc0:5000:fef::2,443
2a01:ecc0:1000:2084::2,443
2a01:ecc0:1000:2058::2,8443
2a02:fe1:e278:be00:d8f8:b5ab:5f3e:c1c4,8443
2a01:ecc0:6000:682::2,443
2a01:ecc0:1001:1200::2,8443
2a01:ecc0:500:c8::2,443
2a02:27ac::af9,8443
2a01:ecc0:1000:bde::2,8443
2a01:ecc0:6000:3c4::2,443
2a10:c943:100::535,443
2a01:ecc0:6000:ac7::2,443
2a0d:6c2:24:935::,8443
2a01:ecc0:5000:1765::2,443
2a01:ecc0:1002:4b00::2,2053
2a01:ecc0:6000:abd::2,443
2a0c:16c0:520:1b6::a925,443
2a11:3b80:1::41b1,443
2a01:8640:f::fd6a:1f1c,443
2a10:c943:100::52e,2083
2a0a:7d80:3:2::397,443
2a01:ecc0:6000:8ee::2,443
2a11:3b80:1::3c81,443
2a01:ecc0:1006:ae00::2,443
2a13:7c00:6:41:f816:3eff:fe1d:2897,443
2a01:ecc0:1000:d00::2,443
2a13:7c00:6:44:f816:3eff:fe66:6f9f,443
2a0c:5d00:3002::1:cfa:8933,443
2a03:f80:39:b0cf::1,443
2a0b:4140:bc0b::2,443
2a11:3b80:1::3579,443
2a0b:4140:daa0::2,443
2a01:ecc0:1004:9c00::2,443
2a01:ecc0:500:212::2,443
2a01:ecc0:1004:8e00::2,443
2a0c:16c0:505:3eb::b74c,443
2a01:ecc0:5000:17e8::2,443
2a01:ecc0:500:372::2,443
2a01:ecc0:d00:10f::2,8443
2a13:7c00:6:8:f816:3eff:fe6c:b702,443
2406:17c0:0:2::2964:e42d,8443
2602:fa4f:a30:42a4:34a7:e8a0:5135:3e08,443
2a03:f80:358:e1fd::1,443
2a0c:5d00:3002::1:8e4f:ed5c,443
2a01:ecc0:540:17c::2,443
2a10:c943:100::ae0,443
2a14:1e00:1:c65::,443
2a01:ecc0:6000:acc::2,8443
2a01:ecc0:6000:cd8::2,8443
2a01:ecc0:5000:1c1::2,2096
2a01:ecc0:c00:9d::2,443
2a0c:5d00:3002::1:c86d:208,443
2a11:3b80:1::51c9,443
2a01:ecc0:1005:8000::2,443
2a01:ecc0:500:53d::2,443
2602:fa4f:a30:c194:be24:11ff:fe8e:f924,8443
2a10:c943:100::7f2,443
2a01:ecc0:500:54c::2,443
2a10:c943:100::4ba,443
2a11:3b80:1::4f99,8443
2a14:2640:12::245,443
2a01:ecc0:500:714::2,443
2a01:ecc0:b80:18::2,443
2a01:ecc0:5000:1724::2,443
2a01:ecc0:500:543::2,443
2a0b:4140:d523::2,443
2a01:ecc0:6000:9cb::2,443
2001:41d0:601:1100::8588,443
2a01:ecc0:1000:624::2,443
2a0c:16c0:505:bfd::cb6a,2096
2a12:bec4:1484:7a::2,443
2a01:ecc0:1009:4a00::2,443
2a04:3545:1000:720:64e3:a8ff:feb7:be0,8443
2a14:a084:f1fe::2,8443
2a12:bec4:1483:3c9::2,443
2a01:ecc0:1000:1d9b::2,8443
2a01:ecc0:1000:3e00::2,443
2a01:ecc0:1000:1d4c::2,443
2a01:ecc0:500:1bd::2,2053
2a13:7c00:10:3:f816:3eff:fee3:3d12,443
2a01:8640:f::8984:f5c3,443
2602:f864:228:15::a,443
2a0c:16c0:510:d8b::5c4e,443
2a0c:5d00:3002::ae23:b9f3,443
2a01:4f8:fff0:124:4::8c,443
2a0c:16c0:520:797::529d,443
2a01:ecc0:6000:514::2,443
2a01:ecc0:5000:f24::2,443
2a01:ecc0:6000:e0f::2,443
2602:fa4f:a30:9824:82bc:663d:e1e2:5896,443
2a13:d201:7:39::1,443
2602:fa4f:a30:3438:c6b7:cdec:f9ee:3ce3,443
2a0a:9300:1:b7d::1,443
2a06:3900:4000::2,443
2a0c:16c0:520:3fc::6adb,443
2a0c:16c0:520:191::e853,443
2a0a:9300:1:44a::1,8443
2a12:5940:15d4::2,443
2a10:1fc0:8:e7::1,443
2a01:ecc0:1000:1cfc::2,443
2a01:ecc0:6000:bb::2,443
2001:14ba:442b:d800::199,443
2a12:5940:59c9::2,8443
2a0c:16c0:510:ef5::93d5,8443
2a13:7c00:6:53:f816:3eff:fed8:e336,443
2a0f:cdc6:500:24b5::2,443
2a01:ecc0:5000:714::2,8443
2a12:bec4:1483:4d2::2,443
2a13:7c00:10:13:f816:3eff:fec6:596,443
2a10:c943:100::585,443
2a04:2180:dc05:257::64:3,443
2602:fa4f:a30:c194:be24:11ff:fe78:8498,443
2a01:e5c0:109f::2,443
2a13:7c00:10:24:f816:3eff:fe22:352a,443
2a13:a504::18e,8443
2a13:7c00:10:14:f816:3eff:fe73:f44a,2087
2a13:7c00:10:9:f816:3eff:febb:2c5b,443
2a13:7c00:6:102:f816:3eff:fe62:389d,443
2a0c:16c0:520:4e6::7d5c,443
2a01:e5c0:115d::2,443
2a01:e5c0:1361::2,443
2602:fa4f:a30:17bb:b846:d863:e8f6:b488,443
2a0e:dc0:2:543a::1,8443
2a0a:8c40::2f7,8443
2a0d:6c2:24:3dc::,8443
2a03:b0c0:3:f0:0:2:93f:e000,443
2a01:8640:f::12f6:a5fd,8443
2a13:7c00:10:18:f816:3eff:fe0a:89cb,443
2605:e440:47::22b,443
2a13:7c00:6:53:f816:3eff:fe11:348,2053
2a10:c943:100::31d,443
2a01:e5c0:102a::2,443
2a13:7c00:6:15:f816:3eff:fef5:f8e0,8443
2a0c:16c0:515:2b4::65c7,443
2a02:c206:2210:1580::1,443
2003:c3:c703:a500:4398:992c:d36f:9075,443
2a0a:2b41:7:28d6::,443
2a13:7c00:6:33:f816:3eff:feb9:cb24,8443
2a01:4f9:c015:9172::1,443
2a09:81:200:aaaa:f816:3eff:fe62:f909,443
2a13:7c00:6:56:f816:3eff:feb6:47bc,443
2602:fa4f:a30:6108:e71a:cee8:6655:8a59,443
2a06:1700:1:1e5::1f75:3ca2,8443
2a01:e5c0:1496::2,443
2602:fa4f:a30:e81e:6938:30fb:d36e:7518,443
2001:41d0:602:207:11:22:d047:765f,2053
2602:f864:228:55::a,443
2a02:c207:2254:6218::1,8443
2a13:7c00:6:54:f816:3eff:fe1b:27a3,443
2a13:7c00:6:18:f816:3eff:fe9c:6093,443
2a01:e5c0:16f2::2,443
2a13:7c00:6:17:f816:3eff:fed4:46d5,8443
2a01:e5c0:1561::2,8443
2a13:7c00:6:47:f816:3eff:fee7:e532,443
2a13:7c00:6:110:f816:3eff:fe6f:fdab,443
2a02:27ab:8000::1e9,443
2a01:ecc0:540:125::2,8443
2a13:7c00:6:55:f816:3eff:fe5b:1b68,443
2a13:7c00:6:14:f816:3eff:fe83:4b29,8443
2a01:e5c0:13f4::2,8443
2a0a:9300:1:1363::1,443
2a0d:6c2:24:3::,8443
2a01:4f9:c012:15ea::1,2096
2a01:4f9:c011:3d4a::1,443
2a13:7c00:6:33:f816:3eff:fea1:802e,8443
2a06:1700:1:2a1::41be:b6c,8443
2a01:e5c0:18a2::2,8443
2a0d:6c2:24:8a7::,443
2a13:7c00:10:26:f816:3eff:fe06:7b47,8443
2a0c:5d00:2002::60d3:bc5c,8443
2a01:4f9:c015:7b0::1,443
2a01:4f9:c013:5131::1,443
2001:67c:2f5c:2::3d,443
2a01:ecc0:1008:1700::2,8443
2a01:4f9:4b:1682::2,443
2a01:4f9:c014:80f9::1,443
2a13:7c00:6:102:f816:3eff:fe97:daac,443
2a13:7c00:6:48:f816:3eff:fe4c:952d,443
2a12:bec4:1483:34f::2,443
2a0c:9f00:2:7dcb::1,8443
2a01:4f9:c014:50b5::1,443
2a01:4f9:c010:e5f8::1,443
2a04:b540:3000:1::1ff,443
2a13:7c00:6:15:f816:3eff:fe41:569e,443
2a01:5a60:12::40,443
2a01:ecc0:6000:ae3::2,8443
2a01:4f9:c011:b476::1,8443
2a06:1700:1:1bf::cbc9:da8d,2053
2a13:7c00:6:16:f816:3eff:fe4e:8e23,443
2a01:ecc0:6000:fb::2,443
2a01:4f9:c011:46e8::1,443
2a13:4ac0:8:0:f816:3eff:fefd:b9c9,8443
2a02:27ac::f29,443
2a01:5a60:10::c7,443
2a13:7c00:10:23:f816:3eff:fee5:7358,8443
2a01:4f9:c013:1504::1,443
2a13:7c00:6:38:f816:3eff:fe36:77e5,443
2a13:7c00:6:40:f816:3eff:fe2f:818f,443
2a13:7c00:6:35:f816:3eff:fe75:191e,443
2a13:7c00:10:16:f816:3eff:fe70:f0a8,443
2a13:7c00:10:22:f816:3eff:febe:a3e,8443
2a13:7c00:6:14:f816:3eff:fe00:9889,443
2605:e440:26::20e,443
2a01:4f9:c012:4edf::1,443
2a01:4f9:c012:3c9b::1,443
2602:fa59:11:3d::1,443
2a01:4f9:c013:f42::1,443
2a01:4f9:c015:a665::1,443
2a01:4f9:c011:5dfd::1,443
2a0c:16c0:520:ec::a2be,8443
2a01:4f9:c014:6a3c::1,443
2a13:7c00:6:15:f816:3eff:fe53:ea0b,443
2a01:4f9:c014:b095::1,443
2a02:810a:f8d:2400:921b:eff:fea1:664,443
2a01:4f9:4b:46cd::1,443
2a13:7c00:6:2:f816:3eff:fea1:206f,443
2a13:7c00:6:39:f816:3eff:fe81:8508,443
2a0c:16c0:505:5c0::4de6,443
2a01:4f9:c012:f235::1,443
2a01:4f9:c015:8da6::1,443
2a01:ecc0:6000:e6d::2,443
2a01:4f9:c011:2850::1,8443
2a01:ecc0:1000:693::2,443
2a01:4f9:c014:633e::1,8443
2a04:b540:3000:1::a8,443
2a01:4f9:c013:33de::1,2087
2a01:4f9:c014:6418::1,443
2a04:b540:3000:1::36,443
2a13:7c00:6:2:f816:3eff:fec2:1413,443
2a01:ecc0:5000:c8f::2,443
2a01:4f9:c013:18c7::1,443
2a01:4f9:6a:4ccb::2,443
2a01:4f9:c013:e236::1,2087
2a01:4f9:c015:e4b5::1,8443
2a01:e5c0:486b::2,8443
2a05:541:108:37::1,443
2a03:6f01:1:2::2:3a9b,443
2a13:7c00:6:55:f816:3eff:fe83:4048,443
2a13:7c00:10:10:f816:3eff:fe8d:5e9,443
2a01:4f9:c014:aa7d::1,443
2a13:a504::1c8,443
2602:fa4f:a30:2843:2029:9dab:586c:5b4e,443
2a01:ecc0:1003:6a00::2,8443
2a01:4f9:c012:b4ef::1,443
2a01:4f9:c010:80e::1,443
2a01:4f9:3080:2fac::2,443
2a01:4f9:c014:b603::1,443
2a01:4f9:c010:9895::1,8443
2a0d:6c2:24:b21::,443
2a01:4f9:c015:8b96::1,443
2a01:4f9:c013:12e5::1,8443
2a01:4f9:c010:c229::1,443
2a01:4f9:c011:535e::1,443
2a01:4f9:c014:dea6::1,8443
2a01:ecc0:6000:337::2,443
2a01:ecc0:6000:f2c::2,443
2a01:4f9:c015:2508::1,443
2a01:4f9:c014:67da::1,443
2a01:4f9:c014:ea49::1,2053
2a01:4f9:c010:ca81::1,443
2a01:4f9:c010:a69b::1,443
2a01:4f9:c011:94d4::1,443
2a13:7c00:6:31:f816:3eff:fe59:26f2,443
2a01:4f9:c013:5331::1,8443
2a0b:4140:d0ba::2,443
2a01:4f9:c013:33e1::1,443
2a13:7c00:6:52:f816:3eff:fe05:f930,443
2a01:ecc0:6000:3d2::2,443
2a01:4f9:c015:b3c7::1,443
2a10:1fc0:1:0:216:3cff:fee5:ce49,443
2a01:4f9:c012:5c90::1,443
2a01:ecc0:5000:10af::2,443
2a01:4f9:c012:e730::1,443
2a01:4f9:c011:4c7d::1,443
2a01:4f9:c014:9c52::1,443
2a03:f80:372:c1d6::1,8443
2a01:4f9:c014:5064::1,443
2a01:4f9:c012:bf25::1,443
2a01:ecc0:1000:c2c::2,2053
2a01:4f9:c010:cf7c::1,8443
2a01:4f9:c014:cd38::1,443
2a12:bec4:1b50:420::2,2053
2605:e440:29::2ed,443
2a01:4f9:c010:bd62::1,443
2a01:4f9:c013:55f::1,8443
2a01:4f8:fff0:124:3::10,443
2a00:ab00:603:2::3,443
2a01:4f9:c014:30a5::1,8443
2a01:4f9:c014:ec80::1,443
2a01:4f9:c014:4e98::1,443
2a01:4f9:c014:81fe::1,443
2a01:4f9:c014:c2d5::1,8443
2a01:ecc0:540:130::2,443
2a01:4f9:c010:877d::1,443
2a01:4f9:c014:dbe5::1,2096
2a01:4f9:c012:88c8::1,8443
2a12:bec4:1483:344::2,443
2a0c:16c0:510:d6e::4e6a,443
2a03:b0c0:2:f0:0:1:5f95:8001,443
2a01:4f9:c011:6cd8::1,8443
2a0b:4143:0:c0:fb78:352b:6318:9200,2053
2a0b:4141:1820:3e3::2,443
2a13:7c00:10:5:f816:3eff:feb3:1a86,443
2a01:5a60:11::1,443
2a01:4f9:c014:5826::1,8443
2a01:4f9:c015:782::1,443
2a01:4f9:c012:b056::1,443
2605:e440:29::109,443
2a01:4f9:c013:7471::1,443
2a13:7c00:6:101:f816:3eff:fe5e:5760,443
2a01:ecc0:1001:9600::2,443
2a01:4f9:c012:74bc::1,443
2a00:6d40:40:3955::1,443
2a0a:9300:1:dea::1,443
2a0b:4143:0:15f::2,443
2a01:ecc0:6000:6e9::2,443
2a01:4f9:c013:20f9::1,2083
2a01:4f9:c014:61d5::1,8443
2001:14ba:46f2:de00::191,443
2a01:4f9:c014:e6da::1,443
2a01:4f9:c010:d45b::1,8443
2a01:4f9:c011:522d::1,443
2a09:bac1:2180::98:38,443
2400:8d60:10::756a:abfb,443
2a01:4f9:c011:4cde::1,8443
2a01:ecc0:6000:893::2,2053
2a01:4f9:c012:31b::1,443
2a01:4f9:c015:84df::1,443
2a0b:4141:1820:2c2::2,443
2a01:ecc0:5000:3b::2,443
2a01:4f9:c014:7705::1,443
2a0b:4141:1820:46f::2,443
2a01:ecc0:6000:689::2,443
2a01:4f9:c011:710b::1,8443
2a01:ecc0:1002:af00::2,443
2a01:ecc0:1009:b100::2,443
2a01:4f9:c013:33c3::1,443
2a01:4f9:c012:3fa1::1,8443
2a0b:4141:1820:2dc::2,443
2a12:bec4:1b50:49a::2,443
2a01:ecc0:c00:151::2,8443
2a01:4f9:c014:205a::1,8443
2a13:7c00:10:7:f816:3eff:fe31:952c,2053
2a01:4f9:c015:d1a2::1,8443
2a01:4f9:c014:7eb4::1,8443
2a01:4f9:c012:6427::1,443
2a0a:9300:1:b22::1,443
2a03:6f01:1:2::2:6abc,2053
2a12:6fc4:8000::679,443
2a12:bec4:1b50:4f5::2,443
2a03:6f00:4::6192,443
2a01:4f9:c010:cecb::1,443
2a01:4f9:c015:4c24::1,443
2a0b:4141:1820:483::2,443
2a0b:4141:1820:3d5::2,443
2a01:4f9:c015:ff6c::1,443
2a01:4f9:c012:33b7::1,8443
2a12:bec4:1b50:2de::2,443
2a12:5940:53a2::2,443
2a01:ecc0:500:f0::2,8443
2a01:4f9:c012:9a2e::1,8443
2a01:4f9:c011:9e08::1,443
2605:e440:c::1f6,443
2a01:ecc0:6000:a15::2,443
2a0c:b641:6f0:58::2,8443
2a0c:5d00:3002::1:e0e7:66b9,2053
2a01:ecc0:c00:1d9::2,2083
2a0b:4143:0:4e4::2,8443
2a01:4f9:3b:4b1d::1,443
2a12:bec4:1b50:61d::2,443
2a00:ab00:603:2::8,8443
2a10:1fc0:1:0:216:3cff:fe2e:5ab6,443
2a01:ecc0:c80:28e::2,443
2a0b:4143:0:ca::2,8443
2a0b:4141:1820:45c::2,443
2a01:4f9:c011:3ae1::1,443
2a01:4f9:c010:cbcf::1,443
2a12:bec4:1b50:5df::2,443
2a01:4f9:c012:ceae::1,443
2a01:ecc0:1004:4e00::2,443
2a0b:4141:1820:710::2,443
2a01:ecc0:500:695::2,443
2a01:ecc0:1002:3b00::2,443
2a01:4f9:c012:dca::1,8443
2a01:4f9:c015:3ba7::1,8443
2a13:d200:13:33::1,443
2a01:4f9:c014:f39::1,8443
2a01:ecc0:5000:a62::2,8443
2a03:90c0:395::722,8443
2a01:4f9:c012:522d::1,8443
2a12:bec4:1a70:d::2,443
2a04:b540:3000:1::6d,443
2a01:4f9:c012:ca64::1,443
2a01:4f9:c014:d96f::1,8443
2a0d:5600:142:19:0:1:d73e:c62c,443
2a01:4f9:c013:37db::1,443
2a01:4f9:c014:a415::1,443
2a01:4f9:c015:4dd::1,8443
2a01:4f9:c014:3292::1,8443
2a01:ecc0:500:61a::2,443
2a01:4f9:c012:6885::1,443
2a05:541:108:f6::1,2087
2a01:ecc0:400:34::2,443
2a01:4f9:1a:9dec::2,443
2a01:ecc0:1000:bd3::2,443
2a01:4f9:c011:5726::1,443
2a0b:4140:3eb4::2,2087
2a01:4f9:c011:3dd::1,8443
2a01:4f9:c011:2040::1,8443
2a12:c740::54e4:b530,443
2a0c:16c0:515:88::7d32,443
2a01:4f9:c011:17a3::1,8443
2001:978:1001:4e4::,443
2a12:bec4:150:dc::2,443
2a01:ecc0:6000:37c::2,8443
2a06:1301:4100:66b::,443
2a01:4f9:c014:617f::1,443
2a00:7a60:0:3feb::2,8443
2a01:4f9:c012:3081::1,443
2a01:4f9:c012:3248::1,2053
2a0a:2b41:2:46c2::,443
2a03:6f01:1:2::1:133c,443
2a01:ecc0:5000:1711::2,443
2a0d:5600:142:19:0:1:4b08:9e40,443
2a01:ecc0:500:95f::2,8443
2a01:4f9:c014:3698::1,2096
2a03:6f01:1:2::2:1467,8443
2a04:2180:0:1::a6a:a385,8443
2a01:4f9:c014:773b::1,2053
2a01:4f9:c015:7136::1,8443
2a01:ecc0:5000:6c0::2,443
2a01:ecc0:6000:ac2::2,8443
2602:fcc0:3334:4b45::1,443
2605:e440:38::73,8443
2a14:7981:473:f4::,443
2a01:4f9:c013:821e::1,443
2a01:4f9:c011:493c::1,443
2a01:4f9:c013:64ef::1,443
2a01:4f9:c013:7f55::1,443
2a0b:4140:5418::2,443
2a0b:4141:1820:817::2,2053
2a01:4f9:c013:bbcd::1,443
2a01:ecc0:6000:d86::2,443
2a01:4f9:c014:e92e::1,8443
2a03:90c0:395::14a,443
2a03:6f01:1:2::1:b376,443
2a01:4f9:c012:ecb9::1,443
2a03:6f01:1:2::8ce6,2087
2a01:4f9:c011:2558::1,443
2a01:4f9:c014:8838::1,443
2a01:4f9:c014:69ba::1,8443
2a0c:5d00:3002::1:39d5:3423,443
2a13:7c00:10:3:f816:3eff:fead:2052,443
2a0b:4143:0:13d::2,443
2001:978:1001:32b::,443
2a06:fcc0:4::b,443
2a13:7c00:6:18:f816:3eff:feff:fb31,443
2a01:4f9:c015:e3a5::1,443
2a10:f2c0:aaa8:5016::1,8443
2a01:4f9:c011:4602::1,443
2a01:4f9:c014:e852::1,443
2a01:4f9:c014:a195::1,8443
2a01:4f9:c013:712e::1,8443
2a0d:6c2:24:7f::,443
2a0b:4141:1820:660::2,443
2a01:4f9:c015:c738::1,443
2a01:4f9:c012:e92c::1,443
2a01:4f9:c013:3b17::1,443
2a10:c943:100::61a,443
2a06:f907:1:100::6,443
2a01:ecc0:5000:728::2,443
2a0a:2b41:5:dd26::,443
2a01:4f9:c015:fbfb::1,443
2a01:4f9:c013:5eab::1,443
2a01:ecc0:1004:e800::2,2053
2a01:4f9:c011:b9da::1,443
2a01:4f9:c012:37ce::1,8443
2a01:4f9:c012:89aa::1,443
2a01:ecc0:6000:44e::2,443
2a01:ecc0:c80:16b::2,443
2a02:7b40:b0df:8ccc::1,443
2a01:4f9:c014:3ae8::1,8443
2603:c022:8011:a2ef:9bb6:951d:353d:7703,443
2a09:bac5:31cc:5f5::98:48,8443
2a01:ecc0:1005:3400::2,8443
2a01:4f9:c014:4f1b::1,8443
2a01:4f9:c014:901b::1,443
2a0b:4141:1820:3b5::2,443
2605:e440:7::320,8443
2a12:bec4:1d70:5::2,443
2a01:4f9:c010:58e8::1,443
2a0c:16c0:510:710::36e9,2087
2a01:f500:2:4700::a,443
2a03:6f01:1:2::8d8a,443
2a05:541:126:c::1,443
2a03:f80:358:5175::1,443
2a01:4f9:c014:dbe7::1,443
2a01:ecc0:6000:be4::2,8443
2a10:f2c0:aaa8:602f::1,443
2a03:6f01:1:2::1:4774,443
2a01:4f9:c011:8a22::1,443
2a01:4f9:c013:1c2c::1,443
2a01:4f9:c014:46aa::1,443
2a13:7c00:6:52:f816:3eff:feb3:468d,443
2a01:4f9:c014:63a2::1,2053
2a01:4f9:c012:3ae0::1,2096
2605:e440:38::4f,443
2a0c:9f00:2:ac37::1,443
2a03:f80:47:432a::1,443
2a01:4f9:c015:86f::1,8443
2a0b:4141:1820:3f3::2,443
2401:c080:1c02:21e:5400:5ff:fed7:6204,2087
2a01:ecc0:c40:b3::2,8443
2a01:ecc0:500:10f::2,443
2401:c080:1c01:b65:5400:6ff:fe9c:c97f,443
2a01:4f9:c012:dd00::1,443
2a01:ecc0:5000:1e39::2,443
2a01:ecc0:c80:13f::2,443
2a0c:16c0:510:70f::5cde,2083
2a01:ecc0:5000:c39::2,8443
2a01:ecc0:500:6c3::2,443
2a01:ecc0:1000:60c::2,443
2a01:4f9:c014:5159::1,2083
2a0c:5d00:2002::cfb8:f455,443
2a01:4f9:c013:692::1,443
2400:8d60:10::2d61:711b,443
2a01:4f9:c013:7d44::1,443
2a09:bac1:3f40::20b:90,443
2605:e440:7::22a,8443
2a01:ecc0:1001:b200::2,8443
2a10:f2c0:aaa8:604b::1,443
2605:e440:7::3:158,443
2603:c022:801a:cbb:0:b6f1:7d6f:9a5a,443
2a01:4f9:c012:a43::1,443
2a01:ecc0:5000:125c::2,443
2a09:bac5:4733:1a14::299:24,8443
2605:e440:7::3:49,8443
2a09:bac1:3f40::22:10c,8443
2a01:ecc0:1005:6100::2,8443
2a03:f80:371:3788::1,443
2a01:ecc0:5000:1074::2,2087
2a01:4f9:c013:20e1::1,8443
2a03:f80:371:1b37::1,8443
2605:e440:7::1:27c,443
2a01:ecc0:500:5aa::2,8443
2a09:bac5:4731:155::22:12a,443
2a04:6f00:4::4b,8443
2a13:a504::19f,8443
2605:e440:7::41,443
2a01:ecc0:5000:4d4::2,443
2a06:fcc0:2::11,2087
2a01:ecc0:6000:1dd::2,443
2a01:4f9:c011:877c::1,443
2a01:4f9:c013:9a36::1,8443
2605:e440:7::3:4c,443
2a01:ecc0:1004:e100::2,8443
2a01:4f9:c014:16ac::1,8443
2a03:6f01:1:2::1:a8c8,2053
2a01:4f9:c014:cebc::1,8443
240d:c000:f05f:7300:1488:6128:eada:0,443
2a12:bec4:1b50:122::2,443
2a01:4f9:c014:1200::1,443
2a12:c740::4e2f:5e45,443
2a01:4f9:c012:a4c4::1,8443
2a01:ecc0:1000:1340::2,443
2a01:4f9:c012:7d1c::1,443
2a01:ecc0:500:448::2,443
2a09:bac1:3f60::299:8c,443
2a01:ecc0:6000:cf3::2,443
2a01:4f9:c014:a65a::1,443
2a06:1700:1:129::b4f1:2cd9,2096
2a01:ecc0:6000:544::2,443
2603:c022:8000:4588:140:238:26:16,443
2a01:ecc0:6000:988::2,443
2a01:4f9:c013:4fa0::1,443
2a09:bac1:3f60::299:19,443
2a01:ecc0:6000:10f3::2,443
2603:c022:8012:623d:0:3a79:be4f:a108,443
2a09:80:200:0:f816:3eff:fe11:3a,443
2a0a:9300:1:ee0::1,443
2401:c080:1c02:944:5400:6ff:fe96:cfc5,443
2605:e440:7::23f,443
2602:f7f8:8:a02::a,443
2a0a:2b41:5:bb97::,443
2a01:4f9:c014:e210::1,8443
2a01:ecc0:500:777::2,2083
2a01:4f9:c012:6fac::1,443
2603:c022:8014:bfee:0:aa17:fc82:e5fe,443
2a01:ecc0:6000:728::2,443
2605:e440:21::36d,443
2a01:4f9:c010:aa09::1,443
2605:e440:7::ae,8443
2a01:ecc0:40:95d::2,443
2a01:ecc0:540::2,443
2a01:ecc0:6000:ac0::2,443
2a01:ecc0:6000:9d9::2,8443
2605:e440:13::3:13e,443
2a01:4f9:c015:2b7::1,2053
2a12:bec4:1a70:3b::2,443
2a05:541:108:3c::1,443
2a03:b0c0:3:f0:0:1:fd65:e000,443
2a01:ecc0:6000:6fe::2,443
2605:e440:7::3:cf,443
2605:e440:7::9d,443
2a01:4f9:c014:a534::1,443
2a12:6fc2:8000::301,443
2a01:ecc0:1000:1617::2,443
2a01:4f9:c012:f20d::1,443
2a01:8740:1:10b3::8c94,443
2001:978:1001:3c9::,443
2a01:ecc0:1007:3200::2,443
2a01:ecc0:5000:12a4::2,443
2a01:ecc0:6000:a7e::2,443
2603:c022:8010:1901:e023:6217:49f:c3fd,443
2a07:5741:0:2f6::1,443
2a07:5741:0:1585::1,443
2a01:4f9:c015:ad91::1,443
2a01:ecc0:6000:ebc::2,443
2a01:ecc0:6000:916::2,443
2a01:8740:1:e97::4563,443
2a01:ecc0:1004:f600::2,443
2401:c080:1c00:2898:5400:4ff:feac:7e52,8443
2a01:4f9:c014:6e02::1,8443
2a0b:4141:1820:f3::2,443
2a01:4f9:c014:d654::1,443
2a01:4f9:c013:a053::1,443
2a01:4f9:c010:990e::1,443
2605:e440:3c::21,8443
2a01:8740:1:1017::2acd,443
2605:e440:21::122,8443
2a01:ecc0:6000:1144::2,8443
2a01:4f9:c013:5b16::1,443
2a07:5741:0:f1f::1,8443
2a01:4f9:c013:85c9::1,443
2a01:4f9:c013:cdbc::1,443
2a0f:1140:140:12d::2,443
2a06:f907:4001:100::27,443
2605:e440:21::2d6,8443
2a0c:5d00:3005::675e:718f,2096
2a01:8740:1:1089::4bc9,443
2a01:8740:1:10c9::5b3c,443
2a01:8740:1:6ff::9b86,443
2400:8d60:10::c744:e77f,443
2605:e440:13::3:217,443
2a01:4f9:c014:ef92::1,443
2a03:6f01:1:2::2:536,443
2a06:f907:1:101::f7e2:1b2e,443
2a01:4f9:c014:5e4b::1,8443
2a0f:cdc6:500:15e6::2,443
2a01:ecc0:6000:1e6::2,8443
2605:e440:7::36e,8443
2a01:ecc0:5000:16d::2,443
2a01:ecc0:6000:b70::2,443
2605:e440:7::2cd,8443
2a01:ecc0:1000:1d3a::2,443
2a01:4f9:c012:7e65::1,443
2a01:4f9:c011:5f58::1,2083
2a07:5741:0:db6::1,443
2a01:ecc0:1000:1cf3::2,2053
2a01:4f9:c012:d75::1,443
2a01:8740:1:5d0::cd96,443
2a02:27ac::c61,443
2a01:ecc0:1000:1d7b::2,8443
2a01:4f9:c014:c332::1,443
2605:e440:7::2cb,443
2a12:6fc2:8000::599,443
2401:c080:1c02:6b:5400:6ff:fe24:43a2,443
2605:e440:21::31d,8443
2a01:8740:1:eb0::9625,443
2a01:4f9:c014:e09d::1,8443
2a01:ecc0:5000:1aa::2,443
2400:8d60:10::dc5e:3cec,443
2001:1c00:d708:8100:c973:1b19:ee31:c8af,443
2a10:1fc0:1:0:216:3cff:fea0:c3c1,443
2001:978:1001:45f::,8443
2a01:4f9:c011:42a::1,443
2a13:d201:2:bb::1,8443
2a01:8740:1:5c8::36ba,443
2a01:4f9:c015:4714::1,443
2605:e440:7::1:3ab,443
2400:d320:2300:2475::1,443
2605:e440:13::16e,443
2605:e440:13::3:14e,443
2a0a:2b41:1:7e15::,2087
2a01:8740:1:1158::98a4,443
2a01:4f9:c014:3576::1,443
2a0a:2b41:4:91ba::,443
2a01:4f9:c014:4fd8::1,8443
2605:e440:7::3:348,443
2a12:6fc2:8000::3e1,443
2603:c022:8011:a2ef:f2c7:e7bc:45ec:d1d8,443
2a01:4f9:c013:9791::1,8443
2a0b:4141:1820:55c::2,443
2a0f:1140:140:ca::4,8443
2a01:e5c0:7f67::2,2087
2a0d:d940:1c:27::2,443
2a12:bec4:1b50:637::2,443
2a01:8740:1:e18::e473,443
2a0a:2b41:4:ed28::,443
2a01:8740:1:e37::acdb,443
2a03:6f01:1:2::deb3,2053
2a12:5940:bb1b::2,443
2a0b:4140:cf57::2,8443
2a12:bec4:1b50:7d::2,443
2a03:6f01:1:2::c3e7,443
2603:c022:8010:1901:8cbe:5373:96bb:7b86,443
2a12:bec4:1b50:56b::2,8443
2a01:4f9:c015:3486::1,443
2a01:ecc0:1004:a00::2,443
2a01:4f9:c014:31f8::1,443
2a0b:4140:356b::2,443
2a01:8740:1:5e5::c8a9,8443
2a01:8740:1:866::4b57,8443
2a01:ecc0:540:216::2,443
2a01:ecc0:1007:4a00::2,8443
2a01:ecc0:6000:404::2,8443
2400:8500:2002:3176:160:251:209:140,443
2a01:e5c0:633a::2,443
2a0f:1140:140:2af::2,443
2a01:ecc0:1000:c13::2,443
2a0b:4140:90d6::2,8443
2a01:e5c0:618a::2,443
2a12:5940:8ab7::2,443
2a01:ecc0:5000:4db::2,8443
2a06:1700:0:71e::f315:9730,443
2a02:c207:0:5638:250:56ff:fe95:c298,443
2a01:ecc0:1007:f300::2,8443
2a01:ecc0:500:4b9::2,443
2a01:ecc0:500:4ad::2,443
2a01:ecc0:5000:c4::2,443
2a13:7c00:6:111:f816:3eff:fe1b:21ac,443
2a01:8740:1:6bd::ace6,443
2a12:5940:4335::2,8443
2a0b:4140:9da4::2,443
2a00:1838:37:1a6::974e,8443
2a01:ecc0:6000:b::2,443
2a01:4f9:c010:4d90::1,443
2a01:e5c0:7977::2,443
2a0b:4140:ec67::2,443
2a12:5940:bef0::2,8443
2a01:e5c0:2017::2,443
2a01:4f9:c013:91d6::1,443
2a0b:7140:7:1:5054:ff:fe03:a545,443
2a06:1700:1:2e::3738:3043,443
2a01:e5c0:3cf9::2,443
2a0b:4140:cddd::2,2083
2a01:e5c0:634c::2,443
2a0b:4140:cd3d::2,443
2a0b:4140:570d::2,443
2a0b:4140:9b12::2,443
2a12:5940:8a0e::2,443
2a01:e5c0:60be::2,443
2a01:e5c0:33a9::2,443
2a01:4f9:c012:9acd::1,443
2a0b:4140:c596::2,443
2a12:5940:7598::2,443
2a0b:4140:9c1a::2,443
2a01:8740:1:1028::3698,443
2a0b:4140:5673::2,8443
2a0b:4140:39bd::2,443
2a0b:4140:eccb::2,443
2a09:bac5:31c4:505::80:119,443
2a01:e5c0:6e4e::2,443
2a0b:4140:c4d5::2,443
2a01:ecc0:6000:3c8::2,443
2a01:8740:1:10bc::c4a6,443
2a0b:4140:655c::2,443
2a03:f80:370:f15c::1,443
2a01:e5c0:6793::2,443
2a0b:4140:9fa6::2,8443
2a12:3200:1002:20::1,8443
2a01:e5c0:38ab::2,8443
2a0b:4140:ceb1::2,8443
2a0b:4140:3549::2,2083
2a0b:4140:ee8d::2,443
2a01:230:4:cd2::2,443
2a0b:4140:e9b8::2,443
2a0b:4140:353b::2,443
2a0b:4140:90f4::2,8443
2a0b:4140:e560::2,443
2a01:8740:1:fa5::59b8,443
2a01:4f9:c010:99ff::1,8443
2a0b:4140:e843::2,443
2a01:4f9:c012:289a::1,443
2a01:e5c0:7470::2,2053
2a13:a504::e9,443
2a01:230:4:e01::2,2053
2a01:e5c0:7060::2,2053
2a06:1700:0:5fe::5353:e141,443
2a01:4f9:c010:a905::1,443
2605:e440:7::1:31e,443
2001:978:1001:46c::,443
2a0b:4140:663f::2,8443
2a0b:4140:c739::2,443
2a01:e5c0:7742::2,443
2a01:e5c0:605f::2,443
2a0b:4140:320c::2,443
2a0b:4140:394e::2,443
2a01:ecc0:1000:16c2::2,443
2a01:e5c0:7d4b::2,443
2a0b:4140:a305::2,8443
2a0b:4140:3c30::2,8443
2a0b:4140:c1cc::2,2053
2a01:ecc0:6000:6f5::2,2053
2a01:ecc0:1008:8300::2,443
2a0b:4140:cfe0::2,2096
2a0b:4140:cf6e::2,443
2a01:ecc0:1000:9700::2,8443
2a0b:4140:c8f3::2,443
2a01:e5c0:6960::2,443
2a01:ecc0:1000:1d02::2,443
2a0b:4140:6836::2,443
2a01:e5c0:793c::2,8443
2605:e440:38::103,443
2a0c:5d00:3002::95c3:a100,443
2a01:e5c0:3002::2,8443
2a01:e5c0:675b::2,443
2a0b:4140:c6b8::2,8443
2a01:e5c0:7437::2,443
2a0b:4140:38e2::2,443
2a01:ecc0:5000:f9d::2,443
2a0b:4140:3000::2,443
2a06:1700:0:7db::9ec2:e63f,443
2a02:27aa::13f9,443
2a0b:4140:6960::2,443
2a0b:4140:ee48::2,443
2a12:5940:44b9::2,443
2a01:e5c0:64f3::2,443
2a01:e5c0:3dfb::2,443
2a01:e5c0:7b52::2,443
2603:c022:8011:3499:7b8c:e6c5:6c2b:709f,8443
2a0a:2b41:7:16cc::,443
2a0b:4140:6161::2,443
2a0b:4140:524d::2,443
2a0b:4140:687b::2,8443
2a12:5940:4f05::2,443
2a01:e5c0:3bdd::2,443
2a01:e5c0:35bc::2,8443
2401:c080:1c02:e58:5400:6ff:fe13:5c17,443
2a0b:4140:a7ee::2,443
2a01:4f9:c010:766c::1,443
2400:8500:2002:3174:160:251:204:134,443
2a12:bec4:1280:213::2,443
2a0b:4140:34ef::2,443
2a12:5940:c407::2,8443
2a0b:4140:cf13::2,443
2a09:bac5:4731:155::22:99,8443
2400:8500:2002:3176:160:251:209:94,443
2a01:e5c0:7271::2,2053
2a09:bac1:3f20::20b:8f,443
2a12:5940:4248::2,443
2605:e440:38::295,443
2a0b:4140:6852::2,443
2a01:230:4:3ad::2,2053
2a0b:4140:a4d4::2,443
2a01:e5c0:6f7d::2,443
2a0b:4140:e8d9::2,443
2a0b:4140:a1e2::2,443
2a0b:4140:6229::2,443
2603:c022:8001:6c11:bf03:707a:ed83:fcb6,443
2a01:e5c0:79f4::2,443
2a03:6f00:8::3ab7,8443
2a01:e5c0:3385::2,443
2a0b:4140:3e88::2,443
2a0b:4140:a0b0::2,443
2605:e440:13::3:24d,443
2a0b:4140:e2f6::2,443
2a0b:4140:a2e4::2,443
2a01:4f9:c012:2a98::1,8443
2a0b:4140:e34a::2,443
2a01:4f9:c011:61dc::1,443
2a0b:4140:c189::2,8443
2a0b:4140:6976::2,443
2a0b:4140:9926::2,443
2603:c022:8006:43ee:0:276a:9d79:fa53,443
2001:67c:2f4c:2::4b3,443
2a01:e5c0:3615::2,8443
2a0b:4140:c561::2,2053
2a12:5940:47d8::2,443
2603:c022:800e:7856:0:aa17:77d6:5d07,443
2a12:bec4:1a70:167::2,8443
2a12:6fc3:8000::531,443
2a0b:4140:cfcc::2,443
2a01:e5c0:6ee7::2,443
2a12:5940:446b::2,443
2a12:5940:424d::2,443
2a0b:4140:9a49::2,443
2a03:6f00:a::1:f87d,2053
2a01:e5c0:3941::2,8443
2a0b:4140:3399::2,443
2401:c080:1c02:878:5400:5ff:fee9:ed95,443
2a12:5940:8fe1::2,443
2a03:21c0:11::151,8443
2a01:230:4:4e2::2,2053
2a0b:4140:91a0::2,443
2400:8500:2002:3323:163:44:124:82,443
2a01:ecc0:6000:6d6::2,443
2a03:6f02::1:98e,8443
2a01:230:4:a7b::2,2053
2a0b:4140:cbc2::2,8443
2a03:3f40:2:203:0:16:0:4,443
2a01:e5c0:694f::2,443
2a10:f2c0:aaa8:6033::1,8443
2a0b:4140:ea75::2,443
2a01:e5c0:6ec2::2,443
2a0b:4140:a75c::2,443
2a01:4f9:c013:2cb5::1,443
2a0b:4140:64c9::2,443
2a0b:4140:ca3a::2,443
240d:c000:f05f:8900:a2:db7e:3e:0,2053
2a04:6f00:4::6e,443
2a0b:4140:ca5d::2,443
2a12:5940:8061::2,443
2a13:d200:15:3c::1,443
2a0b:4140:c766::2,443
2a0d:6c2:6:bc0::,443
2603:c020:8012:af01:aed5:a52d:5a69:c5ce,443
2a12:5940:c54f::2,8443
2605:e440:7::1:79,443
2a01:4f9:c012:3d65::1,8443
2a0b:4140:9c63::2,443
2a12:5940:cf68::2,443
2a06:dd01::12e9,443
2a01:e5c0:73ed::2,8443
2a05:f480:2c00:175b:5400:4ff:fea6:6a94,8443
2a01:e5c0:6e8d::2,8443
2a0b:4141:1820:7b5::2,443
2a0b:4140:aa3c::2,2053
2a0d:d940:1c:99::2,443
2a01:e5c0:35da::2,8443
2a0b:4140:c3c2::2,2053
2a01:e5c0:7bfb::2,443
2a12:5940:44f9::2,443
240d:c000:f05f:8900:1a7a:3166:f222:0,443
2a10:1fc0:d::389a:930,443
2a13:d200:15:2b::1,443
2a0b:4140:e70f::2,443
2a01:e5c0:30b8::2,443
2a0c:9300:0:b2::1,443
2a03:6f00:a::2:e60,8443
2a12:5940:be98::2,443
2a01:e5c0:62eb::2,443
2a12:bec4:150:a::2,8443
2a01:e5c0:6e0a::2,443
2a13:d200:15:68::1,443
2a10:1fc0:d::6d9c:710,443
2a01:e5c0:398c::2,443
2a0b:4140:6e05::2,443
2a01:e5c0:6224::2,443
2603:c022:8002:f6cc:3392:69f4:eecb:9814,443
2a01:e5c0:6f9b::2,443
2400:8500:2002:3177:160:251:210:41,443
2a0b:4140:6550::2,443
2a01:ecc0:500:688::2,8443
2a01:e5c0:6027::2,443
2a0b:4140:9456::2,443
2a01:ecc0:500:4b4::2,443
2a01:e5c0:604b::2,443
2a0b:4140:9411::2,443
2a01:e5c0:6a1f::2,8443
2a12:5940:4313::2,8443
2a0b:4140:c397::2,443
2001:67c:fd0:102:29::a,443
2a03:6f00:a::1:1884,8443
2a0b:4140:a124::2,8443
2a0b:4140:9700::2,443
2a0b:4140:e86f::2,443
2605:e440:7::2:24a,443
2a01:e5c0:3074::2,443
2a12:bec4:1ac1:558::,443
2a0b:4140:674e::2,8443
2a01:e5c0:6716::2,8443
2a0b:4140:c25a::2,443
2404:a140:17:7::90f8,443
2a12:6fc3:8000::1e1,443
2a13:a500::1b9,443
2a0b:4140:e763::2,443
2a12:5940:4213::2,443
2a0b:4140:69f3::2,443
2a01:ecc0:c80:55::2,443
2a03:6f00:a::2:118a,8443
2a0b:4140:e8d4::2,443
2a0b:4140:c398::2,443
2a01:e5c0:6882::2,443
2a12:5940:c8a3::2,443
2406:da12:b02:5300:b595:3dc6:f641:e596,443
2a01:e5c0:64f6::2,8443
2a0b:4140:6be3::2,443
2a03:6f00:a::2:9ac1,8443
2a12:5940:8b4a::2,443
2a01:e5c0:3eb4::2,443
2a12:5940:83e5::2,443
2a0b:4140:a6e1::2,443
2a0b:4140:cdd5::2,443
2a01:4f9:c012:b5eb::1,443
2a0b:4140:6fef::2,443
2a01:4f9:c010:5db7::1,8443
2a0b:4140:e314::2,2053
2a06:c5c0:900:23::1,443
2a0b:4140:ebe2::2,443
2a0b:4140:682f::2,443
2a03:6f00:a::1:384a,443
2a12:5940:b58d::2,2053
2a01:e5c0:68f8::2,8443
2a06:dd01::461,8443
2a01:e5c0:7f47::2,443
2a0b:4140:c622::2,443
2001:978:1001:59d::,443
2a0b:4140:c0f5::2,443
2a0b:4140:9d32::2,443
2a0b:4140:c369::2,443
2a01:4ff:1f0:e4ac::1,443
2a03:6f00:a::a36b,443
2a0b:4143:0:483::2,443
2a10:1fc0:1:0:216:3cff:fe63:f02e,443
2603:c022:800e:3eaa:0:17de:ef10:c2f1,443
2a0b:4140:c8b2::2,8443
2a0b:4140:6f9e::2,443
2a0b:4140:3872::2,443
2a01:e5c0:6b43::2,443
2a01:e5c0:6f44::2,443
2a0b:4140:a27d::2,8443
2a0b:4140:6308::2,443
2a12:5940:cf9c::2,443
2a12:5940:b5b4::2,443
2a0b:4140:ec36::2,443
2a01:e5c0:3af9::2,443
2a0b:4140:953c::2,8443
2a0b:4140:a43d::2,443
2a01:e5c0:32b3::2,8443
2001:67c:2f4c:2::6a,8443
2a0b:4140:a0c5::2,8443
2a01:e5c0:24de::2,2053
2a0f:cdc6:50:63::1,443
2a0b:4140:341c::2,443
2a0b:4140:3358::2,443
2a0d:d940:2009:18::2,8443
2a0b:4140:c0b5::2,443
2a0b:4140:9a32::2,443
2a12:5940:736b::2,443
2001:67c:2f4c:2::ff,443
2a0b:4140:cc99::2,443
2a0b:4140:653e::2,8443
2a12:5940:41c3::2,443
2401:c080:1c02:43c:5400:6ff:fe59:29d8,8443
2a12:5940:43c1::2,8443
2a01:230:4:df9::2,2053
2a01:e5c0:75f6::2,443
2605:e440:13::3:d4,443
2a01:e5c0:7cb5::2,443
2a03:6f00:a::2:2da6,443
2a0b:4140:e674::2,2083
2a0b:4140:56c8::2,443
2a0b:4140:6ad0::2,8443
2a01:e5c0:794a::2,443
2a0b:4140:6816::2,443
2a01:e5c0:7c98::2,443
2a0d:d940:1c:60::2,8443
2a03:6f00:a::6e74,443
2a01:e5c0:641b::2,443
2a01:e5c0:6def::2,443
2a01:e5c0:3dad::2,443
2a0b:4140:3915::2,443
2a01:e5c0:25b7::2,443
2a0b:4140:329d::2,443
2a12:5940:416d::2,443
2a0b:4140:33d1::2,8443
2a0b:4140:a253::2,443
2a0b:4140:34c4::2,8443
2a0b:4140:96a5::2,443
2a01:e5c0:7899::2,443
2a0b:4140:676d::2,443
2a0b:4140:970e::2,8443
2a01:e5c0:7a4d::2,8443
2a01:e5c0:623f::2,2053
2a01:e5c0:68e5::2,443
2a01:e5c0:6000::2,443
2a03:6f00:a::2:b91f,8443
2a0b:4140:c231::2,2053
2a01:e5c0:6749::2,443
2a12:5940:4abb::2,443
2a0b:4140:950d::2,8443
2a01:e5c0:787b::2,8443
2a12:3200:1002:11::1,8443
2a0b:4140:61d4::2,443
2a0b:4140:e6dc::2,443
2a0b:4140:ed51::2,2053
2a0b:4140:6fa4::2,8443
2a01:230:4:e53::2,2053
2a01:e5c0:3f7c::2,2087
2a0b:4140:a8d6::2,443
2a01:e5c0:318b::2,443
2a0b:4140:9acb::2,8443
2a01:e5c0:77d3::2,443
2a01:e5c0:6ded::2,443
2a01:e5c0:7b4e::2,443
2a01:e5c0:3426::2,443
2a03:6f02::1:7116,8443
2a12:5940:8053::2,443
2a01:e5c0:3e71::2,443
2a01:ecc0:1000:162e::2,443
2a01:e5c0:613a::2,443
2a0b:4140:6667::2,443
2a0b:4140:cdce::2,443
2a0b:4140:c63d::2,443
2001:67c:fd0:102:43::a,8443
2a0b:4140:a7fc::2,443
2a01:230:4:992::2,2053
2a0b:4140:e976::2,2083
2406:da12:ded:2a00:c17c:ad4e:cbd9:b0f1,443
2001:67c:2f4c:2::198,443
2a03:6f00:a::2:a2e7,2087
2a0b:4140:c9b6::2,443
2a01:230:4:c5e::2,443
2a0b:4140:98c4::2,443
2a12:5940:c23b::2,443
2a01:e5c0:732d::2,443
2a0b:4140:e373::2,443
2a01:e5c0:6586::2,2053
2a01:e5c0:7c96::2,2087
2a01:e5c0:7521::2,443
2a01:ecc0:b00:16c::2,443
2a0b:4140:c23a::2,443
2a03:f80:370:1f3::1,8443
2a0b:4140:e261::2,443
2a0b:4140:ef89::2,443
2a0b:4140:cd92::2,8443
2a0b:4140:629f::2,8443
2a12:5940:4586::2,443
2a0b:4140:3aca::2,443
2a0b:4140:e3ca::2,443
2001:67c:2f4c:2::a8,443
2001:67c:2f4c:2::41b,443
2a0b:4140:c336::2,2053
2a12:5940:b8a5::2,443
2a01:e5c0:60f6::2,443
2a04:ac00:a:264::,443
2a01:e5c0:7e91::2,443
2a02:408:7722:54:77:222:32:11,443
2a01:e5c0:70e5::2,8443
2001:67c:2f4c:2::234,443
2605:e440:13::3:18d,443
2a12:5940:4499::2,443
2a01:e5c0:33ac::2,443
2a01:ecc0:500:736::2,443
2a12:5940:b2c4::2,443
2a01:e5c0:3691::2,443
2a0b:4140:c67a::2,443
2a0b:4140:3d52::2,443
2a0b:4140:c5c0::2,8443
2a0b:4140:effc::2,443
2001:67c:2f4c:2::28b,443
2a01:e5c0:6c34::2,443
2a06:dd00:1:4::4e89,443
2a0b:4140:55bb::2,443
2a0b:4140:6279::2,443
2a06:dd00:30:3:365a:60ff:fe47:deaf,8443
2a0b:4140:9e15::2,443
2a0b:4140:5516::2,443
2a0d:d940:1c:1af::2,443
2a03:b0c0:2:d0::142b:9001,8443
2a01:e5c0:6e93::2,443
2605:e440:51::2ed,2053
2a03:90c0:162:1::97,443
2a0b:4140:e18e::2,443
2a01:e5c0:6e3c::2,443
2a0b:8800:580::e8,443
2a01:5a60:2::c6,443
2a0b:4140:c6ff::2,443
2a01:230:4:be0::2,2053
2a0b:4140:ef16::2,443
2a0b:4140:9d21::2,443
2a12:5940:b6ff::2,8443
2a01:230:4:5c9::2,2053
2a01:e5c0:747a::2,443
2a0b:4140:9435::2,443
2605:e440:7::1:281,443
2a0b:4140:3fd4::2,443
2605:e440:35::3ef,443
2a14:7981:3008:16c::,2053
2a01:e5c0:3e97::2,8443
2a01:8740:1:1073::bde6,443
2a0b:4140:ae34::2,443
2a01:e5c0:60c8::2,443
2a01:e5c0:3425::2,443
2a0b:4140:96eb::2,443
2a05:541:121:6a::1,443
2a0b:4140:9d60::2,8443
2a01:e5c0:60b7::2,443
2606:2040:4140:2a:be24:11ff:fe19:ed9a,8443
2a06:dd00:1:4::2191,443
2a01:e5c0:39c0::2,443
2a0b:4140:e277::2,443
2a01:4f9:c010:b8fa::1,443
2a0b:4140:6a98::2,2053
2a01:e5c0:767b::2,8443
2a12:5940:bb6a::2,443
2a01:230:4:de2::2,2053
2a13:7c00:10:20:f816:3eff:fe66:dd53,443
2a01:ecc0:1002:400::2,443
2a01:230:4:2a5::2,8443
2a13:7c00:10:24:f816:3eff:fe23:ee,2083
2a0b:4140:e523::2,2053
2a0b:4140:6c9f::2,8443
2a0b:4140:3390::2,443
2a01:e5c0:30b9::2,443
2001:67c:2f4c:2::161,8443
2001:67c:2f4c:2::178,443
2401:c080:1c02:111c:5400:6ff:fe73:ea5a,443
2a01:e5c0:791f::2,443
2a03:6f00:a::2:b07f,443
2605:e440:35::37a,443
2a01:f900:10:3da::1,443
2a01:f900:10:55e::1,443
2a0b:4140:ea3f::2,8443
2a01:e5c0:3eb3::2,443
2a0b:4140:3e23::2,443
2a01:e5c0:3825::2,443
2a0b:4140:691f::2,443
2a0b:4140:cb75::2,8443
2a01:e5c0:3e27::2,8443
2a01:f900:10:1ba::1,443
2a12:5940:d8e3::2,443
2a0f:5f46:845::1da,2087
2a01:e5c0:6faa::2,2053
2a03:6f00:a::2:d27f,8443
2a05:541:121:ae::1,443
2a02:27ad::141,8443
2a01:230:4:df4::2,2053
2a01:f900:10:40::1,443
2406:da12:876:3a00:c85e:ebc8:29a9:2806,443
2a0b:4140:63cc::2,443
2a01:ecc0:1009:6e00::2,443
2a01:f900:10:355::1,2053
2a0b:4140:a00d::2,443
2407:cdc0:f008:101::,443
2a01:230:4:4e8::2,8443
2a01:230:4:b1d::2,2053
2001:67c:2f4c:2::3c1,443
2a0b:4140:31ce::2,443
2a01:f900:10:3ec::1,443
2a0b:4140:c04f::2,443
2001:67c:2f4c:2::2a0,443
2a03:6f00:a::2:6563,443
2001:67c:2f4c:2::118,443
2a11:5dc0:50:107::1,8443
2a03:6f00:a::2:8e5,443
2a0f:5f46:825::60,443
2a01:e5c0:74e2::2,443
2a12:5940:dd13::2,8443
2a01:8740:1:849::cb67,443
2a0b:4140:6678::2,443
2407:cdc0:f008:423::,443
2a01:230:4:dfe::2,2053
2a01:f900:10:199::1,443
2407:cdc0:f004:735d:4a72:5380:6f52:57f6,443
2a0b:4140:e97c::2,443
2a03:6f00:a::1:8f13,8443
2a01:f900:10:81a::1,443
2a12:5940:d1df::2,443
2a12:5940:d8a1::2,443
2a01:e5c0:3527::2,8443
2a12:5940:4085::2,443
2a0b:8800:580::118,443
2a0b:4140:a297::2,8443
2a06:dd00:1:4::2501,443
2a0b:4140:32b7::2,8443
2a0b:4140:9f8f::2,8443
2a12:5940:4bf1::2,8443
2600:1900:40c0:7fa::,443
2001:67c:2f4c:2::51e,443
2a01:e5c0:3f94::2,8443
2407:cdc0:f008:37d::,443
2001:67c:fd0:102:30::a,443
2a01:f900:10:5b6::1,443
2a12:5940:e0ed::2,8443
2a12:5940:74de::2,443
2a00:5da0:1000:1::2eed,8443
2a03:6f00:a::1:fe7f,443
2a12:5940:4109::2,443
2a00:1c48:2:4:20c:29ff:fe83:ad36,443
2a0b:4140:c50b::2,443
2a03:6f00:a::1:ce1b,443
2406:da12:19b:b600:be71:692c:a3dd:1be,443
2a01:e5c0:66ea::2,443
2a03:6f00:a::1:dcf3,8443
2a01:e5c0:6c25::2,8443
2a12:5940:b424::4000:2178:4fdb,443
2a01:e5c0:38b3::2,8443
2a0b:4140:e28f::2,443
2a12:5940:bd58::2,443
2a12:bec0:162:4d1::,443
2a0b:4140:c3fe::2,443
2a01:f900:10:869::1,443
2a03:6f00:a::1:8da,443
2a03:6f00:a::2:d5f8,443
2a01:d8:4:f:89:111:131:64,2053
2a0c:5d00:3001::e217:9815,8443
2a12:5940:46ea::2,8443
2a0c:5d00:3001::b12d:87a9,2096
2a01:97a0:0:1d:0:4:0:4123,443
2a01:230:4:7e2::2,2053
2a00:1728:3f::c0cc:da,8443
2a0b:4140:c02d::2,2083
2a01:e5c0:3b9a::2,443
2a01:230:4:d30::2,2053
2a03:6f00:a::2:5263,443
2a01:e5c0:42db::2,443
2605:e440:20::17f,8443
2a03:6f00:a::c305,443
2a01:ecc0:40:26ac::2,443
2a0c:5d00:1001::3700:84a9,2053
2a0c:9a40:83e0:1::efe4:bae3,443
2a03:6f00:a::1:d781,8443
2a03:6f00:a::2:d841,8443
2a0b:4140:e9c3::2,443
2a01:4f9:c015:13fc::1,443
2a01:e5c0:3413::2,443
2a13:7e40:1:1116::1,443
2a03:6f00:a::e062,2087
2a03:6f00:a::2:48ae,443
2a01:e5c0:7460::2,8443
2a01:f900:11:66::1,2087
2407:cdc0:f004:97f0:78a2:5c66:50e9:ec5d,443
2a0b:4140:e49c::2,8443
2a00:f940:2:4:2::3157,8443
2407:cdc0:f006:ad80:c8e0:2304:8f61:b2a3,443
2a12:bec0:162:153::,443
2a0b:4140:946a::2,8443
2a05:5940:7f::1,443
2602:faad:5::1fb,443
2a12:b3c0:1:12e::1,443
2a00:f940:2:4:2::ac8,8443
2a0b:4140:e4bf::2,8443
2a00:f940:2:4:2::5ade,8443
2a12:bec0:162:723::,443
2a0c:b641:614:a4::1,443
2a01:e5c0:752a::2,443
2407:cdc0:f004:7d94:ec9c:c8c8:9896:e17b,443
2a01:e5c0:3bcc::2,2053
2a0b:4140:3392::2,8443
2a00:f940:2:4:2::54bc,8443
2a03:6f00:a::2:ca95,2053
2a0f:85c1:7f5:5b::1,2053
2a01:230:4:c36::2,2053
2a01:e5c0:70ed::2,443
2a12:bec0:162:442::,443
2a01:4f9:c013:9cfd::1,443
2a03:6f00:a::3:fef,8443
2603:c024:1:336e:c6e8:abcb:7fbc:eb6e,443
2a01:e5c0:38b3::2,443
2a01:e5c0:38eb::2,443
2605:e440:7::3:31f,443
2001:678:6d4:6570::a4,443
2a03:6f00:a::3:10b6,443
2a01:e5c0:7eb2::2,8443
2a0b:4140:c194::2,8443
2a12:bec0:162:4c0::,443
2001:67c:2f4c:2::3c4,443
2603:c024:15:4966:0:f165:9637:c2e9,8443
2a0a:d687:f008::121,443
2a0c:b641:610:50::1,443
2001:678:6d4:5160::1ff,443
2607:5d40:1000:1::3da,2096
2a01:e5c0:3d82::2,443
2a0b:4140:cb31::2,443
2a0b:4140:6d70::2,2087
2602:fa5d::5b5,443
2a12:bec0:162:e1::,8443
2a01:e5c0:6057::2,443
2a0f:1140:140:ca::5,8443
2602:fa5d::602,2083
2407:cdc0:f004:bcb6:992b:dc57:1db9:543c,443
2a09:bac5:5129:1b4b::2b8:bf,443
2a0b:4140:a2b8::2,8443
2a0a:8c41::7b,8443
2a0b:4140:ef57::2,8443
2a01:e5c0:324b::2,443
2a01:e5c0:30a0::2,8443
2a0d:8480:2:694::2,2087
2602:fa5d::59c,443
2a01:f900:11:47::1,2053
2401:c080:1c00:2a83:5400:6ff:fe77:6b60,443
2a0b:4140:5310::2,2053
2603:c029:4502:3325:0:14eb:a85c:4826,8443
2407:cdc0:f008:141::,443
2a0b:4140:e80a::2,443
2a02:4780:41:de47::1,2053
2a0c:5cc0:1:1::5f1a:53a0,443
2a03:6f00:a::2:b957,443
2a00:f940:2:4:2::2f93,8443
2a00:f940:2:4:4::321,8443
2a01:e5c0:614d::2,443
2a0b:4140:9770::2,443
2a0b:4140:3634::2,443
2a01:ecc0:400:a7c::2,443
2a12:5940:b2d3::2,8443
2a12:5940:d403::2,443
2a01:e5c0:3647::2,443
2602:fa5d::4b7,443
2a12:5940:dbd1::2,8443
2407:cdc0:f004:281b:a28f:6af0:3563:b190,443
2a12:5940:e214::2,443
2a12:5940:da55::2,2087
2a00:f940:2:4:2::c82,8443
2a0a:8d80:0:b120::1,443
2001:678:6d4:6020::bf,443
2a07:14c0:1:520b::2,2053
2a0b:4140:95d7::2,443
2a0b:4140:5605::2,443
2a0b:4140:6700::2,443
2a12:5940:b2f7::2,8443
2a03:6f00:a::1:32e6,443
2a12:5940:e886::2,443
2a0b:4140:35bd::2,443
2a12:bec0:162:182::,443
2a0b:4140:c7cd::2,2083
2a0b:4140:ab09::2,443
2a03:6f00:a::2:ec4f,8443
2a12:5940:e34a::2,443
2400:8907::f03c:93ff:fe37:f3e5,443
2603:c024:18:ac7e:0:7699:dcab:2aa,443
2602:fbd9:100:bb::1,443
2a12:5940:e80d::2,443
2a01:e5c0:6202::2,443
2a12:5940:d81d::2,8443
2a0b:bcc0:0:602::7e,443
2a11:27c0:105::c21,2087
2a12:5940:c179::2,8443
2400:8d60:13::e9b1:f715,443
2a0b:4140:6cfa::2,443
2400:8907::2000:a7ff:fe01:49b9,443
2605:e440:46::23c,443
2401:c080:1800:1428:5400:6ff:fe68:5469,443
2a03:6f00:a::1:8518,8443
2402:1f00:8100:400::2214,443
2a0b:bcc0:0:602::3d,443
2a01:e5c0:6034::2,443
2402:1f00:8100:400::2240,443
2a12:5940:d78f::2,443
2a0d:c580:1:7:207::1,443
2a12:5940:81dd::2,443
2a09:7c47:0:28::1,443
2a12:5940:e120::2,443
2400:8907::2000:a2ff:fe66:33fe,443
2407:cdc0:f004:d218:b240:f150:7ec3:adef,443
2a0b:bcc0:0:603::19,443
2a03:6f00:a::1:9718,8443
2603:c024:15:ef00:0:7a69:2f33:68a1,8443
2a0c:5d00:3001:0:5054:2ff:fe15:2c5b,8443
2a12:5940:dbed::2,443
2402:1f00:8201:380::,443
2a01:ecc0:d00:6a::2,443
2a09:bac5:58c7:2682::3d6:8d,443
2a13:7c00:11:8:f816:3eff:fe85:f095,2096
2a0c:5d00:3001::599b:aee4,443
2a0e:b107:dd0::3:1e86:86bc,8443
2400:6180:10:200::b31e:6000,443
2a12:bec0:162:647::,443
2400:6180:10:200::b31e:2000,443
2401:1801:7801:105:be76:4eff:fe18:97,443
2a0b:4140:a682::2,8443
2a01:f900:10:b4::1,443
2a03:6f00:a::1:c83,8443
2a0a:c801:1:20::25b,443
2605:e440:20::12a,443
2a13:d207:98::1,8443
2a00:f940:2:4:4::40,8443
2a0c:5d00:3001::a1dc:d04e,443
2a01:e5c0:65ec::2,443
2400:6180:10:200::b31e:8000,443
2603:c024:19:a401:0:1296:a018:5aef,443
2400:6180:10:200::b31e:7000,443
2a0b:4140:30f0::2,8443
2603:c024:a:21aa:1:1:1:1,8443
2603:c024:17:6019:0:9370:f210:939f,8443
2602:fa5d::11bf,443
2a00:b700::3fa,443
2a04:5200:fff5::3786,443
2a00:b700::4:205,8443
2a03:f80:7:d68a::1,443
2a01:e5c0:201f::2,8443
2a12:5940:45ff::2,8443
2a01:4f8:c2c:91c4::1,443
2a03:6f00:a::f37f,8443
2a12:bec0:162:7b7::,443
2602:fa5d::45e,443
2a0c:5d00:3001:0:5054:2ff:fee0:8e96,443
2400:6180:10:200::b31e:9000,443
2001:19f0:5801:933:5400:6ff:fe52:5524,443
2a03:6f00:a::2:dcda,443
2a01:ecc0:5000:1e56::2,443
2603:c024:13:7b00:7d4a:e680:57ca:4f47,443
2a06:1fc0:0:1::46d,443
2a0c:5cc0:1:1::c869:be83,8443
2a00:b700::4:210,8443
2a00:b700::4:ab,443
2a0c:5d00:3002::dd01:ad05,443
2001:67c:2db8:7::6f,443
2a0c:5cc0:1:1::7b41:3e7a,443
2a12:aac0::eff2:88c4,443
2a03:6f00:a::3:4ac,443
2a03:6f00:a::2:1c43,443
2a06:1fc0:0:1::106,443
2a13:a440:9:44::1,443
2400:70e0:b000:0:be24:11ff:fed6:a123,443
2a02:7b40:3e4d:9c98::1,443
2a0b:4140:c737::2,8443
2a09:5302:ffff::3f3,443
2a0c:dd80:1001::de1,8443
2a0a:9302:1:67e::1,8443
2a0b:4140:a7bd::2,8443
2a02:7b40:c287:53a6::1,8443
2a0d:6c2:6:100d::,443
2603:c024:16:a1bb:0:25a8:599b:bc3d,443
2402:4f20:1:1006::2,443
2a06:1301:4610::b:0:1,443
2a12:5940:84a3::2,443
2a12:5940:4e34::2,8443
2a00:f940:2:4:2::2f0e,8443
2406:da1c:17c9:5800:5e4e:3eda:e13a:792f,443
2a14:7981:3008:3c5::,8443
2603:c024:16:2633:0:e96f:c313:cca2,443
2407:cdc0:f008:310::,443
2401:c080:1800:1b27:5400:6ff:fe52:4d37,443
2a03:f80:357:25a6::1,443
2a03:6f00:a::7321,443
2a01:ecc0:1003:ee00::2,443
2a0b:4140:e8e4::2,443
2a0c:16c4:500:9a::894a,2096
2a03:6f00:a::2:3069,443
2a03:b0c0:3:f0:0:2:9dc1:5000,443
2a02:c207:2272:1661::1,8443
2a03:6f00:a::3fce,443
2400:8907::2000:72ff:fe27:dc85,443
2a0a:9302:1:6ef::1,8443
2603:c022:4007:4200:0:34ab:eef1:2512,443
2a09:bac1:800:3448::1a:10d,443
2a03:6f00:a::1:ceb0,443
2a06:1700:1:2fa::cfa5:23e9,443
2a0f:1cc5:700::323c:6295,8443
2a03:f80:972:c7cf::1,443
2a01:ecc0:4000:5fe::2,8443
2a0e:97c0:7da:d6ae:5482:4b4b:d7b1:cbd4,443
2401:b60:16:1d7::,443
2a0f:1cc6:b223:100:ff4c:dbae:9971:1345,443
2a01:ecc0:4000:673::2,8443
2401:b60:5:29dc:1997:1061:3131:389,443
2a0d:2683:f300:1d2b:4b1b:a032:d025:f8ad,443
2401:b60:5:0:4d6a:67ed:12f7:ed90,443
2403:2c81:2000:213a::a,8443
2a01:ecc0:4000:739::2,443
2a0e:97c0:7da:cf74:24e1:9a92:1ae9:289d,443
2a0e:97c0:7d7:b73e:ea72:89ad:1db4:39e,443
2001:470:18:1254::2,443
2001:df1:7880:100::ca2,443
2001:df1:7880:100::1b3,443
2403:4fc0:0:201::184,443
2a0e:97c0:7da:0:e5d6:ae1b:f6bf:8bee,443
2401:b60:5:b5b5:4c1d:1323:2be9:d96d,443
2001:df1:7880:100::1542,8443
240d:c000:f000:a000:96dc:dd4:2a30:0,443
2400:8d60:6::437c:723c,443
2001:df1:7880:100::1172,443
2401:b60:e0fd:3c::2,8443
2400:8d60:6::5876:bf46,8443
2a0d:2683:f300:2f8a:ef8:b4c5:963b:5f16,443
2a0e:97c0:7d7:e93:8925:f34b:801a:dddf,443
2a0a:d687:f001::d8,443
2602:fa4f:100:744e:f7fd:550a:784c:5145,443
2001:df1:7880:100::1274,443
2a0f:1cc5:401:ae:50ac:7da8:65fb:7df7,443
2001:df1:7880:100::c9c,443
2001:df1:7880:101::a0c,443
2a0e:97c0:7da:0:72db:63b8:af86:910b,443
2400:8d60:6::71fa:25a3,443
2602:f864:219:b::a,443
2001:df1:7880:100::fe3,443
2a14:67c0:308:d9::a,8443
2001:df1:7880:100::5d8,2053
2001:df1:7880:100::594,443
2401:b60:5:d4e5:139e:a138:6612:cf39,443
2401:b60:26:72::2,443
2001:df1:7880:100::3cb,443
2001:df1:7880:100::15d,443
2001:df1:7880:100::10dd,8443
2001:df1:7880:100::4ad,443
2001:df1:7880:101::edb,443
2a13:7c00:6:1:f816:3eff:fe97:a00f,2053
2a0b:4140:61eb::2,443
2001:df1:7880:101::1de,443
2001:df1:7880:2::288,443
2001:df1:7880:6::f2,443
2404:8c80:ff00::40,443
2001:df1:7880:100::427,443
2001:df1:7880:2::1908,443
2001:df1:7880:100::11d1,443
2400:8d60:6::c103:2df3,443
2001:df1:7880:6::16e,2087
2a0e:df80:a:1::5a,8443
2001:df1:7880:100::127e,443
2a12:bec0:168:8009::,443
240b:4001:2ab:1200:b0e9:f6b7:371c:ee,8443
2602:f3f2:76:9349:3ced:8463:cfa7:a8d3,443
2603:c022:4000:b2ee:0:6cc5:fc4a:3816,443
2001:df1:7880:100::150,443
2001:df1:7880:100::135e,443
2603:c022:4002:a0ee:3b81:e5f2:8216:8e09,443
2001:df1:7880:2::209,443
2600:3c14::2000:e9ff:feec:e3d6,443
2a01:ecc0:4000:9f7::2,443
2603:c022:400a:ad01:0:e8c9:ceac:556a,443
2001:df1:7880:100::171b,443
2401:b60:5:dca0:6e63:f61e:50ee:11eb,443
2a0f:1cc5:700::8b32:ee3e,8443
2401:c080:2000:19a4:5400:6ff:fe25:e429,2096
2401:e9e0:2000::83,443
2602:fa4f:100:d38b:9f7d:e831:5392:6ff5,443
2406:1e00:9002:102::6200,443
2a12:bec0:168:38a::,443
2406:da1e:788:1900:f41b:19f:b5d8:d245,443
2a01:ecc0:4000:130::2,443
2001:df1:7880:1::95,443
2406:da14:1316:c300:bd92:9b12:cd97:a801,443
2a0f:1cc6:b121:1::99,443
2a06:f903:4001:100::73c2:6a7f,443
2a0f:7802:e2bd:1f::4b,8443
2001:df1:7880:1::b5,8443
2401:b60:5:f602:766:c184:4c34:4770,443
2a0f:1cc5:700::1de9:9175,443
2001:df1:7880:100::dd7,443
2401:b60:16:170::,443
2401:b60:5:caed:6f8f:af97:f06:4307,443
2401:b60:5:9f2d:2329:b99:4122:c6bc,8443
2401:b60:5:14ac:9392:7d14:3d74:ee71,443
2401:b60:5:203b:bbb6:d5af:bfd8:18a5,443
2400:8d60:6::c366:72a3,443
2401:b60:5:212a:6505:731e:5849:73de,443
2401:b60:5:cab:656:186a:845d:b2d2,443
2400:8d60:6::a853:1930,443
2401:b60:5:1b5::a,443
2400:8d60:6::b567:3c41,443
2602:f3f2:7b:5e61:e943:bcb0:fdf:6620,443
2401:b60:5:37a7:2f38:7df0:4665:1451,443
2001:df1:7880:100::1075,8443
2404:8c80:ff00::12,443
2400:8d60:6::3eeb:9330,443
2001:df1:7880:100::16c9,443
2400:8d60:6::7658:2070,443
2a0f:1cc6:b223:100:616e:ccd:5c3:e90e,443
2401:b60:5:72::a,443
2001:df1:7880:100::50d,443
2401:b60:5:0:a09f:afe2:5ef:7e63,443
2401:b60:5:41c8:9da9:e73b:e59d:1c13,443
2001:df1:7880:100::cae,443
2602:fa4f:100:f933:b2e3:cbab:d681:6d76,443
2001:df1:7880:100::2d,443
2a0e:97c0:3f0:1::156b,443
2001:df1:7880:6::52,443
2400:8d60:6::d402:b0c8,443
2001:df1:7880:101::f8e,443
2a0e:97c0:7d7:4220:6da2:a75e:1c21:8523,8443
2001:df1:7880:100::1ac8,443
2001:df1:7880:100::1288,443
2401:b60:5:a4a7:83e3:9460:4b86:3b1b,443
2001:df1:7880:100::a08,2087
2400:8d60:6::1816:acac,443
2001:df1:7880:2::1913,443
2a01:ecc0:4000:3d2::2,443
2001:df1:7880:6::20,443
2001:df1:7880:6::173,443
2403:4fc0:0:201::23b,443
2401:b60:5:570b:5d8d:ff82:c9ec:cf34,443
2403:4fc0:0:201::203,443
2a01:ecc0:4000:4f3::2,443
2a0e:97c0:3f0:1::c25,443
2400:8d60:6::67d8:a35c,443
2400:9320:0:bbe4:d60e:4f7d:b4b8:37d4,443
240b:4001:22a:d400:9ea6:f63a:7aaa:f612,8443
2403:4fc0:0:201::170,443
2001:df1:7880:100::1e5,443
2001:df1:7880:100::c10,443
2a0f:9400:7394:1f::45,443
2a01:ecc0:4000:2de::2,443
2a01:ecc0:4000:2ff::2,8443
2400:8d60:6::9875:f47d,443
2001:df1:7880:2::90e,8443
2400:c620:22:33c::a,443
2a01:4f8:fff0:124:3::98,443
240d:c000:f000:ea00:40f4:6bda:d416:0,443
2001:df1:7880:100::164d,443
2a0e:97c0:3f0:1::8a4,443
2001:df1:7880:100::123a,443
2a01:ecc0:4000:489::2,443
2001:df1:7880:100::1703,443
2401:b60:e0fd:100::2,8443
2001:df1:7880:100::6ce,443
2a01:ecc0:4000:691::2,443
2001:df1:7880:3::69d,443
2a01:4f8:fff0:124:5::5d,443
2a01:ecc0:4000:304::2,443
2a01:ecc0:4000:8a::2,443
2a01:ecc0:4000:6f4::2,443
2403:4a00:4001:39:561c:c78f:9264:1,443
2a0f:1cc5:700::8b32:ee3e,443
240d:c000:f000:ea00:46fe:38c:fab6:0,8443
2a01:ecc0:4000:477::2,8443
2a01:ecc0:4000:3ef::2,443
2a03:90c0:5f1:2903::779,2087
2a14:67c4:11::253,443
2a06:1700:0:8df::92b5:13df,443
2a01:ecc0:4000:325::2,443
2a01:4f8:fff0:124:5::22,8443
2a01:ecc0:4000:4ef::2,8443
2400:c620:29:d0::a,8443
2a12:bec4:1480:43e::2,8443
2400:8d60:6::7766:e0a8,443
2a01:8640:10::219e:8737,443
2a01:ecc0:4000:906::2,443
2a0e:97c0:3f0:1::cb4,443
2406:da1e:a10:fd00:8fcf:7da3:52a1:622,443
2a0e:97c0:3f0:1::be5,443
2a0e:97c0:3f0:1::156c,443
2a0e:97c0:3f0:1::24fd,443
2400:8d60:6::2cdf:59e2,443
2a01:ecc0:4000:222::2,443
2a14:4900:2202:e8f::42,443
2406:da1e:96:2200:50c2:b772:2d8b:31be,443
2001:df1:7880:100::124a,443
2a14:4900:2207:3a3::9fb,443
2001:df1:7880:6::285,443
2a0e:97c0:3f0:1::1bbf,443
2a01:ecc0:4000:665::2,2053
2a01:ecc0:4000:999::2,443
2001:df1:7880:1::164,443
2a09:bac5:3985:2e1e::498:6b,2087
2a01:ecc0:4000:9ed::2,8443
2605:e440:38::295,8443
2a0e:97c0:3f0:1::c26,443
2401:1fe0:6::522,443
2607:fa98:4000:7::30,443
2a0e:97c0:3f0:1::156a,443
2400:f880:49e:e722::3f7d,443
2a01:ecc0:4000:990::2,443
2a0e:97c0:3f0:1::46e,443
2001:df5:8300:8006::2ad,443
2403:27c0:c03:1::34,443
2401:2660:2e3:236a::10,443
2403:27c0:c03:1::44,443
2401:b60:5:eab7:59a2:527a:f40d:f755,443
2401:1fe0:6::61e,443
2401:1fe0:6::687,443
2a01:ecc0:4000:9a1::2,443
2400:f880:49e:e722::34dd,8443
2a0e:97c0:3f0:1::1758,443
2001:df5:8300:4000::cd,8443
2401:2660:372:207b::2,443
2401:5a0:1000:48::a,443
2a02:c207:2331:8800::1,2083
2a14:c380:d70:21::a,443
2a14:4900:2201:c6b::b68,443
2001:df1:801:a022::443:a,443
2400:c620:22:30d::a,443
2a01:ecc0:4000:682::2,443
2605:e440:29::196,443
2a01:ecc0:4000:819::2,443
2400:c620:29:b8::a,443
2400:c620:2f:85::a,8443
2a01:ecc0:4000:435::2,443
2401:5a0:1000:3c::a,443
2a01:ecc0:4000:5fc::2,2053
2607:fa98:4000:7::a6,8443
2401:b60:e00e:702c:1234:5678:9abc:def0,8443
2401:2660:1000:16a3:8b61:aff6:d432:caa4,443
2400:c620:22:245::a,443
2403:18c0:5:968:be24:11ff:fe29:a1c6,8443
2607:fa98:4000:7::18,8443
2400:c620:22:19d::a,443
2a06:a880:6:eceb::1,2083
2a06:a880:6:3fd1::1,443
2a06:a880:6:60ba::1,443
2401:1fe0:1::3e7,443
2a01:ecc0:4000:a15::2,8443
2607:fa98:4000:7::32,8443
2001:df6:3bc0::13,443
2a06:a880:6:9129::1,443
2a06:a880:6:3f15::1,443
2a13:7c00:7:10:f816:3eff:fed9:9223,443
2a06:a880:6:c93a::1,443
2001:df1:801:a022::2eb:a,443
2401:2660:1000:1773:24f3:1f41:becb:5d48,443
2401:2660:2:1d2::a,443
2403:18c0:5:95d:be24:11ff:fea0:311e,2083
2a14:4900:2207:fe2::e17,443
2401:1fe0:6::2a9,443
2401:1fe0::30b,443
2401:1fe0:6::276,443
2001:df1:801:a022::2b2:a,443
2401:1fe0:2::6fc,8443
2a06:a880:6:5d94::1,443
2a12:ab80:4:12::e13:19dc,443
2401:2660:2:2f::a,443
2400:c620:32:4d::a,443
2400:c620:22:22e::a,443
2401:b60:5:8cab:6745:f127:3e9e:b231,443
2403:27c0:c03:1::62,443
2a13:7c00:7:7:f816:3eff:feb9:420f,443
2a01:ecc0:4000:6bf::2,443
2401:b60:5:fec1:739d:1ae:93ad:c508,443
2a0f:1cc6:b224:100:c08a:4d0a:84e2:e8fb,443
2a01:ecc0:4000:3bf::2,8443
2401:b60:5:af2f:9dde:8832:7be9:3d72,443
2001:df1:801:a022::37:a,443
2400:c620:22:260::a,443
2a12:bec0:164:1275::,443
2602:fa63:800:6b::6,443
2401:1fe0:2::65b,443
2a13:7c00:7:4:f816:3eff:fea5:a8b5,443
2a13:7e40:4:406f::1,443
2a01:ecc0:4000:544::2,443
2001:df1:801:a022::163:a,443
2a01:ecc0:4000:9a2::2,443
2a00:5da0:2005:1::63b,8443
2400:c620:28:c3d::1,443
2a06:a880:6:3d47::1,443
2001:470:1f0a:b23::2,443
2400:f880:caa:9073:ec4:7aff:fe92:bb98,8443
2a12:e342:300::2ba2:84db,2087
2403:27c0:c03:1::1b,443
2a13:7c00:7:5:f816:3eff:fe42:4f20,443
2405:4200:f001:264a::1,8443
2001:df1:7880:2::18e7,443
2605:e440:15::1a1,443
2400:8901::f03c:93ff:fe7c:5d6a,443
2400:8901::2000:e6ff:fef1:ef2d,443
2600:3c15::2000:70ff:fec9:4d11,443
2400:8901::f03c:93ff:feec:2279,8443
2a13:7c00:7:10:f816:3eff:fe96:55c1,443
2602:fa5d::1af,443
2405:4200:f001:9ca7::1,8443
2403:27c0:2000::d2,443
2a0a:6a40:255:4f::2,8443
2a13:7c00:7:10:f816:3eff:fec5:f80a,443
2400:8901::2000:22ff:fe11:7809,443
2602:fa5d::242,443
2a01:ecc0:4000:8c9::2,8443
2400:8901::2000:a6ff:fea0:44c4,443
2400:8901::2000:fbff:fe43:77ef,443
2602:fa5d::ca,2053
2a0a:6a40:255:4f::2,443
2600:3c15::2000:2fff:fe08:d26b,443
2600:3c15::2000:aff:fe0a:fcee,443
2405:4200:f001:25ed::1,443
2a01:4ff:2f0:34ee::1,443
2400:8901::2000:9eff:fe56:a7f8,443
2400:8901::2000:4cff:fe42:ee97,443
2400:8901::2000:54ff:fe7e:c3a7,443
2600:3c15::2000:98ff:fea4:eae3,443
2400:8901::2000:8ff:fe28:d22e,443
2a0e:97c0:7dc:755f:d4aa:2cf0:66e6:b435,443
2400:8901::2000:13ff:fe0e:229,443
2400:6180:0:d2:0:2:9a27:6000,443
2401:c080:1400:4540:5400:6ff:fe2f:6049,443
2400:8901::f03c:93ff:fe7c:5d9b,443
2a14:7dc0:203:cd0::d23,443
2402:1f00:8000:800::496,443
2401:c080:1400:76dd:5400:5ff:fe9f:5893,443
2600:3c15::2000:a9ff:feca:30e7,443
2603:c02b:30a:d999::99,2096
2401:c080:1400:6a28:5400:6ff:fe8f:899a,443
2405:4200:f001:ba7d::1,443
2600:3c15::2000:57ff:fe6b:f984,443
2400:6180:0:d2:0:2:d85c:6000,443
2400:6180:0:d2:0:2:f2b3:7000,443
2a01:4ff:2f0:11a0::1,443
2a0a:6a40:255:112::2,443
2600:3c15::2000:eeff:feeb:509b,443
2a12:bec0:16f:2af::,443
2a0e:97c0:7dd:fca2:883e:99c1:2407:abf3,443
2400:8901::2000:a7ff:fe66:4913,443
2a12:bec0:16f:104::,443
2001:19f0:4400:209b:5400:6ff:fe88:d0f1,443
2400:8901::2000:cdff:fec3:9a59,8443
2600:3c15::2000:bcff:fe8f:433a,443
2603:c024:4513:ca3e:0:3b7f:3ab0:5b65,8443
2401:c080:1400:6c37:5400:6ff:fe65:261b,443
2a11:8083:11:12ad::a,443
2a11:8083:11:17db::a,2087
2400:6180:0:d2:0:2:d85d:1000,443
2400:6180:0:d2:0:2:d627:4000,443
2400:6180:0:d2:0:2:c7c5:8000,443
2a12:bec0:16e:1d0::,2053
2406:d500:15:12::a,443
2001:19f0:4401:dbb:5400:6ff:fe4b:571,443
2a04:3543:1000:2310:5431:91ff:fe1f:2d38,443
2a11:8080:102::1002,443
2400:6180:0:d2:0:2:c89c:3000,443
2400:6180:0:d2:0:2:c821:9000,443
2a14:7dc0:202:a01::a0d,8443
2603:c024:4520:e015:0:d730:135b:9eaf,8443
2401:4520:1075::a,443
2401:c080:1400:1c93:5400:6ff:fe4f:b982,443
2400:6180:0:d2:0:2:9461:d000,443
2400:6180:0:d2:0:2:9464:0,443
2a11:8083:11:1965::a,443
2400:6180:0:d2:0:2:f6b2:d000,443
240d:c000:f020:1d00:b436:dbe0:2406:0,8443
2400:6180:0:d2:0:2:cd14:2000,443
2400:6180:0:d2:0:2:c89f:0,443
2406:da18:439:7000:9634:ccb2:48ac:cf55,443
2606:2040:2800:2f:be24:11ff:fe72:9201,443
2400:6180:0:d2:0:2:e0cf:9000,443
2a12:bec0:16f:2a3::,8443
2603:c024:4512:2500:0:4a20:ecaa:a8,443
2603:c024:451a:e200:0:f391:376f:637b,443
2400:6180:0:d2:0:2:e700:f000,443
2406:da18:612:2b00:c69b:b230:fe8:3a71,443
2a11:8083:11:12be::a,443
2400:6180:0:d2:0:2:c89f:2000,443
2400:6180:0:d2:0:2:5d2a:d000,443
2001:19f0:4400:519c:5400:6ff:fe5e:72d0,443
2a01:ecc0:4000:549::2,443
2407:cdc0:d010:20e5::,8443
2001:df4:c140:1f::36f,443
2400:6180:0:d2:0:3:102e:4000,443
2400:6180:0:d2:0:2:5e57:9000,443
2a14:7dc0:102:1344::935,443
2606:6680:60:1::fd69:1327,443
2400:6180:0:d0::12ae:4001,443
2400:6180:0:d2:0:2:c821:a000,443
2406:da18:1d79:3000:b393:f79f:1929:6c42,443
240d:c000:f020:1300:96dc:dd4:2a30:1,443
2606:2040:2800:2f:be24:11ff:fe0c:3fd7,2053
2605:e440:16::2e8,443
2400:6180:0:d2:0:2:5e57:7000,443
2a00:5da0:3:3002:10:0:7428:920a,443
2400:6180:0:d2:0:2:e018:a000,443
2407:3641:2328:9830::1,443
2603:c024:4522:d400:0:aeb5:6247:e976,443
2400:6180:0:d2:0:2:d85c:a000,443
2400:6180:0:d2:0:3:1ceb:0,443
2400:6180:0:d2:0:3:103c:3000,443
2605:e440:b::b9,443
2400:6180:0:d2:0:2:db7a:5000,443
2406:da18:1442:b800:ecda:8e07:e86f:b00f,443
2400:6180:0:d2:0:2:c821:3000,443
2a00:5da0:1000:1::2eed,443
2a01:4f9:c011:710b::1,443
2a00:5da0:1000:1::3415,443
2406:da18:ae8:b100:d7a8:8210:1112:e55c,8443
2400:6180:0:d2:0:2:5e57:d000,443
240d:c000:f020:1500:3ebe:c5dc:a8be:0,443
2a11:8083:11:17f0::a,443
2406:da18:d3:ed00:fa9b:97f2:e834:efcc,443
2400:6180:0:d2:0:2:e0ce:8000,443
2400:8901::2000:fcff:fe6f:5433,443
2603:c024:450c:e100:98d3:cd09:22f2:409,443
2400:6180:0:d2:0:2:c89f:3000,443
2401:c080:1400:7601:5400:6ff:fe4f:c7b4,8443
2a05:9401::1f9,8443
240d:c000:f020:1100:c4de:126:2a72:0,443
240d:c000:f020:1600:9ae4:1d3e:6a9a:0,443
2001:df1:7880:100::174d,443
2400:6180:0:d2:0:3:14b4:8000,443
2400:6180:0:d2:0:2:9461:a000,443
2a11:8083:11:12d3::a,8443
2400:6180:0:d2:0:2:9462:1000,443
2a14:7dc0:102:1163::61bf,443
2400:6180:0:d2:0:3:14b4:7000,443
2001:19f0:4401:1246:5400:6ff:fe24:871b,443
2401:c080:1400:16fc:5400:6ff:fe57:9336,443
2400:6180:0:d2:0:3:2f7:0,443
2401:4520:10ef::a,443
2606:2040:2800:2f:be24:11ff:fe1b:7d6,443
2400:6180:0:d2:0:2:c89f:4000,443
2400:6180:0:d2:0:2:c89b:e000,443
2406:da18:1863:6800:9080:abb8:cc20:29,443
2400:6180:0:d2:0:2:d7c3:e000,443
2406:da18:4e8:8900:9368:198:9ecf:8b80,443
2001:19f0:4400:209c:5400:6ff:fe73:e7b1,443
2a12:bec0:16f:2cc::,443
2400:6180:0:d2:0:2:c821:d000,443
2401:c080:1400:6424:5400:6ff:fe79:b1f5,443
2406:da18:935:e300:9307:820e:6c69:7317,443
2a12:bec0:16f:29e::,443
2a07:54c1:f001:2fe::1,443
2400:6180:0:d2:0:2:9461:b000,443
2401:c080:1400:40d1:5400:6ff:fe30:c16e,443
2a13:edc0:1:21::a,443
2a0e:97c0:7d4:6c73:becc:5bd6:6b22:540e,8443
2a00:5da0:1:201::70f,443
2001:df4:c140:1f::1b6,443
2401:c080:1400:4d26:5400:4ff:feb9:2adb,443
2001:19f0:4400:639f:3eec:efff:feb9:c6ac,443
2400:6180:0:d2:0:2:f546:a000,8443
2001:19f0:4400:725b:5400:6ff:fe13:325d,8443
2a01:4ff:2f0:2f10::1,443
240d:c000:f020:100:4eea:cfd8:90be:0,443
2a12:bec0:16e:7e::,443
2603:c026:8001:bfa1:47fc:1122:1b14:13da,8443
2402:1f00:8000:800::2aa4,443
2a14:7dc0:203:a55::28d,443
2406:da18:1c45:7100:fdc6:6e3c:ca71:736e,443
2402:1f00:8001:209f::,8443
2a0e:97c0:7d4:dd13::a,443
2001:df4:c140:1f::42f,443
2a01:4ff:2f0:14c2::1,443
2407:3641:2283:2407::1,443
2406:da18:17fa:e900:1b17:b978:1c12:d569,443
240d:c000:f020:1500:ac2e:eb8a:829e:0,443
2001:19f0:4400:25ed:5400:6ff:fe3c:dac2,443
2401:c080:1400:6b52:5400:6ff:fe4d:5e64,443
2400:6180:0:d0::1363:e001,443
2401:c080:1400:6798:5400:6ff:fe2c:9781,443
2a11:8083:11:168c::a,443
2401:c080:1400:1d9e:5400:6ff:fe1f:1e94,443
2a00:5da0:1000:1::20c3,443
2400:6180:0:d2:0:2:d85c:9000,443
2a14:7dc0:203:b83::41f,443
2401:c080:1400:59cf:5400:5ff:fef7:533f,443
2400:6180:0:d2:0:3:1cd0:7000,443
240d:c000:f020:600:2408:6f9e:a26c:1,2053
2606:2040:2800:2f:be24:11ff:fe37:a8bb,443
2402:1f00:8001:177f::,443
2400:6180:0:d2:0:2:d7c3:b000,443
2400:6180:0:d2:0:2:f90f:f000,443
2400:6180:0:d2:0:2:d7fe:c000,443
2400:6180:0:d2:0:2:c89c:1000,443
2400:6180:0:d2:0:3:1ceb:1000,443
2a12:bec0:16f:2b1::,443
2001:df4:c140:1f::525,8443
2402:1f00:8000:800::2446,8443
2400:6180:0:d0::ebc:1,443
2407:3641:2331:8017::1,443
2401:c080:1400:15c7:5400:6ff:fe31:7945,443
2a09:bac5:55fa:1d05::2e4:10f,443
2001:19f0:4400:497c:5400:6ff:fe84:d686,443
2a12:bec0:16f:17d::,443
2a0e:97c0:7d4:5d9:4de2:1151:c39:e27f,443
2a12:bec0:16f:283::,443
2a03:6f00:14:1::139b,443
2a03:6f00:14:1::e98,443
2407:cdc0:d010:22dc::,8443
2400:6180:0:d2:0:2:baaa:1000,443
2a13:edc0:1:54::a,8443
2605:e440:16::27d,443
2401:c080:1400:4801:5400:4ff:feff:67ba,8443
2400:6180:0:d2:0:2:ffb9:1000,443
2a12:bec0:16f:2c8::,443
2400:6180:0:d2:0:2:d85c:3000,443
2401:c080:1400:5664:5400:6ff:fe57:173,443
2400:6180:0:d0::100f:c001,443
2a11:8083:11:171b::a,443
2400:6180:0:d2:0:3:a4a:0,2087
2400:6180:0:d2:0:2:d7ff:0,443
2001:19f0:4401:cf2:5400:2ff:fece:bd8c,8443
2001:19f0:4400:2e15:5400:6ff:fe4e:881c,443
2603:c024:4503:131a::102,443
2400:6180:0:d2:0:2:5b65:c000,443
240d:c000:f020:1600:8e08:7bca:b430:0,443
2a12:bec0:16f:203::,443
2406:da18:10b3:e900:2e22:b19c:b829:64b3,443
2400:6180:0:d2:0:2:d7fe:f000,443
2401:c080:1400:7b1e:5400:6ff:fe49:a6a9,443
240d:c000:f020:1800:acce:934e:c800:0,443
2400:6180:0:d2:0:2:d85c:b000,443
2400:6180:0:d2:0:2:9d83:2000,443
2401:c080:1400:1629:5400:6ff:fe43:7085,443
2a09:bac5:55fb:18c8::278:85,443
2400:6180:0:d2:0:2:c89c:0,443
240d:c000:f020:1a00:4ab8:13f2:e620:0,8443
2400:6180:0:d2:0:2:fd16:b000,2053
2603:c024:4507:8c7e::3333,2053
2401:c080:1400:4f1b:5400:4ff:feb2:6801,443
2400:6180:0:d2:0:2:ffd2:f000,443
2400:6180:0:d2:0:2:9461:0,443
2400:6180:0:d2:0:2:cd13:a000,443
2a0e:97c0:7d4:ddf9::a,443
2a09:bac5:47ea:26fa::3e2:43,443
240d:c000:f020:1b00:3e26:6916:f460:0,8443
2400:6180:0:d2:0:2:9461:8000,443
2400:6180:0:d2:0:2:cd14:c000,443
2a11:8083:11:1361::a,443
2400:6180:0:d2:0:2:f199:5000,443
2400:6180:0:d2:0:2:9463:7000,443
2401:7fa0:1:1::90f2:3a5f,443
2001:19f0:4400:4a89:5400:6ff:fe53:5785,443
2400:6180:0:d2:0:2:8620:5000,443
2603:c024:4510:3f7e:0:64be:bd60:54fd,443
2400:6180:0:d2:0:2:e035:6000,8443
2400:6180:0:d2:0:2:5dbc:9000,443
2a00:5da0:1000:1::3203,443
2001:19f0:4401:127e:5400:6ff:fe17:1407,443
2a00:5da0:1000:1::25eb,8443
2a01:4ff:2f0:21d5::1,8443
2400:6180:0:d2:0:2:d7fe:9000,443
2406:da18:1c40:5800:5a7b:b1e4:8637:e787,443
2a13:8a40::28f,2096
2001:df4:c140:1f::473,443
2400:6180:0:d2:0:2:fd26:b000,443
2400:6180:0:d2:0:2:f536:0,443
2400:6180:0:d2:0:2:945e:c000,443
2405:84c0:8003:3700::,443
2400:6180:0:d2:0:3:993:e000,443
2400:6180:0:d2:0:2:c89f:9000,443
2401:c080:1400:5feb:5400:6ff:fe74:12c7,443
2a00:5da0:1000:1::343f,443
2400:6180:0:d2:0:2:cd52:a000,443
2400:6180:0:d2:0:3:a4a:0,8443
2400:6180:0:d2:0:2:7d91:8000,443
2400:6180:0:d2:0:2:e4f6:1000,443
2a01:4ff:2f0:2d89::1,443
2a00:5da0:3:3002:10:0:d7c:c4a6,443
2400:6180:0:d2:0:2:cd52:2000,443
2400:6180:0:d2:0:2:c89c:2000,443
2400:6180:0:d2:0:2:fce2:8000,443
2400:6180:0:d2:0:2:9462:3000,443
2400:6180:0:d2:0:2:d7fe:d000,443
2400:6180:0:d2:0:2:d7fe:b000,443
2001:df4:c140:1f::509,443
2401:c080:1400:4b33:5400:6ff:fe96:d7dc,443
2401:c080:1400:100e:5400:6ff:fe72:8c25,443
2400:6180:0:d2:0:2:cd52:7000,443
2400:6180:0:d2:0:2:baaa:6000,443
2a03:6f00:14:1::1731,443
2400:6180:0:d2:0:2:c89c:8000,443
2a00:5da0:1000:1::3500,443
2400:6180:0:d2:0:2:e044:d000,443
240d:c000:f020:b00:7430:c12e:b83c:1,443
2400:6180:0:d2:0:3:736:9000,443
2605:e440:16::1f0,2053
2400:6180:0:d2:0:3:191d:7000,443
2a11:840:67:1b::5a1d:8d3f,2053
2400:6180:0:d0::64:9001,443
2a00:5da0:1:201::543,443
2400:6180:0:d2:0:3:1ceb:2000,443
2603:c024:4518:847e:63fb:e161:ff5b:4487,8443
240d:c000:f020:1300:7640:b3fc:fcd8:0,443
2400:6180:0:d2:0:2:bc41:8000,443
2001:19f0:4401:f64:5400:4ff:fe18:86c7,443
2a11:8083:11:1008::a,443
2001:19f0:4401:ae6:5400:6ff:fe3b:30ea,8443
2400:6180:0:d2:0:2:7d92:2000,443
2400:6180:0:d2:0:2:cd13:e000,443
2400:6180:0:d2:0:2:bc41:9000,443
2603:c02b:303:6d88:0:ccb4:b98b:fc70,443
2400:6180:0:d2:0:2:c89f:7000,443
2400:6180:0:d2:0:2:c89c:7000,443
2a00:5da0:1000:1::3212,443
2400:6180:0:d2:0:3:115f:e000,8443
2400:6180:0:d2:0:2:d7c3:c000,443
2a04:3543:1000:2310:48ac:acff:fece:c21,443
2400:6180:0:d2:0:2:cd13:f000,443
2400:6180:0:d2:0:2:d7c3:f000,443
2001:19f0:4401:127:5400:5ff:fed5:7949,8443
2400:c980:0:2:42f:32ff:fe01:120c,443
2400:6180:0:d2:0:2:c89d:1000,443
2400:6180:0:d2:0:2:e747:b000,443
2a10:1fc0:b::584f:cb10,443
2400:6180:0:d2:0:2:945f:d000,443
2400:6180:0:d2:0:2:cd52:4000,443
2406:da10:8c1c:2f01:c0c:2c11:e84d:129,443
2603:c024:4513:ca3e:0:478d:41ea:1d55,8443
2400:6180:0:d2:0:2:baaa:5000,443
2603:c024:450a:5ecc:0:b3eb:9f1:f980,443
2400:6180:0:d2:0:2:baaa:7000,443
2400:6180:0:d2:0:2:c89b:f000,443
2401:c080:1400:512c:5400:6ff:fe81:e965,443
2603:c024:4501:b900:5120:1101:2cb5:4451,443
2400:6180:0:d2:0:2:9464:2000,443
2400:6180:0:d2:0:2:d317:4000,443
2a09:bac5:55f9:25c3::3c3:18,443
2400:6180:0:d2:0:2:9462:2000,443
2400:6180:0:d2:0:2:cd14:0,443
2400:6180:0:d2:0:2:9462:4000,443
2400:c980:0:2:44c:1cff:fe01:1259,443
2a12:bec0:16f:185::,443
2400:6180:0:d2:0:2:c5d2:9000,443
2400:6180:0:d2:0:2:9391:7000,443
2400:6180:0:d2:0:2:cd13:c000,443
2400:6180:0:d2:0:2:c821:7000,443
2400:6180:0:d2:0:2:5e57:b000,443
2400:6180:0:d2:0:2:5e57:6000,443
2400:6180:0:d2:0:2:d7fe:8000,443
2406:da18:1a:9000:2586:13e9:b4ef:d824,8443
2603:c024:4516:b000:0:e182:b454:1b5d,8443
2406:da18:cbe:fcd1:b3b2:f28b:ce73:ebea,443
2400:6180:0:d2:0:3:1a0c:d000,443
2400:6180:0:d2:0:2:d2f7:b000,443
2400:6180:0:d2:0:2:c89f:6000,443
2400:6180:0:d2:0:2:cd52:5000,443
2400:6180:0:d2:0:2:5e57:e000,443
2400:6180:0:d2:0:2:c454:1000,443
2a05:9401:0:acdc::59,443
2400:6180:0:d2:0:2:d85c:5000,443
2400:6180:0:d0::1702:d001,443
2400:6180:0:d2:0:2:d7c4:0,443
2a11:8083:11:172a::a,443
2401:c080:1400:7953:5400:4ff:feb1:d91a,443
2400:6180:0:d2:0:2:d7c3:a000,443
2400:6180:0:d2:0:2:c821:5000,443
2a03:6f00:14:1::d2f,443
2401:4520:1099::a,443
2400:6180:0:d2:0:2:c821:6000,443
2400:6180:0:d2:0:3:1828:f000,443
2400:6180:0:d2:0:2:cd13:d000,443
2400:6180:0:d2:0:2:baaa:0,443
2606:2040:2800:2f:be24:11ff:fe3c:409b,8443
2400:6180:0:d2:0:3:1cc2:4000,443
2400:6180:0:d2:0:2:cd52:3000,443
2400:6180:0:d2:0:2:5e57:a000,443
2400:6180:0:d2:0:2:d85c:7000,443
2406:da18:384:4200:e5a0:624a:d683:910b,443
2400:6180:0:d2:0:2:9460:6000,443
2400:6180:0:d2:0:2:d85c:4000,443
2400:6180:0:d2:0:2:9464:3000,443
2406:da18:d1b:3e00:64f7:3b43:3d5:f119,443
2400:6180:0:d2:0:2:db9f:f000,443
2406:da18:30a:1f02:71f1:5078:c684:c62f,443
240b:4000:15:f2ff:c9ff:ce79:13ee:7897,443
2400:6180:0:d2:0:2:cd52:9000,443
2401:4520:1212::a,443
2a0e:97c0:7d4:6481:69ee:7dcc:ecd3:9eb7,443
2001:df4:c140:1f::4ae,443
2400:6180:0:d2:0:3:1035:2000,443
2400:6180:0:d2:0:2:e4f9:7000,8443
2400:6180:0:d2:0:2:e3c5:8000,443
2400:6180:0:d2:0:2:9395:6000,443
2406:da18:1a51:f100:d000:3e9d:41a6:33d9,443
2400:6180:0:d2:0:2:baa9:e000,443
2400:6180:0:d2:0:2:c89f:1000,443
2400:6180:0:d2:0:2:c821:4000,443
2a11:8083:11:1292::a,443
2400:6180:0:d2:0:2:c89f:5000,443
2001:470:1f15:123e:8000::4,8443
2400:6180:0:d2:0:2:ffb9:2000,443
2400:6180:0:d2:0:2:cd52:8000,443
2400:6180:0:d2:0:2:6668:e000,443
2406:da18:5db:b500:18cd:7da1:a593:b9bb,443
2400:6180:0:d2:0:2:d7c4:1000,443
2401:4520:1013::a,443
2400:6180:0:d2:0:2:7d91:b000,443
2001:df4:c140:1f::4a3,443
2a11:8083:11:1150::a,443
2400:6180:0:d2:0:2:f311:c000,443
2406:da18:4d6:2200:bf6d:8e35:d66e:3ec9,443
2400:6180:0:d2:0:2:cd52:6000,443
2400:6180:0:d2:0:2:c89c:9000,443
2603:c024:451a:6900:0:43fd:5237:1dd0,443
2400:6180:0:d2:0:2:d7fe:7000,443
2406:da18:1875:9f00:28b1:3f55:b086:65d6,443
2001:49f0:d142:0:1e78::,443
2400:6180:0:d2:0:3:1ae7:2000,443
2400:6180:0:d2:0:2:7d91:a000,443
2400:6180:0:d2:0:2:5e57:8000,443
2407:3640:2353:7663::1,443
2400:6180:0:d2:0:3:9e3:a000,443
2400:6180:0:d2:0:2:5e57:f000,443
2a03:b0c0:3:f0:0:1:fa45:c000,443
2406:da18:32:9b00:4452:8bf0:196c:e61e,443
2406:da18:ad1:ba00:7092:9690:b814:bb62,443
2400:6180:0:d2:0:2:daf1:b000,443
2400:6180:0:d2:0:2:db9a:1000,443
2406:da12:4c0:a900:c0dd:1575:78bf:a4ff,443
2a0a:6a40:255:8e::2,443
2400:6180:0:d2:0:2:d7c3:8000,443
2a03:6f00:14:1::4ca,2053
2606:2040:2800:2f:be24:11ff:fe57:7bd8,443
2400:6180:0:d2:0:3:1a85:a000,443
2407:3640:2303:4860::1,443
2a0e:97c0:7d4:ddc8::a,443
2a0e:97c0:7d4:1ae2:fa0d:e85a:a38d:4cab,8443
2a01:4ff:2f0:2da4::1,443
2001:19f0:4400:7d1f:5400:5ff:fef7:9ff4,443
2400:8901::2000:d9ff:febd:1478,443
2001:df7:5300:21::228,443
2a11:8080:101::10b1,443
2001:49f0:d142:0:16b0::,443
2a01:4ff:2f0:ea0::1,443
2400:6180:0:d2:0:3:1499:3000,443
2a00:5da0:1000:1::2ad0,8443
2400:6180:0:d2:0:2:c89f:8000,443
2400:6180:0:d2:0:2:7d91:6000,443
2600:3c0c::2000:dff:fe70:d6b0,443
2406:da18:681:f300:46a5:9bf9:ff83:2a6d,443
2400:8901::2000:47ff:fe3e:f3a8,8443
2001:df4:c140:1f::4dd,443
2600:3c0c::2000:52ff:fe02:fd56,443
2a03:6f00:14:1::c20,443
2a01:4ff:2f0:35cd::1,443
2400:6180:0:d2:0:2:e335:9000,443
2606:2040:2800:2f:be24:11ff:fe9b:e25f,443
2a05:9401::701,443
2400:6180:0:d2:0:2:5e57:c000,443
2407:3640:2353:996::1,443
2400:6180:0:d2:0:2:d7c3:9000,443
2600:3c0c::2000:b5ff:feb5:9aed,8443
2400:6180:0:d2:0:2:bb8e:2000,443
2400:6180:0:d2:0:2:efc4:e000,443
2603:c026:8006:c500:0:786a:c8bd:5464,443
2406:da18:30a:1f02:57e2:6f28:976:20fd,443
2a0b:4140:d419::2,8443
2603:c030:301:bf00:0:4129:eec1:4d47,443
2406:da18:1567:9500:4f1f:67a7:7ff4:142d,443
2a01:230:4:eb5::2,2053
2400:6180:0:d2:0:2:7d91:5000,443
2607:fa98:3000::95,443
2a01:4ff:2f0:21d5::1,443
2001:df7:5300:20::180,443
2406:da19:f95:8300:be1c:8e77:ba0d:9740,443
2401:c080:1400:45e4:5400:6ff:fe71:8010,2053
2606:2040:2800:2f:be24:11ff:fead:ca57,2053
2a00:5da0:1000:1::239c,443
2001:146a:0:101c::1,8443
2606:2040:2800:2f:be24:11ff:fef7:81d,443
2001:146a:0:1111::1,443
2603:c024:451d:601:0:114b:b355:ca54,443
2407:3640:2273:6215::1,443
2406:da18:1c8c:4c00:77a0:25ed:7c1b:938,443
2407:3640:2341:6499::1,8443
2407:3640:2262:4555::1,443
2a06:f902:4001:100::5d69:d589,8443
2400:6180:0:d2:0:2:d7fe:a000,443
2a06:f902:4001:100::4256:c652,2083
2400:6180:0:d2:0:2:efbc:6000,443
2407:3640:3020:4672::1,443
2a05:9401::839,443
2406:da18:1f9c:c700:e0a8:a700:e599:6d2b,443
2603:c024:4507:ccbb:b:b:b:b,443
2a0b:4341:2e00:278:26a3:f0ff:fe45:4a89,2053
2a04:ff00:800:b2::a,443
2602:fa63:800:46::2,443
2603:c024:451f:7d00:0:b25a:ebd:c0f,443
2407:3640:2342:9013::1,8443
2400:6180:0:d2:0:2:c454:0,443
2401:2900:108::135,443
2400:6180:0:d2:0:2:c821:2000,443
2400:6180:0:d2:0:2:d85c:8000,443
2400:6180:0:d2:0:2:94c5:c000,443
2400:6180:0:d2:0:2:9460:5000,443
2a11:840:67:1b::321d:af14,443
2400:6180:0:d2:0:2:d7c3:d000,443
2401:2900:108::116,443
2603:c024:450b:c700:9742:8f2:88c5:62f7,8443
2400:8901::2000:c6ff:fe1f:be0a,443
2001:f40:906:552:2ecf:67ff:fe6a:7fbd,8443
2400:6180:0:d2:0:2:d7fe:e000,443
2400:6180:0:d2:0:3:1b0a:4000,443
2400:6180:0:d2:0:2:c51b:b000,443
2400:6180:0:d2:0:2:cd13:b000,443
2a02:c207:2330:5854::1,443
2606:2040:2800:7::2,8443
2400:6180:0:d2:0:2:f451:9000,443
2400:6180:0:d2:0:2:e5f6:8000,443
2400:6180:0:d2:0:2:c821:8000,443
2407:3640:2286:186::1,443
2606:2040:2800:2f:be24:11ff:fe00:de9e,443
2001:146a:0:1169::1,443
2a02:c6c1:e:201:0:7:0:2,443
2001:df7:5300:16::60a,443
2001:146a:0:109a::1,443
2400:6180:0:d2:0:2:9461:c000,443
2401:1fe0:1::3cc,443
2401:c080:2400:1ad2:5400:4ff:fe4c:fee7,443
2600:3c16::2000:16ff:fe4b:8eff,443
2400:8904::2000:5ff:feae:f31,443
2001:448a:2050:3a15:3647:d4ff:fed5:4a24,8443
2400:8904::2000:beff:fe4f:b704,443
2400:8904::2000:cbff:fe65:10f6,443
2602:fa08:50:4500::a,443
2400:d321:2351:7459::1,8443
2602:fa59:16:d1::1,443
2001:146a:0:10fa::1,443
2001:146a:0:10a5::1,443
2401:c080:2400:1aca:5400:5ff:fe85:c2ab,443
2407:3640:2300:3789::1,443
2001:df1:7880:100::1e6,443
2001:146a:0:1008::1,443
2407:3640:2300:2467::1,443
2402:62c0::307,443
2404:8c80:0:1007:4ec:dff6:8424:9451,8443
2404:8c80:0:1011:6f5:442d:d725:e903,443
2404:8c80:85:8001::1c2,443
2404:8c80:0:1009:17a:bcaa:4990:d26b,2053
2404:8c80:85:1084::a6,443
2a0a:6a40:255:ca::2,2053
2602:fa59:16:bc::1,443
2603:c025:9f00:6b8e:0:8f1d:e26d:935d,8443
2404:8c80:82:1085::39,443
2404:8c80:85:8001::42,8443
2602:f919:106::11f,443
2400:e920:0:7::73,443
2404:8c80:85:1067::4f,443
2001:146a:0:104b::1,443
2404:8c80:0:1011:2fe:e5ec:ba3c:e34c,443
2400:e920:0:3:250:56ff:fe94:51fd,443
2400:e920:0:a::e4,443
2400:6ea0:0:50f3::a,443
2602:fa59:16:1ca::1,443
2406:da1a:1d8d:d400:6a0:7132:5561:d45b,443
2406:da1a:4eb:4800:1421:aba7:fc3b:150c,443
2001:df4:bac0::7e48:a3b2,443
2406:da1a:130c:bc00:7df9:5674:42db:ac06,443
2406:da1a:16bf:1f00:4e69:1747:63ae:34cb,443
2001:df1:7880:100::1c9b,8443
2400:e920:0:c::40,443
2406:da1a:11df:1000:7b51:c556:c232:37e3,443
2406:da1a:c81:6500:65a:813e:8d01:b408,443
2400:6180:100:d0:0:1:81c2:5001,443
2400:6180:100:d0:0:1:81c2:3001,443
2400:6180:100:d0:0:1:81c2:8001,443
2400:6180:100:d0:0:1:7ab8:7001,443
2a10:1fc0::b8c5:2c93,8443
2404:8c80:85:1098::3c02,443
2603:c024:8005:a820:0:7fac:ee1d:44e8,2087
2603:c024:8004:aaaa:0:ea4e:342e:293f,443
2a10:1fc0:12::a376:7565,443
2400:e920:0:a::d6,443
2001:df1:7880:100::1797,2053
2400:8d60:5::1:a65c:5c07,443
2402:a7c0:3003:112:1c00:96ff:fe00:909,443
2600:3c08::2000:3ff:fe15:8fa3,443
2400:8d60:5::1:ce5d:18b2,443
2400:8d60:3::1:b8bd:1fa7,443
2400:8d60:5::1:6328:d545,443
2400:8d60:5::1:c013:300a,443
2400:8d60:5::1:2c8d:d018,443
2400:8d60:5::1:3ab0:1cc0,443
2a0f:6284:60:bdee::1,443
2a01:4240:0:2::29:837a,8443
2a01:4240::3b:15b2,8443
2a05:f480:3000:2abb:5400:6ff:fe87:8b5b,443
2001:df1:7880:100::1ccd,443
2a05:f480:3000:2228:5400:4ff:fea7:853e,443
2400:8d60:5::1:418d:d468,443
2402:a7c0:8100:a017::8bb:a,443
2402:a7c0:8100:a017::746:a,443
2404:c140:2202::55:62a9,443
2402:a7c0:8100:a017::7e8:a,8443
2402:a7c0:8100:a017::8c9:a,8443
2402:a7c0:8100:a017::7b6:a,443
2402:a7c0:8100:a017::345:a,443
2402:a7c0:8100:a017::899:a,443
2402:5fa0:1:40::ae,443
2402:a7c0:8100:a017::764:a,443
2402:5fa0:1:40::89,443
2402:a7c0:8100:a017::78d:a,443
2401:1fe0:1::9ea,443
2404:c140:2202::73:b741,443
2001:df1:7880:100::14a4,8443
240e:36f:1567:9d1::a8f,8443
2605:52c0:2:1c51:be24:11ff:febb:ba04,2053
2401:c080:3000:4427:5400:6ff:fe73:cc45,443
2401:c080:3000:4769:5400:6ff:fe7d:a9a,443
2401:c080:3000:27de:5400:4ff:fea5:fb91,8443
2401:c080:3000:22a5:5400:4ff:fe7d:54d9,443
2401:c080:3400:2ff5:5400:6ff:fe9a:eb78,443
2402:a7c0:3003:113:1c00:b6ff:fe00:b37,443
2402:a7c0:3003:111:1c00:a3ff:fe00:863,8443
2402:a7c0:3003:113:1c00:27ff:fe00:ac9,443
2a09:bac5:3b4a:16b4::243:8f,443
2a12:bec0:68f:2c4::,8443
2606:2040:2800:2f:be24:11ff:fe70:891d,443
2401:a660:1001:e55::975,443
2407:cdc0:d010:24b7::,443
2a0d:6c2:24:a4d::,443
2a13:7c00:6:111:f816:3eff:fed7:2b8d,2083
2a12:bec4:1481:15e::2,443
